v 0.04483934631815106 0.6628700319934213 0.08976154857255915
v 0.03908818668590363 0.649329721772529 0.09920057803375153
v 0.05028430164746198 0.6444030697228422 0.09106972223047166
v 0.05624514958076423 0.6535138709941106 0.08032477114067142
v 0.04633024161754812 0.6358471609441834 0.09828891297608469
v 0.03625815595255478 0.6381104895399039 0.10475569741481798
v 0.05733972386013699 0.6365705907458528 0.08203960010326414
v 0.06286240643541423 0.6414040429889576 0.07099628523973472
v 0.06384606991392298 0.5987354567155739 0.07739145061401483
v 0.06830969948683603 0.5925536340919859 0.0687295840998322
v 0.06796776782931603 0.6050433536615719 0.06840503998543346
v 0.06227194901252196 0.6080795758278317 0.07668387725343327
v 0.06358334111515045 0.5722403104496908 0.0789337186165691
v 0.057555147086857085 0.5646844158811675 0.08860778972472842
v 0.059753843455561735 0.5540492003258732 0.08041191650465508
v 0.06446287532044448 0.5611925708719838 0.06965097834736593
v 0.024377488587565433 0.581921428130093 0.1089796087713226
v 0.02992837505384372 0.5753712898169898 0.10906901499771213
v 0.03383760068288062 0.5819640211026121 0.10699157042313903
v 0.027690090428969093 0.5876910942165552 0.10680238856244256
v 0.01531031166589947 0.5926609938220331 0.113450812341974
v 0.016448441549155077 0.597531712748993 0.10919893897541687
v 0.011599945559265856 0.6021849291752879 0.11362090685858492
v 0.011310368660697168 0.5968294507657098 0.11901933829533225
v 0.019046497573898803 0.5765354031205941 0.11015456893574657
v 0.024847167482532444 0.569784479697999 0.10980102345835269
v 0.019853356067820963 0.5877999928196276 0.10974957024403932
v 0.017743138800094538 0.5836752522298543 0.11264255777409
v 0.014911538728446833 0.5795000127438306 0.12416259586063987
v 0.01628350513313936 0.5839268944902172 0.12182435700063515
v 0.012901209626994495 0.5862649231065049 0.12830330481272634
v 0.011760536140965406 0.5806929871528577 0.1287314176518338
v 0.017723210280016118 0.5770310514277512 0.11496247591873651
v 0.018173916899616966 0.5805009511054894 0.11729928230644843
v 0.015805571654699965 0.5771415053955385 0.12024423699194188
v 0.014421509310317219 0.5743497487519778 0.11742072406954585
v 0.014530829223583867 0.5886612061581451 0.11710515554660436
v 0.0116726983255657 0.5919307932362208 0.12368300607012751
v 0.0077155761602582685 0.5945487057001557 0.13032784800898656
v 0.008684147249734571 0.5871489170966238 0.13521957092722559
v 0.040800418106197424 0.5609799145439933 0.10499259690205966
v 0.03573867312609495 0.5684565460367453 0.10794623402197143
v 0.03053348826317186 0.5635582259827163 0.10906535312130888
v 0.03531437677883841 0.5576693137969475 0.10708493697831582
v 0.015520705549556946 0.5708242855675538 0.11454643074252045
v 0.01918474392823263 0.555067178655712 0.11747854291065934
v 0.01946982885495694 0.5590170755094928 0.11691827481016198
v 0.013474327419886375 0.5605021600035689 0.12076650808322174
v 0.013814582262837875 0.5567708503841319 0.12112993691008873
v 0.045855056306362524 0.5454334694358298 0.09815715237453917
v 0.039972812851649726 0.5449831401748779 0.10283370072571917
v 0.04035669754656352 0.5377839003598139 0.10135968630927814
v 0.045671170992477444 0.5366955130098682 0.09559651981544198
v 0.03803106621337544 0.531843735362159 0.10144447260464823
v 0.04416789828137178 0.5283547691741586 0.09400739180527617
v 0.03486472736494634 0.5141246038005941 0.09684568730538207
v 0.03969098923905601 0.5204542691935905 0.09510580950974554
v 0.03399937483708638 0.5263384266500234 0.10294304402454589
v 0.028598793667063346 0.5216816260042354 0.10687429092963956
v 0.016842300647872507 0.5273732705245935 0.11497897868173805
v 0.01103712527635567 0.5264310970101811 0.11805230036831797
v 0.015631151218670643 0.5140697028562838 0.11777132584277217
v 0.021912789439260706 0.5171123974035252 0.11291544795355724
v 0.01865435618448389 0.548399770225848 0.11407509409020666
v 0.022522275809287715 0.5480506864349473 0.11127438267210149
v 0.022919364177882037 0.5499322251666318 0.1133085234286847
v 0.018903928852839556 0.5514480658149887 0.1164802088454741
v 0.02611200311646586 0.5476476063437485 0.10919174235607215
v 0.027735208557869758 0.5473439422698636 0.10843253721154279
v 0.027586215467744125 0.5488354002564868 0.10955179040816408
v 0.026035327344458428 0.5484051900145686 0.10970842273920536
v 0.02413176486861287 0.5480682593686715 0.11034963593276621
v 0.023029722239014238 0.5462161547488323 0.1110081264884568
v 0.025196520002911275 0.54689414567358 0.10976751399961299
v 0.019556524650761176 0.5457761633946513 0.11397627952599719
v 0.007220472492678684 0.5448068998721789 0.12242738337976339
v 0.010957664857263086 0.5449473368286654 0.12092499788608037
v 0.009550549118140636 0.5491486598272228 0.1193376904795287
v 0.006383763443325084 0.5493444343646143 0.12052282434737499
v 0.0260096435800914 0.5508460147598607 0.11116405289158526
v 0.028451613223665347 0.5524962888158316 0.11038583779739061
v 0.024855530993761435 0.5556898798968912 0.11334113979704159
v 0.023614449241976906 0.5527454143724208 0.11338036944052138
v 0.03112823482884083 0.5544811695795617 0.10939366057145224
v 0.02980863893956747 0.5500177875066332 0.10853886270337058
v 0.03292684656898647 0.550767886716105 0.1074002746775514
v 0.02707775383865882 0.5455989208751111 0.10856881760413001
v 0.029737972081433712 0.5437977060382688 0.10707577745928067
v 0.030432086529408812 0.5466269820910548 0.10777105074415705
v 0.027613906344632514 0.5406833636789798 0.10800493617228733
v 0.02465494038773912 0.543855532106382 0.10993613328623941
v 0.021209083412981073 0.5423914456898202 0.11302255290233111
v 0.016870639951420432 0.5412038619086383 0.11706520678477655
v 0.019088760277995186 0.536088695811674 0.11446364922004149
v 0.02393607092564983 0.5380627223249312 0.110797782130159
v 0.026787856466073245 0.5595206915265489 0.11160038324020208
v 0.034563421833688664 0.545807833329412 0.10568176241764683
v 0.03805838804264973 0.5520601722523837 0.10469244300269474
v 0.03431594342563674 0.5409241682604743 0.10511911375238119
v 0.03215100422894058 0.536429039434277 0.10554559155588039
v 0.028027895309600502 0.5326631323165526 0.10771313693453866
v 0.022662220696828293 0.5296619413835206 0.11139388710102908
v 0.018159867150478994 0.5035977395752106 0.1075621915544104
v 0.026194201839678664 0.5081552394820255 0.10288499112965328
v 0.03440992579853348 0.6299934495197947 0.10403240552195425
v 0.04293288945048332 0.6287622105919755 0.100825822268982
v 0.04361546484737239 0.6200846182328901 0.09759294251255245
v 0.045309891181201725 0.6224929229811477 0.096861628112081
v 0.04016044426615989 0.6243938596206211 0.1000657595792027
v 0.03970117740123492 0.6211985621626176 0.10014375108532401
v 0.056508694921154824 0.610719858027265 0.08225804250788585
v 0.05187913047600805 0.6131329002048036 0.08690582115429736
v 0.05222807645029126 0.6090851141474023 0.08602359373101491
v 0.05818218868838857 0.6039809444628362 0.08261341474022046
v 0.04497215639926076 0.6025019453355079 0.09438307763662897
v 0.049132096616363787 0.603319187099627 0.09074718777118827
v 0.045463954101264074 0.6102700646002376 0.09268574161214396
v 0.04265558225704321 0.6097251038735115 0.09549603718705914
v 0.03894393744676692 0.6095792821794025 0.0975693950151978
v 0.034689943583103316 0.6098364587715119 0.09882147533941785
v 0.03505588838392384 0.6043742051918313 0.09914023114329475
v 0.04007885853203545 0.603106976010469 0.09730823557405849
v 0.033580998591067036 0.6254231859584954 0.10142046764723368
v 0.026427228105691734 0.6247364331679173 0.10139928534049901
v 0.027811441006732614 0.6215811273786495 0.10088143137526331
v 0.03400902554715641 0.6220082283708226 0.10163271354231741
v 0.017745922378700766 0.6143702851477837 0.09685982516581594
v 0.018890709055914383 0.6169979719739278 0.09755117413970855
v 0.015516931859512886 0.6185545242674529 0.09892632566501346
v 0.01464226325263305 0.613975383760145 0.09849509879783762
v 0.016912854516128815 0.6109933564876031 0.09885614365756089
v 0.019005297113351034 0.6127754629411261 0.09741382543853419
v 0.03604877934423475 0.6846029931270418 0.08490323152569114
v 0.031578365470241225 0.6681824534984153 0.09699000625555673
v 0.051990383291922425 0.6749487166816304 0.07483541037282353
v 0.0620528605138666 0.6625843946198003 0.06591312659230993
v 0.06904083034388153 0.6466782739563903 0.057926741597418355
v 0.05290631007731585 0.5486480210371545 0.09037835882288085
v 0.05385053717060901 0.5388478461799706 0.08545015577981993
v 0.06114392904269219 0.5441793099144712 0.07247611564856939
v 0.05924113796064695 0.5332541048266672 0.06904839429391589
v 0.051753191574203446 0.5281838642019681 0.08320535587496963
v 0.03843413909699777 0.5093664517534653 0.08362405112573507
v 0.046702958291654724 0.5178444570127503 0.08267390061514077
v 0.0543866497370215 0.522429249188384 0.06509157017080056
v 0.061496711237738706 0.5326287010071497 0.04787893412286994
v 0.06438858855367842 0.5411773862723754 0.05472673226620384
v 0.06499973932448026 0.5461441646653611 0.03341817843647718
v 0.05736313151601241 0.5237834361292515 0.03788928849380273
v 0.06251692729526184 0.5437040480642172 0.024993693137749348
v 0.04174157799728483 0.49067276040354163 0.045956378717526086
v 0.043205027621196976 0.4802603975732371 0.042919668645439384
v 0.05437854287141774 0.48592719711200827 0.028731587858473524
v 0.053817968115516625 0.49606409930126005 0.03172902195530346
v 0.0657069905362619 0.5504879681277407 0.06115737379320733
v 0.06960221418276631 0.6148539812620976 0.05897126166833295
v 0.065233670837389 0.6163566748383817 0.07016925062678783
v 0.07204922401355995 0.6007426246613264 0.057248321044478225
v 0.07208329706965876 0.6711959782235618 0.0319110042811915
v 0.06824947344625891 0.668961641246801 0.05006176584363318
v 0.07426725756223006 0.6521813057680449 0.045364051662639904
v 0.0783266752547093 0.6562627751799004 0.0290882471697643
v 0.043941378359239155 0.7060236731515459 0.03529777668047856
v 0.042453234572402736 0.6976351837321778 0.062410742231766236
v 0.05598751646674222 0.6860741705313234 0.05682754956522331
v 0.05863435404747351 0.691925042221228 0.034738016439668895
v 0.08005681595922869 0.6559140137030145 0.01503473125043957
v 0.0808035073800996 0.653956947915806 -0.003416220961264246
v 0.07609255362821814 0.6683526711411744 -0.01223891282216371
v 0.07406864694729809 0.6729281499349558 0.009750178808502933
v 0.06398064818768429 0.6866207162316045 -0.021487345780477788
v 0.062080691004735365 0.6924672942768829 0.005268700588120252
v 0.060679253109039946 0.5296293471872072 0.016478780918141003
v 0.061515267971300136 0.5475636864825113 0.012140606811503047
v 0.05319718829435816 0.508712937421488 0.03615142838297811
v 0.05962242420770538 0.5145164666751583 0.018279101893222405
v 0.04555290236417056 0.7006641418387836 -0.028321355731401727
v 0.04402056618066905 0.7081363558144499 0.003148631415602598
v 0.06959338533139607 0.6239882081292667 -0.047971149049816086
v 0.07225886254107633 0.6431551204208443 -0.04241506121662957
v 0.07883682103285442 0.6328621601425575 -0.025194932680859553
v 0.07591064532654503 0.616320104280593 -0.03259340378732124
v 0.05829069784850348 0.6316037187558623 -0.06404625741308795
v 0.06241847216630259 0.6537556597776077 -0.05831779525811423
v 0.05714214780927493 0.568465563581019 -0.04171165335479203
v 0.0493451914368473 0.5537307003977652 -0.032458075172627825
v 0.0414374066467176 0.5537644762353084 -0.04551368470440677
v 0.047630321511128046 0.5689025090245847 -0.056265490350541535
v 0.05334915700984215 0.6313472170736177 0.09123803791464995
v 0.04907993669523446 0.6259948466246587 0.09589689109787417
v 0.0529498579018342 0.6221739588049309 0.09045685778871139
v 0.05728386016246761 0.6251753224482974 0.08437008798712911
v 0.06170655193124933 0.6272538402241891 0.07492427909799722
v 0.06683141331520608 0.6286746214905057 0.06368871843134517
v 0.07608818871461577 0.6374710376128145 0.040245249951880696
v 0.07944166790862811 0.6430294594152235 0.025900698715854622
v 0.0819364117303638 0.6407502828922791 0.0008977607411595116
v 0.08123608070903084 0.6427492613042749 0.015009278006259041
v 0.0803504835664102 0.6209843863602011 -0.015716520774835294
v 0.07843624745614272 0.6106379030229449 -0.020497414707580246
v 0.061167307361913184 0.5559606557960391 -0.004607615689830711
v 0.058066124420581004 0.5354550729416473 -0.00098689059213738
v 0.051578610935513414 0.5381139752549425 -0.015443817275118833
v 0.05546976911013044 0.5551928110290916 -0.019573003132389105
v 0.03644983898326034 0.5380053699681372 -0.036670730759479866
v 0.04423219554881564 0.5388803458561544 -0.02690082454455485
v 0.056960574579699656 0.5052596599433459 -0.00047061872335982637
v 0.057240583289646596 0.49343275052884195 -0.0036343311111975483
v 0.05215238360627008 0.49698515437814134 -0.019412422112558482
v 0.05105592813854921 0.5075767458955962 -0.015401673548222597
v 0.04392343893539883 0.4969581710387606 -0.031784856366073505
v 0.03375013652743777 0.4968277426802563 -0.04031780313354925
v 0.03381567407310448 0.5093390601431065 -0.037231090089198816
v 0.04268479963163147 0.5096913665727953 -0.027862200029501995
v 0.019546481629018814 0.47263299362963496 0.05954488963648004
v 0.02020308942444642 0.46398998958402604 0.055780698697445695
v 0.032584498418494104 0.46687295119555483 0.04972172844457932
v 0.03036246712316653 0.4760454032609596 0.052573725251303986
v 0.0583323731904324 0.4844391977286949 -0.00832260171856332
v 0.053793982318999796 0.4892944314606278 -0.024151658278841585
v 0.06243604339023378 0.5690442434642503 -0.025391456672240235
v 0.06639117014932454 0.5711337415752538 -0.01447302229646729
v 0.046289842287356296 0.4886740911222916 -0.03696625507590818
v 0.042842788697153404 0.5230530076941486 -0.025294317417800707
v 0.05076096926410236 0.5208840398882355 -0.014135051953546557
v 0.026911924863544323 0.5386460470989316 -0.04508471074246278
v 0.03161006751966573 0.5525804540070818 -0.055595474906732216
v 0.021912894401706625 0.5927063173727138 0.10699028661197536
v 0.0249351462837618 0.607455218163905 0.0997274579272572
v 0.025602007766436816 0.6112304665634432 0.09892726856708486
v 0.02170326898497972 0.612030694266839 0.09823252882864403
v 0.02047980266135009 0.60901511435867 0.09931355129332202
v 0.012896700931897232 0.6505350707339868 0.10928375153021444
v 0.011746797487651837 0.6330079121732657 0.11116785757509365
v 0.024582312303751682 0.637226481754814 0.10959373625106102
v 0.026112623944801436 0.6512349130863029 0.10554011418155855
v 0.0526973970545062 0.5779967585289749 0.09661941435753058
v 0.043276173080207515 0.5843333167905445 0.10242570508570535
v 0.04042618798503655 0.5753464568979697 0.10576632060181967
v 0.04664405448028291 0.5674688464290913 0.10181131523691006
v 0.04911248947142866 0.6146582521702644 0.09000710530526555
v 0.050698438454784965 0.6168932042195979 0.08971613293966983
v 0.04811343245676628 0.6167195229409308 0.09228794852377291
v 0.04354944675063423 0.5538158113248993 0.1017505225714705
v 0.05044683009709445 0.5581422977157124 0.09630743251676951
v 0.07123593885881459 0.5859211130236134 0.058169258574683434
v 0.05973343146416823 0.6174590278554506 0.07895893482394402
v 0.02228354977225661 0.7164784741151199 0.037523564076537876
v 0.022067555375240033 0.7061684114040074 0.06887313177487137
v 0.02427806612404888 0.7114235789063728 -0.031491398366368786
v 0.02353371690893905 0.7180393414187435 0.0020958593757059397
v 0.04407237012259822 0.6612631810961815 -0.0698023903990008
v 0.041095546713418675 0.6387547449161189 -0.07655213068100918
v 0.022474047870658976 0.6404985381896285 -0.08427458637786311
v 0.021202490728138897 0.6697422354234364 -0.07499957528672793
v 0.0353402513503091 0.568733387369089 -0.06742926729550056
v 0.02323849318470591 0.4963121144502612 -0.045281612513318005
v 0.022921841277687035 0.5103107259888278 -0.04309039923631503
v 0.020495663698392542 0.6882406453881209 0.08903586755844779
v 0.016400620749300942 0.6690210154015707 0.10212189563619536
v 0.07173282940319713 0.6326161681547982 0.051115968386523124
v 0.06342854908649159 0.5898931311156215 0.08158434806498077
v 0.05860891739721429 0.5977190384985481 0.0859244850447036
v 0.056225362811803854 0.5938268055324456 0.09060984194460706
v 0.060760770005978015 0.5834182739636702 0.08703496160893483
v 0.06636867695316236 0.5806640129915059 0.07306371559959027
v 0.06805129143718136 0.5718382191128291 0.06132237135689789
v 0.06976991308375398 0.5631117583913454 0.047710320486877754
v 0.06746702383785888 0.5520282206128828 0.04039912329778031
v 0.07989733491971009 0.6468893235809656 -0.017999330779774697
v 0.07375847019278345 0.6593868423967224 -0.0319277197736645
v 0.06257072322294403 0.6731696560490201 -0.043969564666366305
v 0.04620436601585568 0.685073958018705 -0.05309217252264661
v 0.08118823351171003 0.6365042348422688 -0.011755642086548756
v 0.02348294644913178 0.6922449044140759 -0.05791962094183966
v 0.012736891644207429 0.5650119370946949 0.11943171769420487
v 0.019723476141152593 0.5646534373564958 0.11439144986752758
v 0.011038791814894425 0.5692181627306612 0.11897699761070131
v 0.01217551268802457 0.5402924416468446 0.12016179062599207
v 0.007939463759643706 0.5398581967755569 0.12181760627523987
v 0.008759826468758074 0.5342415290644962 0.11877079864256151
v 0.013726808625568526 0.5348827839875925 0.11726608749119771
v 0.018592586350731785 0.49864014542264 0.09215677278321181
v 0.02825171839208429 0.5029904894576414 0.08760541992948538
v 0.01933529379428158 0.4810561912186452 0.06438281251198269
v 0.029321355845497978 0.4849592239363228 0.05673595404594563
v 0.0107707386222352 0.5781104927995926 0.12278347400491343
v 0.00908482735787961 0.5784148764758479 0.123135808661733
v 0.008876412568405557 0.5772455257956144 0.1209764009567614
v 0.011012288317721107 0.5772134236570077 0.12065439204945928
v 0.024639353435669954 0.5492623631461546 0.11131302706086664
v 0.008952389424974094 0.5569456541815088 0.12336429001683566
v 0.005805970398866897 0.556706792828348 0.12401131301385263
v 0.006068570937881015 0.5530290734970253 0.12262997636630187
v 0.009254779448517512 0.5531472350842469 0.12194544179034383
v 0.04453326705447151 0.5101244936830566 0.06183895711169083
v 0.04175166261883539 0.5009767049581428 0.0514024547715768
v 0.05823633628588832 0.4884637653049558 0.01418803968280798
v 0.05867349622182456 0.5006417262073727 0.016625267011063653
v 0.057301814647852826 0.5187608473912992 0.0007097533574148605
v 0.03391956957440971 0.5248088508433018 -0.03533614246814927
v 0.024687247516961577 0.5240160754464247 -0.0427186054469364
v 0.0006685473534607739 0.5265711117419564 -0.049434021505010556
v 0.0009143598345087184 0.5390112300756914 -0.054688260068829125
v 0.01407743789419466 0.5388879542732417 -0.05124898787331461
v 0.012456304608459558 0.5258729724114586 -0.047749954849838905
v 0.030167733008743272 0.4990386009234109 0.072800447503609
v 0.01970632906938597 0.4945321623788459 0.07877944703287187
v 0.019916915291444605 0.4892096156301783 0.07001643701571342
v 0.02970514824363734 0.49359157918449875 0.06275607282932147
v 0.005335020986667919 0.5751584334429087 0.12432697185441006
v 0.004001313228086638 0.5742058941110365 0.12604227617239203
v 0.004543085443367287 0.5718515862627522 0.12327006984814486
v 0.006319816391066255 0.573964162785918 0.12237492938403195
v 0.011872919026414075 0.5752136938269286 0.11888664057365513
v 0.009584126816129374 0.5741430352637275 0.11915594018933566
v 0.01004049869121725 0.5722046704039652 0.11904871412336937
v 0.012290157178873492 0.578000349304183 0.12344522433183143
v 0.012768870240866044 0.5766264451400498 0.12067770886412087
v 0.007415155204410888 0.5790503054934898 0.1282830890015029
v 0.010331998124154598 0.5787631608520007 0.1265636911965645
v 0.0075455447283136025 0.5793340303232002 0.13332388776394194
v 0.0069025363852571915 0.5761794314187175 0.12274647746761325
v 0.007499820971113429 0.574881508609113 0.1211669357110228
v 0.01071830934439285 0.5761506002817042 0.11939003937052901
v 0.009034188310067515 0.5757736829126243 0.11965674978861253
v 0.007689158009774532 0.5789141744607915 0.1261375189641067
v 0.009592487984256904 0.5785741519350069 0.12481554499599225
v 0.007236859088885855 0.6005818058838737 0.12456840102855227
v 0.0010942636444827426 0.6017142308080821 0.12710673513949636
v 0.0011367101642535532 0.5951897331618097 0.13309223644790244
v 0.0012574133888246764 0.5874570146841446 0.13824365355084278
v 0.001230754285636835 0.5792101952468387 0.13658357808323243
v 0.011061361774423278 0.48694580673489096 0.07358526939940893
v 0.010565202971534089 0.47900781550157395 0.06818938927368554
v -9.51237040461238e-05 0.6680745669797565 0.10368513260639162
v 0.0001479349915720197 0.6486076631802085 0.1098836675147965
v 0.025366685315989273 0.5480005293790162 0.10964709599328232
v 0.025514858813117918 0.6287769206498941 0.10427789987549324
v 0.05010892643969351 0.5923212998153649 0.09620216166748348
v 0.029119480185804146 0.5937464067476017 0.10381059906620152
v 0.035647269778103695 0.5894148763496175 0.1036256381234757
v 0.035531971821011074 0.5971279039221282 0.10080839664458766
v 0.029522497939391962 0.5999508961676859 0.1012722613372106
v 0.016499337525059866 0.6258261906138032 0.10459215698977503
v 0.007870365363707249 0.6222936160021801 0.11007333636295867
v 0.011430104182207707 0.6202615349511496 0.10344218649170267
v 0.010802899528306053 0.6135602497048317 0.10329333955194955
v 0.008010000256870414 0.6131843143990641 0.1116854737116722
v 0.012244375667769215 0.6061367572694071 0.10789934256797665
v 0.01380901630521555 0.6084462563579025 0.10205588166969651
v 0.046216574302645315 0.6185895467077314 0.09484060922522092
v 0.04858261863745657 0.6200742541075857 0.09341067385651303
v 0.017317625962007005 0.6014388776854487 0.10498189472346944
v 0.022994839632219412 0.5975080687201545 0.10374873496000146
v 0.02381773071832762 0.6024778610655734 0.1011714889272787
v 0.018500114804334444 0.6050220858611222 0.10121565123699933
v 0.042364978233076625 0.5942752592527634 0.09938593716546112
v 0.05501100662059283 0.6169950775087604 0.08566807879411564
v 0.051515266181670565 0.6056147428489747 0.08769041034953481
v 0.06907747121970291 0.5781111167751403 -0.005927932116799517
v 0.0649972634270686 0.5672313720542035 0.0009509147213409392
v 0.07263423883857555 0.5575633676023211 0.02148690717016112
v 0.07011556870258173 0.5539039641866885 0.024163809680312225
v 0.06508657028314026 0.5565134114649553 0.019581576384457376
v 0.07031871730233388 0.559720405821202 0.01654066562504082
v 0.08086428023118826 0.6111125055107653 0.0019236395461393902
v 0.08086236141126743 0.6182283209570472 -0.0016071060148838585
v 0.08091950881723496 0.6195569952899608 0.005578356628884263
v 0.08025914213437328 0.6121714380342468 0.004645920882924023
v 0.08009966830887726 0.615531767817476 0.010690191236726067
v 0.07995583544228198 0.6184896649282701 0.013289604807539898
v 0.07913193873196496 0.6106978313592135 0.014459585503940237
v 0.07940209355216775 0.6109991577175938 0.011125285402047647
v 0.0808214538899237 0.6300688726460366 0.014158104377708694
v 0.07879975332790347 0.6278750505972526 0.02413828875078824
v 0.07752185374391996 0.6161146324977292 0.020951246500007358
v 0.07278627649917904 0.6135794348410994 0.043957731444237
v 0.07353911687595611 0.6017229767956589 0.032142611639052514
v 0.07492655660980758 0.6104240790962054 0.02700197122855161
v 0.07555421730912387 0.6227677079631355 0.0343581129380697
v 0.07074229614559319 0.5589109195223769 0.02864553134741581
v 0.07068738882530716 0.5664820332338691 0.03216277794171064
v 0.06385983588390771 0.5597296490548143 0.010707315961325101
v 0.004198833593549486 0.6493524096727461 -0.08786716801943573
v 0.0032121027166581067 0.6773537855735382 -0.07805080833978523
v 0.0674047574110029 0.6047368624268604 -0.05030012906269605
v 0.05509434185324139 0.6093377608259538 -0.0650837312564657
v 0.07263519316545253 0.6005883636155573 -0.034683350938445934
v 0.07502667490733156 0.5982211086031095 -0.021209761020003895
v 0.04084513882389198 0.6146546227026906 -0.07771377173188208
v 0.024856211303598597 0.6158174583997673 -0.08618634035136559
v 0.07374619362669173 0.5956246704133983 0.04522032288823021
v 0.07267101666588399 0.5898439806693556 0.033919820794382695
v 0.061926213420871956 0.5859032339850963 -0.04761484318365328
v 0.051048256698994036 0.588553493514812 -0.062404056428122176
v 0.06824102462561299 0.5846161822189582 -0.031977408490395126
v 0.07152773538328512 0.5851962561200994 -0.019497015757659036
v 0.03821959286284359 0.5921850885102113 -0.07510114398142208
v 0.01831024786329758 0.5692315134923307 -0.0740617077502269
v 0.019748520601854613 0.5902499092267545 -0.08260651926359541
v 0.07390500262952598 0.5686326810420359 0.020706109271938757
v 0.07234991794068268 0.5673524749636725 0.02528173729426482
v 0.07187595325239995 0.5611955798449524 0.023954937141295197
v 0.07523115890837244 0.5630069234625141 0.022345414781705063
v 0.0725615443714187 0.5801905693294318 0.04558629392322772
v 0.07237449072386483 0.5777969429962914 0.033485436183958404
v 0.00765025639765933 0.6066639839242788 0.11895095536667903
v 0.001175994171496623 0.6152155490133286 0.11609789699355305
v 0.0012839323786195632 0.6083721557366388 0.12155592262010755
v 0.0010873478084047334 0.623252602074903 0.11237405634125673
v 0.0002653038662542027 0.7217978244321549 0.00566045825532737
v -0.00010325821737050666 0.7201023228581375 0.039562045341818064
v 0.0004407677269648467 0.7010801235171898 -0.057525198122070444
v 0.0002353367019949915 0.7159818491785619 -0.027999718246131348
v 0.006245511939481344 0.5262307014399998 0.119881199476733
v 0.008903836383310966 0.5126767112956208 0.12040211173721724
v 0.007860676393032931 0.5649839897181802 0.12211336974826706
v 0.00485976816243394 0.5642895846878326 0.12272301173623777
v 0.005417700339531886 0.5604043478390903 0.12364991099183996
v 0.008533842455990592 0.5609591805283117 0.12301873710617588
v 0.01985479601897871 0.6223091356984285 0.10021628270000098
v 0.017016721035311773 0.5520662102466934 -0.06268010922592665
v 0.011193111412389642 0.5111286834325378 -0.046375619407846284
v 0.011397841208693313 0.496971097131545 -0.048402692743402406
v 0.035855002952259574 0.4868747992508924 -0.04582040101782958
v 0.024447581939858343 0.48529269353628046 -0.05116353258011386
v 0.004443944207364085 0.5681500163221082 0.12254694148086558
v 0.007165655334059962 0.5687504381825548 0.12157609016907144
v 0.006902831336290081 0.5781649696816529 0.12468496937494696
v 0.01379702351588961 0.5527381647137055 0.11988033473290835
v 0.006956515680749493 0.5716251045525017 0.12124614352422557
v 0.007651922835197186 0.573704592256021 0.12089835612902933
v 0.0025065566466662454 0.5712744836481862 0.12392097964963925
v 0.002848448114829232 0.5677654248285422 0.12266179927959801
v 0.029875417047346718 0.6059091415238435 0.09992977312634131
v 0.03014158021123238 0.6104970693076008 0.09923357140810658
v 0.0047461694373440505 0.5761837081246678 0.12967310936190826
v 0.005478635588151922 0.577168408405216 0.1269550027494796
v 0.001404307355885635 0.5751134642983423 0.13041882178686678
v 0.04539137425840835 0.47043654383462913 0.03983500355701351
v 0.05532301911100108 0.4752003175601503 0.025344269658240725
v 0.003676216520870927 0.5565103968390177 0.12410541677475179
v 0.003843137897214073 0.5527680503242977 0.12285278931292952
v 0.0003964712142176997 0.7084310799333334 0.0711794526868939
v -0.0006559805594156776 0.5665007153930113 -0.0743081797457485
v -0.00010592586167955525 0.5872613103632822 -0.08340758582608734
v 0.07410195678308117 0.5945006795978567 0.02475601933151079
v 0.07574319458312102 0.5904122465654088 0.02008103149696519
v 0.0767669277897627 0.5979105009964525 0.017415694941720763
v 0.07533713345103472 0.602373473333071 0.02209617687002834
v 0.010355005852271658 0.47076023471907275 0.06320476923555554
v 0.059103918951884146 0.47932197288552475 0.008503581623088967
v 0.011709567323625391 0.48479916872781054 -0.05443151436725126
v 0.048907037531064755 0.612812905114268 0.08958271781710897
v 0.04773556584572596 0.6112857418153338 0.09068306178062914
v 0.022475915817834802 0.6197854649937167 0.09912797256713073
v 0.0034624428105404764 0.6157480577186139 -0.08585251214829308
v 0.015327450715972213 0.5452481174690234 0.11803071116680809
v 0.013705887497739832 0.5489328221906254 0.11723624979525163
v -0.00018796079209211202 0.5119213410923141 -0.047551011191995535
v 0.011001958159781009 0.4921606993952234 0.08197333788293622
v 0.0024917145706869607 0.573629609184649 0.12690556993381993
v 0.00048681293543474755 0.5514937878552255 -0.06364015635712768
v 0.07926838044197178 0.6042211448888221 0.009229793029243823
v 0.08071051086463318 0.6027615417733363 0.012410841446310014
v 0.08028442885428869 0.5994047736822106 0.012198725756798118
v 0.07895717742116454 0.5999948988131432 0.010961248383761373
v 0.08170972686912319 0.6060094983547084 0.016191638099545536
v 0.08273262864794678 0.6026270353344524 0.014600085322621206
v 0.0844694543335079 0.6055686603744195 0.013376675537020159
v 0.08347043436381514 0.6093139649163256 0.014400345366854745
v 0.07750044751738386 0.607726550174823 0.018658886284823838
v 0.07940579109834117 0.6023033955904253 0.01724217520204219
v 0.08563130019675048 0.6076136428464851 0.011460055605192617
v 0.08586789624995263 0.6104133256944463 0.012497605715385723
v 0.08339011743030977 0.6120870925291699 0.01130711560668042
v 0.07994331146423918 0.6119928667587771 0.007840525080641982
v 0.08830460958061156 0.6110770492467081 0.008952574830328014
v 0.0848667967273277 0.6132061557497916 0.006983038581857056
v 0.09109690637694962 0.6100451355605312 0.0040287815615247455
v 0.08661192496990991 0.6124278258719954 0.00181705008708772
v 0.0924273590071286 0.60684279000775 -0.0017160777317288324
v 0.08692597280472118 0.60860360648144 -0.0038793861645117314
v 0.07382644294961846 0.5745981903757722 0.025826720136033217
v 0.07446531230890746 0.5751038466662304 0.019004312040648112
v 0.09293665583323475 0.6012012785316581 -0.005184271096276579
v 0.0864216592198334 0.6019323199410174 -0.007183192389031385
v 0.09226383211207939 0.5940238255323629 -0.006816293701212077
v 0.08632816622222989 0.594044402812182 -0.008477044985947684
v 0.09071652555102033 0.5864880782864054 -0.005884002013247802
v 0.08594448045114983 0.5850747150413812 -0.007275501039917001
v 0.08920978392609849 0.5792720624452126 -0.0035907574581112095
v 0.08432093093616551 0.5777950556684448 -0.004983671472513367
v 0.08706942609260789 0.5725071815712318 0.000892622739369509
v 0.08200476759180832 0.5686713558163768 -0.0006193322018487798
v 0.08748774005249278 0.6081323841824329 0.0030644165713120787
v 0.08868312512540248 0.6047989430052472 -0.000833852395568299
v 0.07893499611822706 0.6069660303147466 0.00020158713637516285
v 0.08625154863656359 0.6092580014760587 0.007718473703513871
v 0.07880691798173306 0.5939103270896096 0.006009996431049649
v 0.07693586644321364 0.5967041596024204 0.005142146523605368
v 0.07764030179746222 0.5950723835198638 0.005784613387127211
v 0.07677247923327861 0.5935163687971745 0.003590968296345515
v 0.0754627851744684 0.5825065292795931 0.020223324839316385
v 0.07652691700704717 0.5826421160841662 0.01643650925916812
v 0.07651970503818792 0.5882620966044578 0.016572082067992752
v 0.07524589881622688 0.5782601032143388 0.015974811687156257
v 0.07413306865716589 0.5798491458448186 0.01477036174165298
v 0.07364964192833727 0.5835805388509172 0.015013479175575014
v 0.0731291151833048 0.5883470174895735 0.014646150812622926
v 0.07438133537781069 0.578270319758861 0.01258946890629595
v 0.07601951124791222 0.5764290316461333 0.013642582731118177
v 0.07341032770742864 0.5796402855782745 0.012342077472664793
v 0.07295228813215211 0.5805035794919545 0.013419499356964558
v 0.07208127038662146 0.5830229287660764 0.012548469629879868
v 0.07263179993589274 0.5866388468926829 0.009995786986526775
v 0.07433126459544949 0.5846697568290595 0.026151062958258184
v 0.07381582444072211 0.5814120035201029 0.0007302478843221988
v 0.0710654172423076 0.5722436774409365 0.004365135536097578
v 0.08401478958966246 0.5674151102433039 0.006842702332609401
v 0.08076137808279851 0.5612863946071054 0.00650477570738499
v 0.07860125614236958 0.5594433263175018 0.01989200740901169
v 0.08032874065714063 0.5571042967320368 0.014001750582658153
v 0.0777265823664038 0.6014126399310369 -0.0014862978622415287
v 0.07749814087510447 0.5949381348358441 -0.0030880231975028622
v 0.06987880372703391 0.5658642295414065 0.010919769707911968
v 0.07654364116594677 0.5882836361786776 -0.0031103147075474454
v 0.08509741561034016 0.576747615876155 0.002034804925720279
v 0.08204235687118927 0.5734623598610336 0.0060911949938547314
v 0.08728285186628398 0.5817138905247183 -0.0013407683918039677
v 0.0767308417645416 0.5730176981988049 0.015327133995805696
v 0.077858731890701 0.5666591669628973 0.01729001457639155
v 0.08124501230349843 0.5658128176737474 0.012447277169038205
v 0.07883260354983367 0.5721322965086595 0.010432335586047616
v 0.08357570159263233 0.5802248901876077 0.004151323897236934
v 0.08030521048465863 0.577794867095117 0.006553231892778107
v 0.08052789193894674 0.5831946039473148 0.004158101589587169
v 0.07736532830276054 0.5811897566062902 0.006377110846491409
v 0.07556334176314486 0.5791391459564914 0.009822118912625234
v 0.07746889853985364 0.5764940249379867 0.009950341050549151
v 0.0734634263968016 0.5839049107353087 0.006055118255341288
v 0.07680979150061587 0.5868831664341281 0.004089371223831639
v 0.0731124769006328 0.581103393882217 0.010087894638033652
v 0.08310873364867935 0.586210687498432 0.0032438714548247817
v 0.08509809763418079 0.5900218905339862 0.0023576047605834596
v 0.08299363931731021 0.5927614035850324 0.005024604039069718
v 0.08002677567386231 0.58960200697956 0.004240725971101457
v 0.08801935190291811 0.5875755060006611 -0.0037580976840449636
v 0.08764563060780625 0.5883503885691297 -0.00015810238932197928
v 0.08581782575842485 0.5838331296120394 0.0016468873230369944
v 0.08808438637955089 0.5938720607030186 -0.0013166576488706538
v 0.08857088133399904 0.5942366173815432 -0.004729533955644408
v 0.08623122113041994 0.5940841547654745 0.0013030561374932261
v 0.08471873466234707 0.5953031834723979 0.003401309301011081
v 0.08770877493421995 0.6028997142297255 0.0012516422034227793
v 0.08828857990998203 0.5988606618736125 -0.0007159712413876519
v 0.08925116488437862 0.6003117850327193 -0.0036198895568125395
v 0.08684903712571693 0.5977671427021067 0.001826901928235954
v 0.08611534251903499 0.6009692835041525 0.003025901608953235
v 0.08469610593647899 0.5992956313042694 0.003957683665095723
v 0.08548730750200251 0.5975433073021366 0.00281955003995284
v 0.08348853310987886 0.6071708780286476 0.010123790998067669
v 0.08211323885556396 0.6056384907795214 0.011936712382868015
v 0.08469186117458323 0.607164049676589 0.007257799041822009
v 0.08247947689776022 0.6079096628568686 0.008044006311730497
v 0.0831771795383446 0.6050190520699508 0.007189634811906396
v 0.081041428438359 0.6069016717657101 0.00848036058258368
v 0.08216899768574233 0.6030567281352985 0.00803951132845721
v 0.0802658565579949 0.600100911526355 0.00859888201276155
v 0.023459683255308734 0.4439654905738898 0.051397483610532306
v 0.02168699701523722 0.45422459798262593 0.05302343020708992
v 0.010211548917003436 0.4520255829626146 0.05599916704920767
v 0.010659091726862338 0.44233916396552025 0.05309615600499935
v 0.08350506511414894 0.6009884346502257 0.006176346801542349
v 0.0846067494089302 0.6032174379219742 0.004987732763279838
v 0.0862469376454679 0.6058175550394499 0.0038506835132916194
v 0.0812318128550212 0.5963413901843513 0.006568684741849627
v 0.08266566410827347 0.595483681498806 0.005789038209938266
v 0.0835912191974616 0.59714697938104 0.005166984612733745
v 0.08206651735550173 0.5985662252637954 0.0067598608111037635
v 0.0764482896782892 0.5926953669198388 0.015475425044935525
v 0.07497155404272894 0.5912084744112349 0.011993494327407704
v 0.07534898737967548 0.5888885717177911 0.008004570969067894
v 0.058102149140318395 0.43431096010927844 0.034162236362481294
v 0.07271846266882429 0.44280082879855814 0.021275955647239622
v 0.06669942208287798 0.44883120872305937 0.01836356871181567
v 0.053714413035077874 0.44188358229331476 0.03104758253472593
v 0.06863570006193988 0.4134015188934157 0.05139940352184279
v 0.0704222025511812 0.3961315358459705 0.06326833775400643
v 0.08975322824384857 0.4014247142495653 0.057023308869347186
v 0.09089609921311968 0.4227211779664734 0.03723207357155163
v 0.08838826240643097 0.3830502688539766 0.0720529954049567
v 0.07042247042016726 0.3786099321579868 0.07508819103856647
v 0.08393642447540026 0.33192625535209097 0.1056733364794111
v 0.08532617719992615 0.3480672908272079 0.09464199932846296
v 0.068392337763545 0.34669117592583 0.09807823538826313
v 0.06739012060510784 0.33084817542830997 0.10917869893134118
v 0.10729169659804942 0.2510082626727407 0.1376403433491344
v 0.09535562774151221 0.25253656880784137 0.14244196541696078
v 0.08831112282584114 0.23547534000436404 0.1417398875858821
v 0.10155275949596841 0.23152766585478213 0.13534229334217793
v 0.1508554506998905 0.35292870110171315 0.07005650448694381
v 0.15897810955762112 0.3417174370243231 0.06700612281386224
v 0.16226699181163995 0.35916199494785883 0.060455838158636664
v 0.1537715758211292 0.3709929972294669 0.06177309498670738
v 0.10705656884936697 0.4616387348444887 -0.00830501843803388
v 0.09664208080279213 0.463388621310753 -0.011465670539138427
v 0.09032535230452113 0.44867565188992287 0.00876410870475905
v 0.10147629513301848 0.4456630210115137 0.014580433262792205
v 0.1469222405017121 0.2684365071894599 0.0860454445143608
v 0.14178011494158835 0.2781561883292321 0.09575055662573216
v 0.13932529756203985 0.26509865973590374 0.10318743585385128
v 0.14366250478120457 0.2548419861819432 0.0947063829028459
v 0.1214635677487001 0.17058241772243268 0.08757849007794971
v 0.1068694858506085 0.1694344269502308 0.10303990352747218
v 0.10697733576997402 0.14892067967348405 0.10524916114471332
v 0.12193155504089487 0.14972559954389414 0.08851231119593701
v 0.1564985034822972 0.19467952157971233 0.02054748637983491
v 0.15502675634011065 0.1755991762417385 0.02054478145934627
v 0.15453191541259975 0.17618528103368644 -0.0068471422074066115
v 0.15631564594145145 0.19373014565497335 -0.00726142993722019
v 0.11241127168239767 0.331883424254573 0.09731721064115609
v 0.11494786020444088 0.3483243986343059 0.08706549833729024
v 0.10108644209150808 0.34859831145270936 0.09107996376745897
v 0.09905329573903147 0.3324857269194152 0.10170046724992661
v 0.20285276766708718 0.22013358041953843 0.021606560686168518
v 0.19804700247844081 0.24435597412283444 0.02442396305278756
v 0.18266742474088837 0.239113004987062 0.025648600293350872
v 0.18756119328506599 0.2158259019485338 0.02225657465427999
v 0.1520706911515429 0.08163576489727846 0.03782549907161667
v 0.1534056095141226 0.06430782302121875 0.04126713426085641
v 0.15405700396198596 0.06849064574953989 0.013983394341574487
v 0.15196730872701716 0.0856488993626439 0.01170657152382485
v 0.2009601058049251 0.37015080428178837 0.030010110554845877
v 0.21138088043125772 0.3798994385468513 0.01217134966195931
v 0.20699133211901305 0.3993854729656044 0.011940745926104376
v 0.19773768404616324 0.388011589685594 0.031102777458104358
v 0.1498846139152943 0.3154571082246128 0.07495215148340012
v 0.1547879266997122 0.327749160010289 0.07133960724271299
v 0.14723818570619118 0.3374946595025953 0.07597333451826434
v 0.14305225881463804 0.32320169410300736 0.08117531794824015
v 0.16398500695446797 0.22652612591860227 -0.012688161187507188
v 0.1669277030369499 0.24321624061556965 -0.01710627006580768
v 0.16636099588779596 0.2452059031360448 0.00481054211611741
v 0.16423461790491592 0.22855166985680592 0.011530050820838881
v 0.16087989041577594 0.21136417210282227 0.016653273861470613
v 0.16024929317047548 0.20989076394918865 -0.009146981662064327
v 0.13447959250331046 0.32725119289319404 0.08679594236810166
v 0.13751010380449633 0.3438638144938991 0.07886233394236544
v 0.12728444456026164 0.3466709085554137 0.08274616548974131
v 0.1242110837441353 0.32994309408543143 0.0922623674066899
v 0.07963946019959893 0.21975946065000576 0.13726910351235588
v 0.09575167631483678 0.2150289516237692 0.1286544723495255
v 0.1454822351560738 0.059179456264344885 0.06723886675345454
v 0.14518744038506268 0.07697712936891765 0.06335057568919311
v 0.13257089009903697 0.07196072286150719 0.08509790178244869
v 0.132301375724598 0.05381859763326122 0.08925192585285008
v 0.09037164138376125 0.18782426781518063 0.11422806806547522
v 0.10586605207661602 0.18759394172322075 0.10301773393145387
v 0.10692224481301102 0.20171840706552466 0.1102632209267411
v 0.09178817674173882 0.20227802610955312 0.11992352618171902
v 0.11518130030644269 0.049734176110650744 0.10786615757247307
v 0.116023538661271 0.0678751495988551 0.10348724364073555
v 0.09781210221975069 0.06521585828617435 0.11991870995647272
v 0.09729685476864666 0.04500304771400451 0.1250135400727055
v 0.08704208471335666 0.36539894263397604 0.08390155493586385
v 0.06979944161630162 0.36246991568828935 0.08675992929845477
v 0.126127279595512 0.25160576930175726 0.1224596123898425
v 0.11776763032997081 0.25067685164733144 0.13044192928511872
v 0.11358159195634873 0.23099000912591544 0.12737832798987953
v 0.12364238335141736 0.23277958929894046 0.11928483059763315
v 0.16530722375439458 0.3116270940984073 0.04733416781053147
v 0.16863504045009456 0.3221935747766971 0.04401904551534693
v 0.16811505403803126 0.3433053842744828 0.055578443617876755
v 0.16405644561870986 0.3271837852657724 0.05989413581422612
v 0.15705534842223742 0.05153523939466144 0.016315752331914055
v 0.15557807617635808 0.04731611352901671 0.04430735123607761
v 0.11596279617335414 0.030296178768667886 0.11098955154701097
v 0.09775305007290477 0.02483317234959262 0.12792329850881348
v 0.16058796808426007 0.3110035584035623 -0.028522434789141862
v 0.16198724331251987 0.3133594093285327 -0.014036208755947105
v 0.16579891250714912 0.30755736750299334 -0.01097371130518461
v 0.1655545216356882 0.30546923059779935 -0.02617385998785799
v 0.05565021816304821 0.2549820389931112 0.1469860975674201
v 0.06467777867998353 0.23282953739027654 0.14451200685042
v 0.07726762880736454 0.24684811846625745 0.14624852326324003
v 0.07062220473602807 0.26460421112482396 0.14598187418412714
v 0.12103396601025415 0.21661185751611978 0.11053315229458892
v 0.1094986289253405 0.21456621547397267 0.1195702557663282
v 0.11994611283898059 0.2042087559833198 0.10012919294402503
v 0.039453069626136844 0.2445425397473742 0.14383289393563
v 0.05012431483392279 0.21673689694722803 0.13851450078876199
v 0.051761118729815016 0.3581439474992162 0.08887758112171674
v 0.05109006605860882 0.3437078526567755 0.10065319549846208
v 0.05151035787667308 0.3743140963151437 0.07833065960112393
v 0.05063014905296293 0.3909046916081381 0.06865185216919606
v 0.031208084835974793 0.3872212382789413 0.07228848909675359
v 0.03240132362573293 0.3702555948480152 0.08114466557327032
v 0.04835990627583455 0.4068661616610644 0.0591950358448445
v 0.0295801956173897 0.4026081726970909 0.06382321374923759
v 0.04121564752399412 0.42801591636802905 0.044002972013428204
v 0.038676990244540584 0.43701871860663205 0.042065357810252876
v 0.15971045273029008 0.3154421438672459 0.06288538648188771
v 0.15480854390631715 0.3046293079399777 0.06599231053977282
v 0.13325661076875508 0.035722656636567485 0.09229322728995512
v 0.11456007420484952 0.3861679514786388 -0.10006829925124112
v 0.132414299258173 0.3913132812647825 -0.09425503341015487
v 0.12947203933301976 0.37310184131226704 -0.0990801994096852
v 0.11191651850665424 0.3670328284700244 -0.10429041966471105
v 0.11642269005672438 0.44859074407345306 0.019012058612856177
v 0.11814968585514905 0.4630509590312842 -0.006421644245437188
v 0.16244065502172894 0.3245062202863688 -0.07617376383591895
v 0.1617456221942261 0.3163009069715604 -0.07141133733070722
v 0.1602660012864173 0.3074068038499633 -0.07488147835806985
v 0.16045012909383125 0.31802062409273435 -0.08055969059951257
v 0.1576425041020023 0.31223271372392514 -0.051881903091978834
v 0.156337295450751 0.3161632468209167 -0.059946691480365674
v 0.14918373445402602 0.30875371203914354 -0.06253899272124121
v 0.14940140745891098 0.30471043090099886 -0.055090096564938656
v 0.1482341173706945 0.07218144973851286 -0.010715111171490346
v 0.1454396663123564 0.08926662449401601 -0.013447901178026765
v 0.13039946908333444 0.20719349557592642 -0.07253360044500423
v 0.13810127566656255 0.22419707483177098 -0.07166591813367129
v 0.1486968114901028 0.216858382116158 -0.053963690079923854
v 0.14267483858733462 0.19982553491239824 -0.053818669291850474
v 0.01783222513527629 0.35669572829112395 -0.10466025118495959
v 0.036268904689859875 0.36015508936099294 -0.10857969399598388
v 0.036203657948268096 0.3442783841053505 -0.11091908543921343
v 0.017451922433344962 0.3410262370545498 -0.10657420321129858
v 0.07736175199145681 0.389156237552828 -0.10605284763995472
v 0.057000044787594906 0.3815750915904018 -0.10771716222839631
v 0.05643195630244067 0.3967105917286291 -0.10351632144921
v 0.07763208123582749 0.4058848441497779 -0.10099761366402148
v 0.09554899254842393 0.37929785909437774 -0.10615134892392207
v 0.09421566408077392 0.3601460532472685 -0.10994815119338756
v 0.1608118140065391 0.22851918776889044 -0.0346588015702302
v 0.16450051916804823 0.24434731041535324 -0.036708099617030525
v 0.16699399459857472 0.26696279438423376 -0.03879913415958556
v 0.1674262644295138 0.2759921723588846 -0.038823583505201424
v 0.1691185884840466 0.2759144731509647 -0.022858723242385345
v 0.16887689642248338 0.2669224749016853 -0.022152521984906234
v 0.0874035789432407 0.4666757064766425 -0.014602913886879265
v 0.09685695809676333 0.4698733664108727 -0.035028002887001
v 0.08595978594972534 0.4729543960728671 -0.03794711605199281
v 0.05119501329861049 0.44713955504550584 -0.08173767291597625
v 0.06173727639318889 0.4525186678773476 -0.07717274698851685
v 0.06511427736077323 0.4469988179668862 -0.08134008392091899
v 0.051072030204343304 0.4405432445318505 -0.08616305447792269
v 0.04061426630206701 0.2715787685265355 -0.11458158402728148
v 0.04353844613713556 0.24884123523511256 -0.11082443795288568
v 0.02032239581089756 0.24959337268180953 -0.10838887161897945
v 0.019212395303346775 0.27087052946651013 -0.11268899125559156
v 0.1651609175370036 0.28693693133488907 -0.05123994538864835
v 0.1626501015383641 0.29173053749144917 -0.060883249758063626
v 0.16257673765741046 0.3010894690173645 -0.059354046824571405
v 0.16415111273397884 0.2954856466280869 -0.050704028592286676
v 0.16182388718057453 0.2832861014542487 -0.06263065390811305
v 0.16458415898873383 0.2783815442438648 -0.05186395569092195
v 0.1635498302234962 0.2694660138829609 -0.05257866049891213
v 0.1592454504767882 0.27446043839679446 -0.06420138884578214
v 0.14592833831196253 0.24028073373046865 -0.06977202030160762
v 0.1526279039094247 0.2550673884781815 -0.06734599861539779
v 0.15935589938857753 0.24933553386182994 -0.05289978099672241
v 0.15489663048564553 0.23333613268942963 -0.05360951678241854
v 0.02140917192246127 0.17973499071128765 -0.0933979798887398
v 0.021218812202674037 0.20254115133720113 -0.0997632736286955
v 0.041902260079843275 0.20085831311764435 -0.10146974505479238
v 0.04102254279857597 0.1772959897721257 -0.0959607430852684
v 0.1590851134815662 0.3134957579862631 0.01284422649152209
v 0.1515947115311434 0.3014995498729147 0.00764234151320051
v 0.15435227677916086 0.3069140471358732 0.025090047972524558
v 0.15970250371412978 0.31685666773984883 0.029828205251173693
v 0.15975937189367542 0.31383502687816794 -0.07607247493003017
v 0.16476647492439683 0.3181743552090719 -0.07830544982307006
v 0.16760330424911232 0.30879892676383003 -0.0784302276274194
v 0.1625652930342657 0.3055653183727649 -0.07711225830174595
v 0.1428917062628864 0.28004399528655244 -0.011560884770376393
v 0.1399601933725841 0.2623901545906516 -0.015102847421508537
v 0.14480867065266195 0.2674464071915836 0.0012549953583568516
v 0.14642680369843344 0.28616132675601746 0.004363618117318834
v 0.12936182605406055 0.4644343735188424 -0.03420302012660532
v 0.11793907636003398 0.4660059130036601 -0.03407093125111332
v 0.13061923759954536 0.46444161813667567 -0.004785205355397361
v 0.14350949492715329 0.29088113783990377 -0.035509436379773815
v 0.14204091735543176 0.2927161907706095 -0.04808479985186334
v 0.13866022604062386 0.27963910737521025 -0.05239555173198652
v 0.13725904647983758 0.2772970334657695 -0.04005371144201466
v 0.2173592896597162 0.22428253925207606 0.013695496327751291
v 0.2125486384537069 0.24896145460958993 0.01546480548264628
v 0.13942754166752075 0.2419302209423529 -0.03278392413076415
v 0.13637731679732043 0.2600786645929267 -0.030064256829952125
v 0.1366543285534952 0.26048779131941724 -0.0436941749796448
v 0.14227185575152523 0.24188594478214553 -0.04641418176990979
v 0.13806383252982418 0.18288807569933463 -0.05372701132580511
v 0.12394184594798062 0.18979558164455027 -0.07201613982585688
v 0.12146596473962694 0.07695724826121654 -0.04922746754934238
v 0.11787888254736956 0.09553179859088691 -0.05239557478356177
v 0.1332613826065513 0.09282049272541452 -0.03513938229154992
v 0.13688855069853884 0.07498779552100653 -0.032198138855336254
v 0.15104829027683997 0.05462520903636493 -0.009207896828857141
v 0.1242985672316681 0.057903359799943294 -0.04710314609723918
v 0.13975622612248312 0.05684314261250435 -0.03040945022575305
v 0.06723024578972434 0.478405736887789 -0.03432328778439777
v 0.07655323857091441 0.4755286704512831 -0.03744293950378945
v 0.0658395221022818 0.4726223870679025 -0.05482092928111522
v 0.05830462332835787 0.4773527884482179 -0.0495427181276805
v 0.17516488104973604 -0.059126920643073316 -0.01153500047782746
v 0.17927633927725 -0.06169157550180418 0.01987114156032685
v 0.18049193038847147 -0.08915229411414621 0.01462466663995962
v 0.17470433241927336 -0.08759197521084755 -0.016459041452337845
v 0.03430127361125881 0.45916700357454615 -0.07236015660359461
v 0.030294126852331318 0.4677724317431503 -0.06538450425899965
v 0.04493431720870558 0.4728481599090076 -0.059350796900638485
v 0.05119339969068544 0.465848699143235 -0.06558156825263046
v 0.17351372892827485 -0.03192289748042218 -0.008291713489143822
v 0.17669410125725152 -0.036517573478097226 0.021312952409618675
v 0.06982775911448129 0.47249930145322516 -0.01448339183795993
v 0.07914708052693255 0.46918609282338286 -0.015492517574398642
v 0.06745221474382389 0.46332059828109967 0.002574457404816546
v 0.07569473689487585 0.4582109610472736 0.0023835423417315708
v 0.06060364844395539 0.45620767009801744 0.018280363258293016
v 0.1770830981991252 -0.06979032295392085 0.04714059699207653
v 0.18087863859856382 -0.09729748281024159 0.04459328595950954
v 0.05073684553691119 0.48230367967702215 -0.04333161032648598
v 0.03921508873639224 0.47913530328359416 -0.052876142840938244
v 0.02707455541781393 0.4765808069414542 -0.05876944818538962
v 0.012955806889193774 0.47516462931935816 -0.06119128979109654
v -0.0017193040846165898 0.47455513952499434 -0.062072066371885525
v -0.0019348715976832851 0.48462842568877 -0.05544524710164704
v 0.16092183666949145 0.034874118338948684 0.01824976950418271
v 0.1560289825279163 0.03773776185092939 -0.008876962953778603
v 0.12091956136476177 -0.19215501386145173 -0.08458293281932819
v 0.12219668640092998 -0.20941478966127053 -0.07344828014408447
v 0.09092148534911194 -0.20891054966422545 -0.08244154116584768
v 0.09346573000728693 -0.19448372574782263 -0.09235400474460087
v 0.02698065138264246 -0.18154083875998522 -0.096672989958877
v 0.062278760506417695 -0.19103335357001255 -0.09668155761519402
v 0.056847967613187285 -0.2035675211418096 -0.0838233566420577
v 0.022694024231083347 -0.19420906455967402 -0.08163568680359201
v 0.03511691443117132 -0.059623302195927236 -0.11462777604656262
v 0.03549931143041795 -0.03818933587053294 -0.10817132754875275
v 0.06438397616575517 -0.03835886098432892 -0.10725969826312486
v 0.06442316092496331 -0.05960039219084165 -0.1143976574223648
v 0.14447666172163692 0.039240565159964574 -0.03107203658280393
v 0.12898477064669828 0.039739919385626266 -0.04842689782371809
v 0.15813753403248762 0.030253336335869074 0.04655263287921443
v 0.17968647641101362 -0.23475149848487314 0.056509067450229364
v 0.17628373088839522 -0.2695568785573186 0.05325845956384316
v 0.1790731774376662 -0.2636201936070587 0.013808198744478606
v 0.1847559657170177 -0.22825772623146412 0.015912803906232786
v 0.14577121017936753 -0.2571536968515525 -0.04563431610894521
v 0.11477429772630053 -0.25548851494232144 -0.06089438392939121
v 0.11888180712678494 -0.23088841151792017 -0.06636402978848435
v 0.1507149507436944 -0.2287507673989771 -0.04939245682748718
v 0.07858824295154444 0.020469825416269544 0.14336455144901583
v 0.07869473994344156 -0.0011024229265840513 0.14391226387360803
v 0.09797549664219063 0.004558006529196829 0.12902155212130073
v 0.018579673487977302 0.010336776148476112 0.16667486663151784
v 0.01744433135274197 -0.01202743786468205 0.16661958599364243
v 0.03804580626262435 -0.009250783031704485 0.16315014667339248
v 0.04006451776869366 0.013355212794172261 0.16308548772282966
v 0.024317332013714953 -0.12853202364969518 0.14302512832650174
v 0.029055427372995074 -0.10413891810918291 0.14648036404130788
v 0.012763101576157199 -0.1058172958212753 0.14927800591422
v 0.01097820182946593 -0.12886741664000456 0.14486757280552964
v 0.16845086990198793 -0.07875123811261364 0.07223619535173041
v 0.16393836640685133 -0.05456185262833044 0.07387369822660685
v 0.14656217295805143 -0.06393909151136745 0.09513085300440545
v 0.1498680436979591 -0.08737137622843766 0.09473071331840965
v 0.05045191615677118 -0.21521139005942447 -0.06896156996133652
v 0.020596778848893875 -0.2035979895581735 -0.06317921394933922
v 0.16179492878602356 -0.23729276600665877 0.09381942167649297
v 0.1602833763578613 -0.2729663463588829 0.0908286125935835
v 0.13252212483261383 -0.2751715332399248 0.11829099853358685
v 0.1341703712269179 -0.24015389727269243 0.12056110525106978
v 0.10131818374556308 -0.24163838139699756 0.13148450164356154
v 0.09882046824713343 -0.27442846634860796 0.1283884105544209
v 0.010403681877614743 -0.2026013256410415 0.09078740363918952
v 0.009643545417425464 -0.21037670412697956 0.0889997870670159
v 0.02563335529856658 -0.19566230323973482 0.11343262627131201
v 0.021802586974545488 -0.18362585987277957 0.11613736178856547
v 0.029653433338616524 -0.14714303382555233 -0.11434277980493274
v 0.061819936128448036 -0.1525421562892212 -0.11542230219598616
v 0.06227302308107218 -0.1726642160344361 -0.10778807076496054
v 0.02882525642598621 -0.16605070264614546 -0.10666360418846599
v 0.11058480646495807 0.039409901456101126 -0.06142379203951602
v 0.10628279227730987 0.05841396300760891 -0.059419869746917785
v 0.08714275222359183 0.05869033864008617 -0.06763523385848497
v 0.08431091881239686 0.07988820991954881 -0.06887293619619411
v 0.10361167117906761 0.07853573429697365 -0.06120351780011974
v 0.08738290021208808 0.20907496129523093 -0.09606107814288467
v 0.09528802524030694 0.2278988131698997 -0.09910696544690853
v 0.11461721155937742 0.21593884059283536 -0.08720760445074051
v 0.10702263274609046 0.19857459566074498 -0.08570660395966964
v 0.05646207438782919 0.3652798314395903 -0.11150684530820673
v 0.055495482525509274 0.3482758516512623 -0.11435191519990318
v 0.07930757136649878 -0.2481595193775234 -0.06682857607214054
v 0.0812771185308905 -0.2778211830935886 -0.06119294787428176
v 0.04689136241851807 -0.27186637896123195 -0.0547563825291147
v 0.037953711346583735 -0.23412302435751492 -0.05606489055643595
v 0.14117082449458912 -0.28699332661069854 -0.042658719695015855
v 0.16883315645571875 -0.25835334916135133 -0.020607214431353358
v 0.1619587205108901 -0.29044012308300005 -0.020480072202714687
v 0.1713307053077995 -0.30314045285908736 0.05142288427553574
v 0.1727716226537543 -0.2967910993229874 0.01256056601398383
v 0.1288320585163975 -0.30898452662146836 0.11543507148015068
v 0.09506302107579881 -0.3069679687932046 0.1237636521731041
v 0.014556372412509247 -0.26923148244511846 0.08726800843362713
v 0.013807658071953546 -0.29338380396855185 0.07703975739630643
v 0.03438102717364675 -0.29836947099321953 0.0990576213980033
v 0.03649183899789767 -0.2722872093851434 0.10768085675785025
v 0.06282226525560707 -0.12922040801258294 0.13015256230874858
v 0.07149488259545386 -0.15187656877093203 0.12971077702846678
v 0.10026610382173025 -0.13255103060371298 0.1232257448231091
v 0.0976869074007242 -0.11004450542234251 0.12263513656055092
v 0.041195764662845615 0.036242553328925065 0.1614966134887326
v 0.023453680613292293 0.03255990649569107 0.16493791607867095
v 0.07864358227107408 0.04202472720070878 0.14091572365116725
v 0.05947343731637938 0.03928332080674518 0.15376385439858184
v 0.05909000468628917 0.016594048779344034 0.15550472385971795
v 0.04668493361361703 0.12903594603807644 0.14970076270092914
v 0.043667746296137025 0.10648074500400925 0.15365618265459768
v 0.06506513050947052 0.10648104801315819 0.14346639184240415
v 0.06883412240540898 0.1285482391758585 0.13958867317882256
v 0.07136881917286908 0.1505729043487996 0.1340190944121761
v 0.04930649303808885 0.15145892791044557 0.14372313257584757
v 0.04944949157751461 0.19455264588615406 0.13030038683482914
v 0.07153737229445213 0.1902165946944595 0.1233108424060157
v 0.07290319984217673 0.20607876647256654 0.12967949473625634
v 0.03276725462389649 0.3541536536604656 0.09138100257982226
v 0.03271994670603974 0.3393581153944271 0.10212311380468889
v 0.17186564368717666 -0.10509394471548689 0.07204741891276642
v 0.008902335997352446 -0.24076385740342915 -0.028182309354786376
v 0.017138150531614875 -0.27166999331235475 -0.03432596793822519
v 0.0019785354052692197 -0.27634587461331117 -0.006062358398047548
v -0.00113417115808867 -0.25016429079236907 0.0031108716212060665
v 0.1733315042255051 -0.04544102114302881 0.04877496739985268
v 0.14707543941528456 0.04176105581400513 0.07027918996919778
v 0.14872090069952187 0.024100522285698894 0.07223704765515997
v 0.14888780374032964 0.19986386508874532 0.052419006032518395
v 0.14796258216207075 0.17649451376806558 0.047674212136165885
v 0.08593963115977404 0.2572679802498845 0.1448983555755712
v 0.08422986864023241 0.2704397295204196 0.14307957808291455
v 0.17505874878280914 -0.22563173305126089 -0.021715796336067
v 0.12398597809361153 -0.33997339406636407 0.11064036765624272
v 0.0910297589622198 -0.3381308108671378 0.11722873209205875
v 0.08637852710118933 -0.36822636888832905 0.10983702365513714
v 0.11851649309936395 -0.36956799681828545 0.10470945622679693
v 0.005163830320272481 -0.31588383192424274 0.041170230666079
v 0.00988704999680019 -0.34543823329457357 0.030856676024892594
v 0.017371039883087778 -0.34905774522332433 0.05604340357761115
v 0.014809430933727054 -0.3205159432998279 0.06617435885543055
v 0.014234961958915413 -0.3753827771761755 0.023176474832473225
v 0.017212236108787936 -0.4041489951336329 0.015761912846843324
v 0.020812718026908317 -0.4091264334268765 0.039380359203282554
v 0.019971238665903883 -0.3798069877592162 0.048288569301769474
v 0.15610527366616148 -0.30720014315625077 0.08925278040231932
v 0.1586236352908821 -0.3639119482316633 0.05077573059321444
v 0.16464685703029983 -0.3339798344593421 0.05232118005559177
v 0.15021403955423274 -0.3385468117684428 0.08622849668382722
v 0.14481565138662772 -0.3686517847470151 0.08267878608324444
v 0.11330099601309172 -0.2836600207740873 -0.05624570794686656
v 0.0013819119692784652 -0.26550496020649605 0.06313557422968057
v 0.0024260361037461275 -0.28837962432181613 0.05240583665961609
v 0.01742093772924584 -0.3403744224941557 -0.018304342839107413
v 0.009367156258098069 -0.3083038036710105 -0.01306996533494705
v 0.025996382071420573 -0.3061796908757158 -0.037966655947137
v 0.03403740339819512 -0.3387562757305501 -0.0407900130261599
v 0.13785230647167354 -0.34527988024997525 -0.03893286272352261
v 0.1388590452305388 -0.31647376300875807 -0.04036387700824032
v 0.1577773509307382 -0.32092431739796107 -0.01701888327313814
v 0.15476441588216813 -0.35016569747188353 -0.015630904382760758
v 0.16625718225366515 -0.327399314270023 0.01554822966436359
v 0.16072388063510357 -0.3570059682819704 0.0162339145386754
v 0.14756383631026876 -0.42144497054200625 0.04794450380731962
v 0.15270908321010956 -0.39303688330283704 0.04936958851495612
v 0.1383825104091427 -0.39791681532268175 0.07916117884559454
v 0.13196448118427692 -0.4255562672428522 0.07550608805669207
v 0.15176673231332458 -0.4143085029145426 0.015216612127714408
v 0.1558166485106468 -0.38537662480998147 0.0158507910394305
v 0.14899420306125508 -0.406837239323693 -0.013500031469130074
v 0.15181438810089218 -0.3785214543902996 -0.014462424301712937
v 0.13492479996925086 -0.4010274315308112 -0.03444821462365179
v 0.13680110151008307 -0.37314068782555987 -0.03689975605733446
v 0.11582373188445225 -0.3971095141074784 -0.048805217014882094
v 0.11529147904341365 -0.3698373607753509 -0.05171394504802507
v 0.08976548262365015 -0.36774170197018663 -0.05714950197004955
v 0.09280742794994361 -0.3950559980645143 -0.05430223660532925
v 0.06914379626448829 -0.39425850173881793 -0.05196449842802072
v 0.06379721523312287 -0.366643104556456 -0.05379445600792931
v 0.030410924829277573 -0.3976664242498882 -0.02708904558238248
v 0.024526211720427474 -0.37003880819224555 -0.022746686756841928
v 0.04066768919128349 -0.36776669232504366 -0.04242919170592081
v 0.046927381352033413 -0.3952971317962676 -0.04336053367615989
v 0.053112237592068436 -0.5044609999232279 -0.04304900114585646
v 0.04582135994458127 -0.47662723760944814 -0.0404145510283655
v 0.06488249619276719 -0.4743134129540859 -0.04607504277068182
v 0.07115003395457431 -0.5018574269235593 -0.046535291197252825
v 0.0882587013377542 -0.499770620619289 -0.05145849329435788
v 0.08328378385484156 -0.473133686530954 -0.048605907990708776
v 0.1011413003420861 -0.4731909565495054 -0.04961943959308504
v 0.10613660464355705 -0.49923852224454135 -0.05213786237069742
v 0.13124438490268148 -0.4795225166815613 -0.02869023331830368
v 0.13481699405819386 -0.5059737841995035 -0.029984979453712157
v 0.12235819166359162 -0.5011778939846055 -0.04534741173944404
v 0.11798862248333337 -0.47495024897987415 -0.043298168993153224
v 0.14527870716582988 -0.4856933231505117 -0.010696451631267714
v 0.1461845959022078 -0.5116929922351262 -0.011258980642437967
v 0.1462963725761309 -0.49324987030540524 0.014213518871449343
v 0.14322555770788958 -0.5190018846989752 0.013495182378043952
v 0.13269620020322934 -0.5002394665377847 0.04090085066207989
v 0.1308672867617596 -0.5254412225881484 0.03922186241335632
v 0.022833130911160328 -0.49104654813912896 0.009704744764128553
v 0.021710576113553787 -0.4856500966139522 -0.009858289933410442
v 0.027917081124008643 -0.5124301834856801 -0.017589790760027976
v 0.026605886333392337 -0.5180396486575258 0.0020615669426026517
v 0.049175730604271044 -0.5009188931753288 0.05028101880813382
v 0.051580846125354095 -0.5266550450731023 0.038888104209919734
v 0.06644046666432464 -0.5283605213693399 0.061020581743263316
v 0.0663542805641978 -0.5028560786365067 0.07213881772609268
v 0.14277822234948778 -0.4490739154456338 0.04616137120708476
v 0.1482860239242087 -0.441416127199452 0.014817506437031546
v 0.14607726964072643 -0.4338474857250466 -0.012310060462654296
v 0.13234880490689876 -0.42768130859303055 -0.031561136827174395
v 0.03569609020920555 -0.4241118287958925 -0.03170162347298335
v 0.05338329988259211 -0.421722862808798 -0.044552373993653034
v 0.02160452270566278 -0.4375730425879151 0.029937691821159015
v 0.018656098097824023 -0.43205282485219165 0.007811894221845813
v 0.09552340168259447 -0.480041415268156 0.0837024198545044
v 0.12108966552100475 -0.4788197591193646 0.06940534017117223
v 0.12589583163968285 -0.45232701406891884 0.07232390419018904
v 0.10038576897262062 -0.4531543290081693 0.08670304682525898
v 0.1473249907585086 -0.467329149065421 0.014589594080870995
v 0.144669579028433 -0.459752875472936 -0.011286250664654435
v 0.13068030698361247 -0.45346235224791 -0.028963547243962308
v 0.09803131565981052 -0.44733954668693554 -0.049261300108087575
v 0.11622381325270222 -0.44910375122367086 -0.04321811112331843
v 0.07888701858680033 -0.4470753547165327 -0.048486166115313374
v 0.04059098544021291 -0.4499312355145699 -0.03615462631608209
v 0.05915922137299586 -0.4477527847477131 -0.04554329584572028
v 0.02245167312061831 -0.4649110109929109 0.019736701587984563
v 0.019677630133972588 -0.45909003891795197 -0.0008915212108840214
v 0.0921179847400686 -0.5294563208730385 0.07060222086995174
v 0.11694794821863848 -0.5289763162711236 0.06067881962592005
v 0.11805524367541388 -0.5044144191919107 0.06583107136091386
v 0.09299115905726713 -0.5058244718132097 0.07970408250420633
v 0.09189651023680798 -0.5513342178236553 0.05841587684122378
v 0.07059736505808871 -0.5506907148309601 0.04973388480481919
v 0.11153807279377084 -0.5267140295184982 -0.05460286214140319
v 0.09393453799978978 -0.5272100627968478 -0.05590275967660889
v 0.12704253693946033 -0.5291149792556358 -0.04750147648371697
v 0.14238253835179154 -0.5456612798969696 0.014087382352633415
v 0.14796615495046164 -0.5380174158688893 -0.012228326470182727
v 0.12859646979056136 -0.551726271579103 0.03793560192207749
v 0.11291007785573705 -0.5507899951222837 0.054127699447168186
v 0.04343627437148827 -0.5688303736227892 -0.02612133140070588
v 0.04145844385293944 -0.5726134977113853 -0.007932257866761189
v 0.034612545666007015 -0.5433262742329428 -0.0032555378816334
v 0.03736626906924343 -0.5397687907383905 -0.021466208057084372
v 0.06406472653033328 -0.5625706952329677 -0.05330054113366669
v 0.06100337906867962 -0.5330561480215901 -0.04335883147429733
v 0.07712120104967302 -0.5301037944331736 -0.04997026574798888
v 0.08002181317192551 -0.558909085137287 -0.06335842170885483
v 0.11755143228452071 -0.5565694044979623 -0.0635773086577317
v 0.09890663831312414 -0.5566171252934612 -0.06674537834197666
v 0.13462655251149946 -0.5574547046814666 -0.054713250481636846
v 0.14967882639472888 -0.5669977907640869 -0.012964662463160373
v 0.14799678667290095 -0.5607495419411322 -0.037549197495577856
v 0.14113688143704745 -0.5322659436055495 -0.033519094827459774
v 0.14363003483603495 -0.5739248618708669 0.016835107789396505
v 0.12279960684462264 -0.6103996827885869 0.034667253407052095
v 0.145892357346323 -0.6041879503336008 0.0170206874210036
v 0.12095958355075767 -0.5802215190868795 0.037021560416496756
v 0.09788694370781825 -0.7088857059663372 0.020587903754342673
v 0.09806476152305604 -0.7435367147924495 0.014997798198578114
v 0.1198059314243218 -0.741109570145646 0.01539231357438039
v 0.12276498366885347 -0.7067843188622 0.021638728522984003
v 0.04406244885166424 -0.5997161985019024 -0.0331058411032116
v 0.04396794218272973 -0.6023735394096471 -0.012379658327385995
v 0.08238327929894425 -0.5898808345307255 -0.07420688763154958
v 0.06417755734886668 -0.5935474268902939 -0.06419932931310553
v 0.15901110164216645 -0.6284987098476288 -0.017787349930586213
v 0.1575202478482474 -0.6233317896277262 -0.04487825106533134
v 0.15388031506948385 -0.5912014663295074 -0.04064114808078814
v 0.15506315830034292 -0.5970921660261238 -0.013967818821377537
v 0.04393879992652683 -0.7002876641959546 -0.026011735774145967
v 0.040948726123960374 -0.667034109493574 -0.022106972947185378
v 0.0417595084726284 -0.6648065554546764 -0.044454944170061815
v 0.04475852500398692 -0.6984727311142048 -0.046611700424886764
v 0.08161053659054264 -0.6229950727803806 -0.08167988977203099
v 0.08201372636176309 -0.6568685784657746 -0.08590221030003356
v 0.06335250676297788 -0.6596508103924198 -0.07633426538153729
v 0.0629350764951363 -0.6261575276721488 -0.07150265629612353
v 0.15572300285336121 -0.6979691589248767 -0.023040437950744813
v 0.15496465372897966 -0.6945420888122348 -0.04854156290342725
v 0.15818935250624047 -0.6578104519844331 -0.04787608874445381
v 0.1592628951585398 -0.6622057874270282 -0.020608118349101406
v 0.12420694376185072 -0.6407097602226443 0.03153023805409485
v 0.12533053335936037 -0.6730735408852538 0.026576792802527272
v 0.14822562516132043 -0.6673626347393021 0.007897235074698038
v 0.1483427403354268 -0.6350142386652278 0.01256913436109735
v 0.09702913033968473 -0.6428628006349628 0.030826929269723014
v 0.09832542527702523 -0.674912456887053 0.026421857636908117
v 0.05876773358813629 -0.7714618820830828 -0.04560497996068875
v 0.057752950226019124 -0.7751981788917855 -0.028911726207804463
v 0.051117862392080396 -0.736978273761318 -0.02785754060939752
v 0.052423095132406825 -0.7339343937643239 -0.04611094421202249
v 0.08449442182412885 -0.6922873275974296 -0.08521268673308434
v 0.08715330627257656 -0.7295241886047374 -0.08041192004785905
v 0.07091351236461865 -0.7308403565364152 -0.07246167725797394
v 0.06577756515365492 -0.6944643942721069 -0.07683486183458223
v 0.1444183979718615 -0.7742253144165078 -0.02721281499109018
v 0.14231776560185594 -0.7718896409122116 -0.04806093182081704
v 0.14932400001987237 -0.7330560074393608 -0.048394981033377096
v 0.15054444359293434 -0.7354310668527858 -0.02576636429369229
v 0.11728702046980367 -0.7785967160200002 0.008774356603796198
v 0.13687327732558277 -0.7765721631500054 -0.004818306525875903
v 0.14153778884575954 -0.7381394246847574 0.0004616494120225561
v 0.09748673464779463 -0.7803072135120042 0.009117903892301701
v 0.09697110299197917 -0.8167652105615745 0.00480011372734595
v 0.11355837725511528 -0.8153928503632183 0.004737579665980317
v 0.06347083891153595 -0.8077121062783801 -0.044889660884045154
v 0.06416330684207382 -0.8104961000724926 -0.029425713376190165
v 0.07514448205973746 -0.8047281362142151 -0.06597405319741127
v 0.07441389231085545 -0.7683392184421121 -0.0685988248067774
v 0.08836953501004159 -0.7666991301770297 -0.07591420932988542
v 0.08781751787286293 -0.802722759624841 -0.07324368769488117
v 0.12199966522055469 -0.7697131730646605 -0.07312469020243234
v 0.11875619771997914 -0.8054630451409148 -0.06959669832041374
v 0.10353626424554382 -0.8030305664489221 -0.07460302650963073
v 0.10545370688718936 -0.7672075050160866 -0.07782238335567833
v 0.13502136000014353 -0.8073526831928356 -0.047080242482591864
v 0.1282204483322982 -0.8064104088097183 -0.06056189058094312
v 0.13454857296571707 -0.7704404036853008 -0.06336135936989865
v 0.13819794603337873 -0.8094853697232113 -0.027984865774754772
v 0.13085939202402108 -0.813010493844633 -0.007276125252632593
v 0.00015407724016361054 -0.21633869884051282 -0.002646876826962199
v 0.004997709438447508 -0.22188835506890486 -0.01599498638511109
v -0.001767534811805041 -0.23419270047114532 0.01493843214607994
v -0.003484731206237693 -0.22639348201574078 0.02801043464959297
v 0.03385994950028437 -0.35651715069080214 0.08110670575307419
v 0.03404982945372871 -0.32638866494366797 0.09042503003821119
v 0.03263279621438296 -0.4154184948840456 0.06227015143161984
v 0.033956828808756674 -0.38702321182085175 0.07266829134522143
v 0.033012958016469536 -0.44336383177541683 0.05197783847801101
v 0.03382950819027681 -0.49734476417907036 0.030067464009933938
v 0.033789120949343415 -0.47055378377732127 0.04105414316024552
v 0.03630016588802678 -0.5230050434507779 0.020849145482875097
v 0.04275154598952411 -0.5494689948055095 0.014678664014087493
v 0.0490023519837463 -0.5775853172868337 0.011542168297886445
v 0.05337332092364461 -0.6360564847263093 0.004332221925630315
v 0.05342883078483003 -0.6058410859957146 0.007798508217427885
v 0.04238289578685994 -0.6342495940659052 -0.017317706829754666
v 0.05485447241780377 -0.7032852590215849 -0.0039031648213972486
v 0.052953525013134224 -0.6687116118472679 0.00041808117808150576
v 0.06549240731345686 -0.7786661358637336 -0.011817379866518611
v 0.05964390853159278 -0.7406948605679091 -0.007940327283090765
v 0.07174095984399738 -0.8137079171764214 -0.014195443334623354
v 0.07133034884033947 -0.21791781461088888 0.12967184729298006
v 0.07390985456257347 -0.1941327506743476 0.13042575551620864
v 0.0460779466608548 -0.20724221936655612 0.12455398868853684
v 0.042600921218164424 -0.22569240001640062 0.12015989103557019
v 0.0010451846383989858 -0.21021130005940425 0.0560846848510394
v -0.0008859716854811063 -0.21370839964152688 0.0531865939969206
v 0.0027770638574754467 -0.2144604363009331 0.0700832686709484
v 0.004333053219614139 -0.20960004835306995 0.07164574653144232
v 0.13773113148420363 -0.47475125446590316 0.043658450135009415
v 0.11598379689737963 -0.4235072589969461 -0.04562029645947394
v 0.07443193959191402 -0.4209044964234684 -0.04999697622399597
v 0.09555950543351088 -0.42138606545434887 -0.0510745199074992
v 0.04702846262397106 -0.4756937138621653 0.06317147967525234
v 0.06871805859549036 -0.47809802688900194 0.07987799402128166
v 0.0722989931443913 -0.45196894390640796 0.08629684343223408
v 0.049809120399046156 -0.4486632573871706 0.07223703468904044
v 0.09554162211836244 -0.6150133110563504 0.0347226642209676
v 0.07178035672783394 -0.6109589122254891 0.024159964308679917
v 0.07360520621066335 -0.640295335822612 0.019409341497896197
v 0.09473570452890277 -0.5900029568930846 0.03986473908723052
v 0.1415957071802757 -0.587441189454394 -0.06099334207447183
v 0.12381259596376283 -0.5864647845651574 -0.07275731708635753
v 0.10452935143708236 -0.6200060023728221 -0.08477813721145604
v 0.10338678707439428 -0.5874560623855032 -0.07674756490480752
v 0.12673568446369657 -0.6187617907799404 -0.08031273270352476
v 0.05400539010418038 -0.3944316961204962 0.09186273707188547
v 0.05117319471227582 -0.4220171483606129 0.08190453963952805
v 0.07691631574836953 -0.4251459542240599 0.09338897821790249
v 0.08104810249232024 -0.39742160314727937 0.10170379584383056
v 0.11375785658953058 0.11427774735276544 -0.055171694667832644
v 0.1286466174669447 0.1106753582464572 -0.0385305812372045
v 0.1403199160091978 0.22992813013822275 0.09147022852656601
v 0.13142613965676034 0.22163621829231667 0.10130548139212174
v 0.13211307580860518 0.20877370226411296 0.08824858920572229
v 0.1431515187215022 0.21716555364094503 0.07515321331647525
v 0.1506923330067474 0.2292675931836871 0.06540830863059931
v 0.1468937429116103 0.24154406393268968 0.08261548846287253
v 0.1552895382574941 0.24379629025616378 0.05717060446915996
v 0.1508025247480943 0.2557425334952825 0.07390714457049354
v 0.16601451954689264 0.30269538200384777 0.030922804388167288
v 0.1682225324438847 0.3104100087574383 0.028684061172496517
v 0.026325228564474307 0.1936161513481341 0.13382216358013163
v 0.02621011701659013 0.17248781863016385 0.14133323749431026
v 0.050058153283505755 0.17315775057154617 0.13661500689348471
v 0.05825662316729977 -0.005688931098469352 0.15581830765081062
v 0.07058314323475368 -0.0972298218581048 0.1337589308551931
v 0.04801482996546055 -0.1017901004814114 0.14096144083863868
v 0.04064613916822022 -0.1290691745102852 0.13818023302826055
v 0.007538616438040047 -0.18771829074499446 0.1129035423083007
v 0.0005195900517811184 -0.19696411558356325 0.09685462529791443
v 0.00013899593962620952 -0.20647895077169043 0.07334531497983003
v -0.0005454058101360398 -0.20883727908901234 0.056052948891284156
v 0.06102435510495118 0.1727986506283859 -0.0939085603032766
v 0.06265143786594607 0.1961908585317611 -0.09897974512803798
v 0.017927213443964158 0.37142250345684086 -0.10240912845014417
v 0.03701166892846152 0.3754368062257798 -0.10551050292993551
v 0.03622857791924671 0.40313493395390765 -0.09882047283853228
v 0.01792020139720692 0.39849705431651244 -0.09611430082139279
v 0.016983036549044008 0.41041452862821365 -0.09283824502782327
v 0.034888375206715984 0.41515184251394055 -0.09533849189191729
v 0.01384808012771746 0.4656522988498287 -0.06806784155305248
v 0.01591093834679219 0.45499734151287835 -0.07487475466987487
v -0.0023194816578871523 -0.20973510651451732 0.03465436250730544
v -0.00310698766800618 -0.21148020799432404 0.024939592782901934
v -0.002848525706988303 -0.21702281287879793 0.048142106139968395
v 0.01643169142473985 -0.24846010358912074 0.09611604628295907
v 0.019121805664162127 -0.23223570935595178 0.1034116561095392
v 0.003853040782420709 -0.23466198417683082 0.08130496609999055
v 0.002033401875463771 -0.2477187815497519 0.0734875627897705
v 0.18782958073481354 -0.19290053632383503 0.021362734897224418
v 0.18037628712751153 -0.1991655781457557 0.061644714551707634
v 0.08452560652704542 -0.22608364021679345 -0.07259034753125233
v 0.15706452446545777 0.20197423213215615 -0.048406915961883804
v 0.14965876443861845 0.22252374427034324 -0.04776408655391039
v 0.15769558689725527 0.2232923187957328 -0.05956901477512758
v 0.16552133038469066 0.20262592800968132 -0.05881969670529566
v 0.06380771266751172 0.2726175088794087 -0.11433500213709662
v 0.07195456206276576 0.2460310514818249 -0.10819959286578622
v 0.08249288724483923 0.4537124471788428 0.004443517899033594
v 0.16103825175055425 0.4590280302883366 0.0013581117862108856
v 0.14478515615713 0.4634191057756612 -0.0021579684310477874
v 0.14567165916513863 0.4503137592642847 0.024290141318853407
v 0.15894396192535817 0.4462532735588683 0.02719167216252887
v 0.15041358718083309 0.41158542788393837 -0.08042174710538663
v 0.13581137762685255 0.41013124699609355 -0.08637397138718236
v 0.13887655941009064 0.4291720851222757 -0.07424080121074332
v 0.15298134637807628 0.42825871139808575 -0.0673350191013375
v 0.0634027314457107 -0.08268662889221715 -0.1200504371232319
v 0.033495272799506495 -0.08205554059198245 -0.11930838602543486
v 0.040420109706784654 0.10715497619767947 -0.07885148406072194
v 0.03971278803982914 0.13012070358097608 -0.08417954573820574
v 0.05948912774282984 0.12594482218245848 -0.08270085633388756
v 0.06126007576561835 0.10371732146758594 -0.07780978448790252
v 0.09441942288874622 0.2597767535343322 -0.10679411157183669
v 0.10922710303780069 0.24384917761122582 -0.09738517079630529
v 0.035009904146083015 0.270894718209809 0.14137323487732376
v 0.05181089493747204 0.2777945835017938 0.14226820876913965
v 0.05053113165161792 0.2968511991104532 0.13335934382456124
v 0.03330902553966199 0.2921603868889763 0.13380668469508653
v 0.17299565382278528 0.25870976221176806 -0.07403317997190295
v 0.1603614227363937 0.24775255016835063 -0.06887553654005175
v 0.1505262778023944 0.2665959801519003 -0.06673894312793219
v 0.1585036543828931 0.2743565053609251 -0.07241641039061557
v 0.1528599214820068 -0.20156215534790428 -0.05618070417451786
v 0.17866810951873527 -0.1863993605564896 -0.023824268699465273
v 0.1425007282652921 0.1423162743758542 -0.02731480486665082
v 0.13979075736369154 0.12422147576020358 -0.022169390220581533
v 0.12734917225344095 0.1285048657304911 -0.04357751474482915
v 0.1307561379035176 0.1465971806552693 -0.049766733324757735
v 0.15139944223684332 0.19557669648679568 -0.03203107988699786
v 0.14825967287316344 0.1786019376678628 -0.03185311831323012
v 0.15605031288255408 0.21192906573676923 -0.033069072116039766
v 0.15870848757219472 0.31051746546080017 -0.04210689846474699
v 0.16358314505799956 0.3064121853050146 -0.03996890033739932
v 0.16197393030534166 0.3096544782939113 -0.050058728050122764
v 0.03910985905575754 -0.24659061778358943 0.11499841800883773
v 0.04700621700323195 -0.17430808267539077 0.12710023860780711
v 0.040329041261592626 -0.1609860274859023 0.12995917292326364
v -0.0009764812272213773 -0.20714889033555955 0.040610470349498544
v -0.0008422319785857829 -0.20693657571064594 0.041881236486881156
v 0.05694959550342729 0.465858840455358 0.02109027179721001
v 0.06132865845886722 0.4707616345538673 0.004580733082018514
v 0.13954578020613972 0.27715862696835725 -0.02620140036341281
v 0.14638408084707738 0.2920216679264795 -0.0219399652156293
v 0.16926121291603347 0.28451822490113227 -0.02336045494089538
v 0.16849276622184753 0.2934513028718207 -0.02458084814205616
v 0.16858627343573607 0.29647380817140245 -0.007271316701653953
v 0.16881853075150124 0.28791360303304997 -0.0055868590680474926
v 0.16776783220520874 0.28426411232641596 -0.03859034684254059
v 0.1668057672499768 0.2930138501582952 -0.039152993582067516
v 0.1411124082835286 0.36076584340377227 0.07165963219937083
v 0.1430426400838215 0.37868164014280115 0.0625529821620729
v 0.13164055718742274 0.38293708700373225 0.06332161460864667
v 0.1295993749992727 0.36459922267147904 0.07331594332504818
v 0.11745065244867164 0.36632235328479756 0.07668364324674155
v 0.11931356291083077 0.38424442423483884 0.06497777784688855
v 0.10536604916068655 0.38464787813139606 0.06794930524935795
v 0.1032682910013271 0.3662786407042683 0.08013678989267148
v 0.07956126296104161 0.4358575086732016 0.02770917973762414
v 0.06385049543259415 0.4267837820132885 0.042209696959547814
v 0.04480398521244539 0.419302823168448 0.05081449624659987
v 0.027108019124149195 0.415009347941125 0.0562977404849904
v 0.018330050739750896 0.4438825338033873 -0.08081361319712731
v 0.0396696528102482 0.44908837946386304 -0.07977384087359989
v 0.03496063840585977 0.436781466659025 -0.08640428117127845
v 0.01759514351302687 0.43280091608851495 -0.08545677401534202
v -0.00017624307779101023 0.42994589733319805 -0.08365862400245196
v -7.025122197508912e-05 0.44181242211589755 -0.07950691569103674
v 0.0505745235732497 0.4513750985378119 0.0323976775890874
v 0.03733306058237541 0.4471888250075938 0.044215006064378344
v 0.02430841928094234 0.43390776656670554 0.049937972385625806
v 0.22804530581898394 0.22611023634461594 0.0005182565647944224
v 0.2232399409609482 0.2504046738439955 0.0008493037481818457
v 0.0584463127556134 0.48284010903346936 -0.029300001163413716
v 0.06222440029036756 0.47772960820283916 -0.012186502374909617
v 0.23385521960105266 0.22647460040932946 -0.01635123792893204
v 0.2292927397192787 0.25099453836276364 -0.01666474338157877
v 0.12775877986199272 0.42767902549055176 0.03991314656452745
v 0.1418340741807025 0.4285790522275825 0.041127757293840266
v 0.1315261366290221 0.45090499532513173 0.02162503925245609
v 0.047998496774949787 0.4612324895653562 0.03591595503783713
v 0.0353428725768213 0.45714527613326955 0.04709486777618962
v 0.1874412688113128 -0.15783753462405736 0.03041956910784961
v 0.17807216537748344 -0.16433016836214354 0.06614679655722026
v 0.150746410152713 0.0993473647522621 0.03340136048368861
v 0.1451898309109359 0.09525216564133034 0.05868647358736963
v 0.00044470556002325725 0.12846198677773582 0.15494433776828934
v -0.0007200916672310708 0.10667842505618665 0.15927288552817342
v 0.02139328970276112 0.10610511380221105 0.1586669454925553
v 0.023739397928183165 0.1291064330077872 0.15453512972602676
v 0.0018387145700744173 0.19130405857155217 0.1348245066923141
v 0.001571111386275961 0.17117124387210164 0.14183766256792632
v 0.010141192231144194 0.46157723577826587 0.0592519489730257
v 0.04031933939133138 0.06006625358616215 0.15873198177385292
v 0.04119645440049871 0.08383882336073578 0.15622123540122146
v 0.01940088201971203 0.08233864885544916 0.16065650550869653
v 0.018272602086700496 0.05612679240811891 0.16268283752173865
v 0.009445937922411688 0.030251806854897367 0.1651436999444954
v 0.008021544364600473 0.01855665345055932 0.16647422252743369
v 0.019452031367633352 -0.14781618350471737 0.13856064177590216
v 0.009516805259868666 -0.1476589332192863 0.13989317996472217
v 0.18931406623917987 0.3074509488910538 0.03359942155961842
v 0.2035329936634223 0.31467005498660383 0.022259184176382747
v 0.20244468203298766 0.33446592441507006 0.02519439238802929
v 0.1889344880426564 0.3252933761669927 0.03649527334458384
v 0.07932448655115194 0.06368211245910435 0.13638912771454395
v 0.06003883238853821 0.06241288301987566 0.15018556818552087
v 0.161090978782632 0.30194322200110457 0.04976955681044065
v 0.16279266275504345 0.2931024601895279 0.03283006683750256
v 0.025423324597312575 0.21402470176407543 0.13658280600266956
v 0.06785348818138856 0.2828332563781535 0.14020772307969928
v 0.06702803330665567 0.2997194910933048 0.1313339316245725
v 0.08302953296423661 0.2861541786966435 0.13678396571414017
v 0.08274105142326804 0.3015587667767299 0.12774941205566384
v -0.0011207842135184827 -0.20160022921164 0.02618328898055553
v -0.0014618028337636756 -0.20657473643106755 0.03171090324922764
v 0.19499188574253243 0.3302078820575689 -0.07085171286091611
v 0.1887015103689408 0.3239422701246312 -0.07519101013331744
v 0.1848666575642818 0.3365042426761572 -0.07779391081466408
v 0.1920120310944833 0.3433858551901283 -0.07337164184249317
v -0.0029630767091188455 -0.2595322448033786 0.03459919685322859
v -0.0028955887373367305 -0.24352759632388293 0.04566595878170584
v 0.014771543517169517 -0.20849055082117135 -0.04070640937363899
v 0.002539698043447949 -0.20611186495953687 -0.025071699190195862
v 0.00018446259800980892 -0.19937157210526013 -0.029983682192362957
v -0.0004936658006570701 -0.19372590690398978 -0.04313697246126731
v 0.06222976284133653 -0.3043896135281179 0.11633294585843418
v 0.0653663291239138 -0.27322087290926633 0.12309204811390193
v 0.05918750052196983 -0.33512093802750065 0.10858173648904874
v 0.056603559081867164 -0.36561534372472326 0.10046715292014263
v 0.0572851998649158 -0.5521248857703093 0.0312853575043066
v 0.06830092384811412 -0.5807978230196678 0.030901684692687365
v 0.07452042475364352 -0.6726224916673272 0.014814336960042189
v 0.07556402662194772 -0.70670434464047 0.010050596934360598
v 0.0777189288547189 -0.7432222628115098 0.005213692810649582
v 0.08297532927890441 -0.8158136125488006 -0.0019529856184776725
v 0.08021678401615452 -0.7809982397039534 0.0005554325011756318
v 0.23206604731638195 0.2249854372015711 -0.0326533226037881
v 0.22573710494882315 0.22146131108306602 -0.04693392361566215
v 0.22043576339971935 0.24602639796182518 -0.05020170592735857
v 0.22764168217772776 0.2510266118183878 -0.03492639226792016
v 0.14198356302979484 0.24404472641452662 -0.017685391106836274
v 0.14703617422662127 0.22480964417005092 -0.019554087845281936
v 0.1516449360964115 0.2272648982710052 -0.0040819045837456516
v 0.14723892982537842 0.24773712352518443 -0.0015026996420953135
v 0.1521779476897284 0.20440251611373306 -0.021788682013192923
v 0.14617897084482628 0.22327287902718157 -0.0344568262878423
v 0.15274769102256075 0.20295250207659982 -0.03573447524685019
v 0.17743272075330416 0.2060559975006044 -0.06615175823856898
v 0.16940262612524268 0.22648216553383763 -0.06770421015836353
v 0.18285485287769962 0.2327174422883492 -0.07125368771585015
v 0.1908940558615877 0.21004623158702868 -0.06897286180494858
v 0.2161988319804127 0.21779534816481527 -0.05858590376928319
v 0.20396122030572772 0.21374976760922149 -0.06640049841412471
v 0.19792360253828636 0.23678003801579378 -0.06871082017919387
v 0.21027836771530767 0.24078827177484757 -0.06121830959778767
v 0.173871157099347 0.2120136989532515 0.017173388475054667
v 0.1694074072413521 0.2346785288437449 0.02040251460917779
v 0.1588399833834674 0.23066702707890557 0.010002106258560108
v 0.16297574695190284 0.2088454982296967 0.007016169581581509
v 0.2150075219390949 0.3197483887715604 0.005675037309636875
v 0.2140694735421892 0.3412234320737717 0.00899130680305562
v 0.16793000769993646 0.32770748922465626 0.03929961405148771
v 0.16487977842319962 0.32675926076450934 0.03401544174171427
v 0.1697471974411325 0.33264580880295747 0.04770179059015697
v 0.17129947172335186 0.3398177472318782 0.04964739720327439
v 0.2077873970944094 0.27311610374070033 0.017918126095421674
v 0.21935757712187784 0.2748073607790215 0.0018788291381635386
v 0.21639394289323538 0.2981271397327778 0.0038960806159496347
v 0.2047406430605907 0.2947644156881374 0.02016742047672263
v 0.16490917590644302 0.2567454817821367 0.02445012940572913
v 0.1606131750415739 0.2777288244645262 0.0296082954157366
v 0.15129375204704082 0.2727520159097034 0.017478295040232215
v 0.1545935641958582 0.25197347491602395 0.013213384272122033
v 0.14224372891121714 0.2627949624449764 -0.0560138811088129
v 0.14936091911792848 0.243634475401162 -0.05882049139156538
v 0.17436454675526125 0.3160150592810311 0.04226599846788085
v 0.1737023079077316 0.3004592878513399 0.038327110225533007
v 0.15746412010013902 0.29256327509504193 0.052535737735497405
v 0.16847110964914722 0.2794162599891702 -0.004149977447063377
v 0.16819126792984704 0.2698991368567784 -0.002728851921958804
v 0.131791235700499 0.23713661318846457 0.1110053987141167
v 0.13252123063415822 0.2532778507607124 0.11455959893624931
v 0.16269308206845626 0.2504623109862241 0.02768453319971143
v 0.16086647830183812 0.23438207862877852 0.03580138639034246
v 0.13691096003671233 0.25477216029062555 0.10781964979940288
v 0.13852392824921692 0.24390918621801533 0.10289074099306406
v 0.0911446854710663 0.1698164952091393 0.11667971007270846
v 0.025290721117174647 0.4242478724854333 0.05110690394705936
v 0.17456745139997107 0.28311450276887307 0.033925481426302875
v 0.19039577827482276 0.28864161330612204 0.03058517154931136
v 0.15066691066616886 0.2876374131898486 -0.06961630336582308
v 0.14400795930324337 0.282963180366306 -0.06260283421490345
v 0.14366578193309062 0.296257760490636 -0.05833163989517104
v 0.146918326539652 0.29961617245297967 -0.06596931990484237
v 0.1258745407860276 0.28455249261651105 -0.09734059525551789
v 0.13508232513716006 0.27293468183084124 -0.08927619840953148
v 0.12278097473120665 0.2583926574556879 -0.09381547625956303
v 0.11135254179808064 0.2722979547111905 -0.10261826149372186
v 0.20688812552745472 0.33391272758250234 -0.05810194638519949
v 0.20452148663153957 0.3498057338520767 -0.058829559034231184
v 0.2112205542773821 0.3505461008240123 -0.046815915869592585
v 0.2132248519633782 0.3318829890704904 -0.047190080689747275
v 0.21663818544624655 0.34929050098839853 -0.030972737806782672
v 0.21974287840059598 0.3455348735648107 -0.01164795744232083
v 0.22038697403501822 0.3236623393130103 -0.013509675667886934
v 0.21822983169553067 0.32811189438783045 -0.0321872352589423
v 0.1826835372540617 -0.12006479792832292 0.0070684442582072
v 0.1742656511517054 -0.11581553316715582 -0.023359216670849586
v 0.11647023599288768 0.010477520640941707 0.11218582676522537
v 0.13420668710540024 0.016821348183635676 0.09371313199141881
v 0.0981934099980988 -0.086350950823527 0.12426193612557807
v 0.007209600843652531 -0.2177536726779032 0.08819447918212465
v 0.02432305932649649 -0.20727380096992132 0.11229329490928074
v -0.0013610452613054323 -0.28277267618025503 0.024101584348822105
v 0.18400502452192297 -0.12551146692231252 0.036954744539158736
v 0.010136462464623006 -0.34266371165186105 0.006270187523478629
v 0.0036168091789576 -0.31191229030584416 0.014613176231398647
v 0.058989952012532224 -0.3382152822038632 -0.054576078581355145
v 0.05325241760781685 -0.30670081441293434 -0.05458952576538409
v 0.08387936708413708 -0.3096956521659785 -0.059462663973915156
v 0.0866321610515856 -0.3394862009035481 -0.05890109870330526
v 0.11378395187959811 -0.3129039028504525 -0.054616999834482344
v 0.11427866967830362 -0.34204905487415915 -0.053767092754719775
v 0.10622664924049927 -0.42475131313335746 0.09194734741356432
v 0.10508045752303163 -0.6549541500035588 -0.0885641924940218
v 0.1263079079894453 -0.6917442960421641 -0.0818342328291518
v 0.10556229648455721 -0.6917459578128299 -0.08730217621982099
v 0.12721853360560365 -0.6537800184513259 -0.08341439654007111
v 0.14498956484770767 -0.6198341670146741 -0.06646587615154544
v 0.14565665640901998 -0.6547472795373956 -0.06911011343347079
v 0.14511681725365588 -0.7018189095895175 0.0050920135411955045
v 0.10618633144011803 -0.7292925738773961 -0.08258086726460617
v 0.12461306924859862 -0.7307913225676047 -0.07737185114337504
v 0.14373716782211593 -0.6921811599814646 -0.06836846390263131
v 0.13981678087709026 -0.7312598678804128 -0.06588646750813418
v -0.002466878053457176 -0.23297822076589625 0.05553151994636333
v -0.0002910164274196925 -0.1906623890057454 -0.05839532880074665
v 0.1588355619813586 -0.1716576822825147 0.09770228182582703
v 0.16095405642450497 -0.20295280729966203 0.09584086630504635
v 0.07435390885364368 -0.172857135002486 0.13016461139830535
v 0.10241776969957847 -0.15771565077832306 0.1264161369320135
v 0.11800508423545843 0.08650575243933961 0.09918689446386826
v 0.10009321491696936 0.08487672173322854 0.11557528944334444
v 0.12100894088435679 0.12835315181604767 0.09082118524623184
v 0.11978789157645597 0.10671905333720916 0.09475553687043402
v 0.13421981508350694 0.11042940468654272 0.07587799287945073
v 0.13502922840544834 0.1309112539472826 0.07199783281070934
v 0.15010288925594725 0.1361686252669074 0.02432841006544083
v 0.1491222915665928 0.11747735992232008 0.028563540237374854
v 0.14750293962193703 0.12048201737525205 0.002537533254251586
v 0.14931149365034446 0.13887670362529048 -0.0022461124555195637
v 0.14123283665902603 0.10656091762682286 -0.01723479778078808
v 0.14938470880234414 0.10282115550424224 0.007316292774289068
v 0.07850001972358188 0.14412620809895096 -0.0820804439465052
v 0.08020080498619118 0.1665060244695628 -0.08824559457547007
v 0.09819394492776512 0.15943187230825026 -0.07962254903125568
v 0.09631111061800227 0.13876326505591557 -0.07300435834849461
v 0.03028205808180359 -0.15203012794123516 0.13410466049307096
v 0.0002265390000073484 -0.21942760071608136 0.0670360740949445
v 0.06858904966091509 -0.24420662111378877 0.12758995498221895
v 0.10257072109681267 -0.21134552103733611 0.13112464935733362
v 0.13461947376245387 -0.2081615755021325 0.12002037788622297
v 0.1494139519606608 0.2956875142591935 -0.007656029767735726
v 0.1565825045956951 0.2985769210071062 -0.07879378995267103
v 0.1552058620412047 0.3093732827627579 -0.08489318657233133
v 0.22269687890282755 0.3017555295190528 -0.015682700622233835
v 0.22051109273002123 0.30684620575677146 -0.0348567058970059
v 0.15953982332739775 0.2958511636185619 0.03537923801197932
v 0.20174126170700385 0.3525491909017656 0.028038245203506066
v 0.18879778724782634 0.35769198918369727 0.04255352829778021
v 0.188891768346115 0.34179442485961053 0.03952136025324353
v 0.12572601054065255 -0.09711511326689792 0.11037086738384881
v 0.1280376204474248 -0.12092794154323877 0.11236872757486135
v 0.153174902931422 -0.11249484995722542 0.09565916633986939
v -0.0004986496258907243 -0.20606496475122515 -0.00919212572834052
v 0.0005458693846276881 -0.2001376856337831 -0.017054490030650238
v 0.04815240687148436 -0.1904568158374475 0.12688858661625854
v 0.02009549727400864 -0.4008605265870552 -0.006957579947744009
v 0.015544208676925702 -0.3725598708380772 -0.0004594482453180072
v 0.023468144438894684 -0.4274986768259549 -0.013639174047698868
v 0.026549744673991234 -0.4540119475526043 -0.02081334151875981
v 0.030626816530941757 -0.48048755281874567 -0.027866085790168152
v 0.03772685148651083 -0.507296556972131 -0.0336948432068319
v 0.04714047734201334 -0.5354027576867211 -0.0350484514391043
v 0.05194151425648381 -0.5655334467680108 -0.041305795036946126
v 0.042307373110067416 -0.6319362130247951 -0.03949209261060517
v 0.05140483477908697 -0.5963783288722466 -0.05008209869457938
v 0.05004215969802555 -0.6289755188241744 -0.057398593790230844
v 0.049946771215492985 -0.6623648295818435 -0.06218246829860907
v 0.05960613379056788 -0.73231662612187 -0.06091038382466447
v 0.05267245030514793 -0.6963615935815907 -0.06361226973087718
v 0.06470499615020016 -0.7691719040885149 -0.05838369597738984
v 0.06758094951249474 -0.8052678021969437 -0.05601537015635051
v -0.0018434562908708342 -0.20452659284323083 0.018958485535913155
v -0.0014778422650522283 -0.20533946545267218 0.005595604634169541
v 0.11176551314639904 0.42475852533941794 0.0377864462498741
v 0.1675281671231947 0.29498199096014377 0.013043447201881787
v 0.16815128044505057 0.30256165277345637 0.011474015661184942
v 0.16139684277573754 0.3103215084300884 0.040125116252824757
v 0.0001834938452247316 -0.18301717362079717 -0.07400084680691782
v 0.000480435375064006 -0.17121856904798838 -0.08845373016535674
v 0.20347439448759289 0.2624736698978021 -0.06502163310498202
v 0.2143595709302019 0.26968086808129416 -0.055476477196857846
v 0.15115349715937926 0.29204703476502847 0.021477708057739076
v 0.1675089891951474 0.31952259419335494 0.0234970021222594
v 0.16333598506100214 0.3225956791566066 0.016986907143084692
v 0.26675754274300223 0.02653651012731728 -0.019717757247126388
v 0.26552751151629983 0.00604785764012486 -0.02025864850412743
v 0.2691979084992349 0.0070072809895640464 -0.03206156134682736
v 0.26958623466545373 0.02789153048718901 -0.032468080131491175
v 0.25814430793010734 0.02560176758321389 -0.009657199548184937
v 0.2569107587516511 0.005510659852553196 -0.011466202954169674
v 0.19764969961701215 0.02100441899249228 -0.023767630918722336
v 0.20151678930111835 0.0008790408681804696 -0.029259879615665868
v 0.2099289407821616 0.0023294017160060687 -0.017936624314167177
v 0.20691847486566042 0.022632724727352227 -0.012598115043548843
v 0.24522051742121606 -0.01471056905713733 -0.008800146264758363
v 0.24535169223360534 0.005182448337260531 -0.0062327490747154275
v 0.23272872316447063 0.004704315414670729 -0.005882700502892385
v 0.2334769663075967 -0.01526181810414387 -0.009508935321806427
v 0.19505518222350465 0.02096782771594302 -0.053929602337425636
v 0.18909576548718696 0.04029114075986043 -0.04892213674992604
v 0.1965046420568013 0.04239448433432701 -0.061534970104898015
v 0.20299932924083902 0.023302786345116122 -0.06524466310417991
v 0.1891582829681409 0.10706058582050665 -0.0019901777935278425
v 0.18813669768067334 0.12413517414138375 0.0021464834868847996
v 0.17713495256960937 0.1196191245955673 -0.006121845693322129
v 0.17911725081947225 0.10265980198679368 -0.011606415523120995
v 0.2690820238177846 0.06993941675390027 -0.01875685972608883
v 0.2678835070153413 0.04793476151972237 -0.019117525929775947
v 0.2697091923241799 0.049554047594233236 -0.03288571496497666
v 0.2688986797169082 0.07175242540306287 -0.03345567643572078
v 0.23195142101695632 0.06816013335735195 0.0036462602498688046
v 0.23202650941204517 0.09191822708814601 0.00386747864429741
v 0.21579548305012403 0.09113899266478895 0.0028530421512246527
v 0.21583005652518383 0.06763404221790036 0.0016926990873229201
v 0.2667140629339381 0.09410412239175193 -0.034490821029524776
v 0.26980542042088457 0.09318774179309398 -0.020052858773875065
v 0.23243733472932537 0.02492204655828273 -0.0018770716773858704
v 0.23210075511015033 0.04585189785350062 0.001586397410206516
v 0.21713854482039005 0.04547484488715156 -0.0011759988872288173
v 0.21886476955164136 0.024395861037935757 -0.005510885664004109
v 0.20749364976854193 -0.01714986614108227 -0.05991305093887705
v 0.201213315999099 0.0019521837654635499 -0.05743652398936136
v 0.20961998688991787 0.004165554828033352 -0.06747319339173223
v 0.21602074800937135 -0.0150120352339215 -0.06855146385097667
v 0.22274343928792315 -0.01608192252088636 -0.014613054704745792
v 0.2207581432019528 0.003897672725826168 -0.010245148002287574
v 0.21313063841721547 -0.017400913468586993 -0.022836120898895727
v 0.2622838055608717 -0.012135718191863543 -0.055464596965654235
v 0.2600527914221564 0.008800439238957153 -0.05800794697081099
v 0.266805594709706 0.008197834374192109 -0.0451149448604022
v 0.2678443106563078 -0.012525968678907123 -0.04356411786469396
v 0.19159969486097364 0.06314709385278361 -0.012480497784708064
v 0.1941291889186965 0.04159592351018224 -0.017742906487911176
v 0.20434368496926622 0.04375790000009948 -0.0075034320880655505
v 0.20243295256410698 0.06570915633125997 -0.003577027789721407
v 0.26102229994882636 0.06888203652037055 -0.006580254077801371
v 0.2594577455360023 0.046660052944812916 -0.007826809524796575
v 0.2572679908638269 0.030031422996540463 -0.05983466894107983
v 0.25361852560313375 0.05131182784381187 -0.06102970522042479
v 0.2639117461535439 0.050921906488940405 -0.04737222179810084
v 0.26580258241644544 0.029344246166424198 -0.04627472097971625
v 0.23335596481469628 0.07063822275503916 -0.06851082025886628
v 0.23895412739050367 0.05037929549479611 -0.06947106003631565
v 0.2231085346890921 0.048316656038862676 -0.07112126841639906
v 0.21675489870549716 0.0679056201535205 -0.0687678929295755
v 0.18172399658930533 0.08207089339416355 -0.01910413626910028
v 0.19028040768244303 0.08568435953116277 -0.0074290052990280695
v 0.18366140825176125 0.05989576190911122 -0.04279548664065982
v 0.17856902994701482 0.08009682806314572 -0.035513356355752985
v 0.1838093080395734 0.08106339441355649 -0.0506929888443424
v 0.19032722264740223 0.06156171130052862 -0.056708180195737756
v 0.24815596314731314 0.133717775633204 -0.0013536921344990893
v 0.24912860957157393 0.11584791460426407 0.0004869021707686345
v 0.2626399538758455 0.11588079138944529 -0.008178994959350991
v 0.26087592390392145 0.1344818718493991 -0.010648903833406779
v 0.2682831129844213 0.11602750699581263 -0.022097143500639734
v 0.26528570664782225 0.13509567775521816 -0.024775022813130466
v 0.24895046037467886 0.16057080100898882 -0.04050182832363239
v 0.2534429629720843 0.14883524428205855 -0.03950564602381623
v 0.23881622287076712 0.14841315496085225 -0.04610247554656744
v 0.23562604902536163 0.16021651435705786 -0.04824058081666785
v 0.21802815338327652 0.10801833560605845 -0.06593288307904484
v 0.22625508125639904 0.09016940954699798 -0.0674704579320392
v 0.20895747858255573 0.08707384708456012 -0.06575068052392317
v 0.20068569189840096 0.10553857923893306 -0.06209080772488671
v 0.18047789491512992 0.11896555840768878 -0.05059605540953449
v 0.18693285824473477 0.10277948009645406 -0.05537572258195208
v 0.17728566222831155 0.09960261858420903 -0.04413099901775471
v 0.17177365947418227 0.11573664510689471 -0.0380555775992572
v 0.16295798476066017 0.16733809088443247 -0.04042236854608164
v 0.16604626515444607 0.1544269506930117 -0.04204708818635991
v 0.1620238870645826 0.15349916712634684 -0.028234986487928358
v 0.1600376164804577 0.16708295744891252 -0.026833162386168802
v 0.1727354565860194 0.15788228646510302 0.0004621205498680951
v 0.18477736720317317 0.160381164921105 0.009275259437595402
v 0.182004998120027 0.1738605689109316 0.011470661678500374
v 0.17057291991783904 0.17118819164554097 0.0019549747730105704
v 0.23997558950308978 0.1818506298316623 -0.0016758640392229946
v 0.24329349675700881 0.16883894895162233 -0.001744751251732487
v 0.2519855928932051 0.17076393732427772 -0.014941112453870111
v 0.24659551373623376 0.18349423224371447 -0.016572297007484638
v 0.2111379256751169 0.12319993480520064 -0.06394037398888817
v 0.19307944408392622 0.12345517703108941 -0.05819698990594445
v 0.17445209221025984 0.14592010556555607 -0.0011259189840147324
v 0.17544806610370858 0.13382678698421166 -0.003354680238315598
v 0.1872246530062437 0.1380563548159293 0.004740297293853697
v 0.1864867007862975 0.14922219978077478 0.007295679050022292
v 0.2151089939974078 0.15596494359700128 0.0067083870357743285
v 0.21603564435863673 0.14421241810110588 0.003601410762826034
v 0.23134125898270172 0.14579741850932101 0.001863073706175086
v 0.23051669048229212 0.15679182657336824 0.003824348090767804
v 0.24560557783826786 0.15840877934949904 -0.0018942809004201784
v 0.2471204177004826 0.14705144300977357 -0.0019519879883681264
v 0.2589627912429476 0.1482503104124231 -0.012293038267517582
v 0.2560040960189798 0.16015296196988407 -0.013547725293462728
v 0.20765378323767192 0.13388094859981461 -0.0631344377836732
v 0.2031028821089779 0.14319860411167562 -0.0638321888701892
v 0.21546452193621468 0.14690900161112863 -0.06057929736916205
v 0.22032287708830176 0.13742775175328686 -0.06086685380660629
v 0.16742815657522064 0.1291900327288483 -0.033178309570020145
v 0.17472717169549604 0.13194157069739595 -0.04635586752788493
v 0.2160584279874793 0.1316350888456402 0.0017792073773110575
v 0.20148470901438853 0.14164856473217025 0.006712309209160572
v 0.20167210709636707 0.12802769349490734 0.004032821625595874
v 0.2614991862216682 0.1494307113645927 -0.026413606467544662
v 0.1694034803591818 0.1681004042443377 -0.050830711980782046
v 0.164248638123305 0.18194775551631293 -0.049327680295739085
v 0.17235426321041372 0.18356329006059632 -0.05859320793738687
v 0.17755674702636434 0.16945342815655487 -0.059288960056455356
v 0.1587625627722726 0.18159162913919333 -0.038083685165753514
v 0.15694073235621603 0.1822661521673748 -0.024483545926543754
v 0.17858649441834204 0.19025509226994533 0.014102158863363847
v 0.16765006662089324 0.18732426703564853 0.004329301659033661
v 0.19238716595535035 0.1936102548788548 0.018570424787713195
v 0.19632775221746976 0.17653906400255243 0.01530428162652036
v 0.2105195586376248 0.17973458329217454 0.01400698172460957
v 0.20671947004128677 0.19749360230977275 0.017948706231794943
v 0.23386360808365864 0.20254942543892687 -0.0006871225040335231
v 0.2396377375149175 0.20327732087403902 -0.01640235356189907
v 0.24451240260417875 0.18368476985245563 -0.03110607370716021
v 0.23746027725141536 0.20156820913490545 -0.031755221231502456
v 0.16488625045615996 0.15497070649683337 -0.012811054963227193
v 0.16635642153634725 0.14281995562705832 -0.014546484536154196
v 0.24422060590570957 0.02978550377894723 -0.06906509334905968
v 0.24853845373943376 0.008939825357099501 -0.06765491627193773
v 0.23461327068227938 0.008304075470148664 -0.07182001323446911
v 0.22915568715352289 0.028446930593275715 -0.07196281877106876
v 0.2212391828734792 0.00661050663313012 -0.07204242772241508
v 0.22725265827446883 -0.013067986792732189 -0.071703987407761
v 0.24701240742247715 0.04607337356586842 -0.0004930771584513544
v 0.24619124273577575 0.02511177050580579 -0.0032594365288100605
v 0.25618720358594177 -0.01431675454514253 -0.012397938007783466
v 0.23164029447975848 0.13304640983573318 0.00092738478670066
v 0.23209164845615962 0.11561783859314136 0.0020755012475323982
v 0.22342268984035085 0.1590360528078843 -0.05491678320183189
v 0.21996978475841336 0.1686700170751712 -0.05831084480662362
v 0.2316533322554134 0.17056256109851506 -0.05059520517602665
v 0.22771181822901185 0.12714315953968525 -0.06048950416453772
v 0.24076158104361817 0.13409736841229936 -0.047551243583626945
v 0.25020104222378126 0.11462623835665015 -0.047783099045736674
v 0.23616775342014978 0.11180350009365417 -0.060766438788889404
v 0.1981743623490605 0.15241136937625863 -0.06412325445306784
v 0.19386355416300355 0.1616381903145188 -0.0646600658911521
v 0.2072427268849763 0.1652193077428228 -0.06423143065837388
v 0.21122596994460113 0.15583754849383968 -0.061900349577561006
v 0.2260065638759665 0.1813277624882461 0.008527201880756601
v 0.22857758137122902 0.16779892727238344 0.005683765486974856
v 0.22161078862991215 0.1964658323906609 -0.0561373466675025
v 0.23080619377970366 0.19847308037779812 -0.045150017096293515
v 0.23714327871575291 0.1826970767442878 -0.04322780456555312
v 0.2270884380493916 0.18170847263455875 -0.05306551603784729
v 0.24330436169138098 0.1712386943656178 -0.041827364853204145
v 0.21007531873770216 0.19373285136312693 -0.064295938784748
v 0.21565213279675463 0.17934987670119673 -0.06161775330265233
v 0.2217124453583885 0.2007674662808555 0.011855094130573337
v 0.18927940786314645 0.17292662436735767 -0.06539639829201953
v 0.1839390664950695 0.18681069347912366 -0.06572526568147423
v 0.19734944851297945 0.19033541249866484 -0.06769073820876093
v 0.2026973050316028 0.17610950772133516 -0.06616765300187501
v 0.21511991654285254 0.026152529190800522 -0.07100643884480201
v 0.20862774644159565 0.045452496520476574 -0.06863204265276977
v 0.1703009060070039 0.11594275196593419 -0.021017690132248405
v 0.17356863016466326 0.0994103285255356 -0.027479083319320807
v 0.16777265080523843 0.13014218960781695 -0.016875534917482487
v 0.19269268485913946 0.020042654502199803 -0.038632249623728965
v 0.1979443309876007 0.0005931241191344527 -0.04366464951126181
v 0.18432929500988096 0.060836785034870874 -0.025935489929852115
v 0.18816405607640468 0.04007981448871237 -0.03256994131188884
v 0.24907642224113458 0.07238767142500725 -0.061223798381364276
v 0.17773579263707265 0.1461066674874989 -0.05281881553055551
v 0.18300990889624597 0.13586722447138597 -0.05511186085457665
v 0.16963149865605937 0.14331695519789137 -0.043903770913745144
v 0.1603825259936492 0.1848411911746 -0.009103146678373883
v 0.16292935917659981 0.16862013186091462 -0.011560752673714713
v 0.19681881371822163 0.13304837285931165 -0.06115804276637628
v 0.15586823633982333 0.20613351272162958 -0.006679639576397127
v 0.257573919708058 0.1345743215274892 -0.0384961466713136
v 0.25107671997640313 0.17144490308750374 -0.0294078504146347
v 0.2568674419877587 0.16091007518124498 -0.027868375221450626
v 0.26927307750638096 -0.013241264175069128 -0.03118025190110091
v 0.2475899227926188 0.06837348237905863 0.0013669246351250112
v 0.21618760405091655 0.11453494875997439 0.002249444582048172
v 0.20177123083363827 0.11092738035857234 0.0018236084349505766
v 0.17380887281107404 0.15637055033024147 -0.05169610235533302
v 0.18199789861991275 0.15853770842167653 -0.05957828244841914
v 0.1863148410516214 0.14936253760779145 -0.059850603633615454
v 0.19927961386247245 0.16334654496874765 0.01237005530939375
v 0.2133076684144791 0.16653983003315645 0.010160705286993045
v 0.20357426966764217 -0.018454023025654798 -0.04746740585699972
v 0.20103797904610723 0.15215127563813086 0.009438580145371838
v 0.26277987514122747 0.11582669840043025 -0.03604003256138289
v 0.018348444609924238 0.3853244481218012 -0.09946635461592854
v 0.0005836108804159055 0.369689134979745 -0.10030711585532961
v 0.0006034231821241266 0.38344245067921245 -0.09774411203679967
v 0.15661058555469093 0.21780055986660493 0.043403069031906716
v 0.12039099464422993 0.18934518762594654 0.09047710151517441
v 0.13415639937887205 0.19332383078438709 0.07460594461976627
v 0.16592360325268715 0.28607899766756745 0.014761261119825935
v 0.16488536277955493 0.27571212026013664 0.01708112965187176
v 0.16212769782849826 0.3176150492081758 0.000297581843605076
v 0.16614013321909518 0.3125485701548091 0.006085333624863893
v 0.15784563163435972 0.25825012062911457 0.04836946886468917
v 0.07987410766152102 0.613558465382888 -0.007081749658787614
v 0.07694067972391934 0.6064089694233472 -0.010324579641679325
v 0.08202583409448543 0.6269416680713683 -0.006905138581536751
v 0.007643005814869003 0.04289374872110238 0.16321318808163598
v -0.004933480968223296 0.01709909996659717 0.1648858812764897
v -0.004852217942072899 0.004289544782342641 0.16652926608146015
v 0.07905369004921989 0.5972161506701896 0.00785539586628529
v 0.07710148125512725 0.5912308548684655 0.002988750203806653
v 0.08092443585281416 0.5941538549119179 0.0059647073362998765
v 0.07910713039901705 0.5992465403821718 0.009885617893128962
v 0.07873785145559029 0.5982087400395095 0.009550692754954383
v 0.08217955901055399 0.6296207103865612 0.003601217003444199
v 0.07518942321116578 0.5977549900201296 -0.010600301243757815
v 0.0729470656542217 0.5882550351386293 -0.009494267429836776
v 0.08027708785568119 0.6160576025647082 0.00838576569563416
v 0.04948920101941063 0.03712161413755363 -0.07729443899224571
v 0.05406061419021898 0.019286187560469015 -0.08277044829812144
v 0.028301471637236397 0.019009080563314795 -0.08378598387872474
v 0.02534439499176043 0.03684343835757867 -0.07728740535617619
v 0.0012481173605026585 0.004742585063592902 -0.09120907338078636
v 5.9406043692403096e-05 0.02071129100476432 -0.08349994580747745
v 0.03200239126190496 0.0007472062241837829 -0.09232528698799819
v 0.14787319512801456 -0.03460136538563763 -0.061299706815969496
v 0.14399609121651666 -0.012429319991116045 -0.05739835056772595
v 0.1591219962561646 -0.010912029814491658 -0.03437853346826905
v 0.1636880360054281 -0.032714342020034426 -0.03660298795862723
v 0.164326516934657 0.0057585264280194115 -0.007632251500339557
v 0.16923708889469677 -0.011547705766826233 -0.007388589531490618
v 0.1539343791286832 0.0072686598015664905 -0.03284070224312025
v 0.16820541522852786 0.0018365636325666235 0.02098370494631271
v 0.17271819748428194 -0.015988288394937517 0.021311716599776338
v 0.1648069717124937 -0.004837639606803862 0.04886846966329599
v 0.16902218149160797 -0.024348767839364738 0.048891661815452236
v 0.15927821525516342 -0.033513419073830125 0.07338406677255212
v 0.1434235500591551 -0.04242503405499931 0.09527409951057526
v 0.12386896605336051 -0.0741677851520644 0.11066790472879073
v 0.12235344634717306 -0.05197709887580809 0.11289358196825224
v 0.09928394007718483 -0.06102115677764616 0.12698848849339545
v 0.0748066477650895 -0.06925404856721065 0.13804208408020943
v 0.052371352150858794 -0.07467567798680838 0.1467274118510116
v 0.03237346159124237 -0.07836881193698753 0.15208685240544154
v 0.01439733710492471 -0.08037835304828972 0.15492401686261978
v -0.0017450869034204624 -0.08190912997035171 0.1547510030156563
v -0.0008870159868384526 -0.10724357732258205 0.1492128870925111
v 0.10732403508569092 0.40361922280076346 0.05367450224710016
v 0.08857928385058622 0.4649326855063633 -0.05735233055972563
v 0.10747670137793423 0.4675038010965108 -0.03355019435981559
v 0.09914789027767355 0.46144694110961676 -0.05696674073330723
v 0.1180902187954907 0.4056644014751384 -0.09364451302877436
v 0.09829874282360432 0.39853281658018735 -0.10152706530666399
v 0.10057762865250486 0.41712665470553345 -0.09396259167246952
v 0.12101382304878693 0.4256551311912382 -0.08292662591557656
v 0.07830178391933747 0.4553147286838098 -0.07249784998717146
v 0.07233370100632266 0.4579846770041695 -0.07090075143350887
v 0.08542234636426728 0.45109081071466406 -0.07521202414903484
v 0.06944087064602185 0.4404453878080767 -0.08582984644388711
v 0.05161807546269209 0.4322955770247077 -0.09033456028460185
v 0.15934101125989542 0.4585278622674709 -0.02716983823598285
v 0.17540664169524456 0.45098621784311355 -0.02254692330130614
v 0.16935997922881438 0.4404439475352249 -0.045926999219685065
v 0.15611363213589866 0.4457339060400496 -0.050908079032073505
v 0.14800607561585485 0.3948880140336354 -0.08960904517236412
v 0.16002530116103575 0.39567220124481045 -0.08615098120373324
v 0.15775479745759668 0.38034428053956265 -0.09264719408929026
v 0.14548345096141305 0.377876109905428 -0.09525952066684716
v 0.20817898583878836 0.4052894192435933 -0.011173938661657702
v 0.2141028345194658 0.38600380622383323 -0.009748891199706403
v 0.20965377435553603 0.38784386072080157 -0.03110727809572987
v 0.202965106126684 0.405219822281141 -0.03302902224270999
v 0.16186598271458655 0.4106758906606107 -0.07562206560180418
v 0.08446253761147732 0.27932669437839874 -0.11214859251899559
v 0.10211733568256519 0.2880138494960458 -0.10843597684507755
v 0.1178596539096673 0.29703870677171873 -0.10347472873542717
v 0.15466299643456352 0.32148312906078336 -0.0898858701419581
v 0.14765483618161007 0.30065929947337977 -0.08966052340036693
v 0.1456295608325838 0.31415457033827 -0.09410347041040659
v 0.16171199018625226 0.3288885899815963 -0.0862598264934474
v 0.16427850744402192 0.33330551434262445 -0.08114655931977767
v 0.18678823339831485 0.37289518207824107 0.04454733537301918
v 0.17731596102601274 0.35577710266044094 0.052780772663804966
v 0.17820531095589964 0.34450256455020944 0.04964768162547885
v 0.16106728272041945 0.33080673743096844 -0.07271976784243958
v 0.15793141865205365 0.32571875955000784 -0.06974735245099595
v 0.16057139982941002 0.3272607721953378 -0.06941031462057182
v 0.16284602784037833 0.3325168437206827 -0.07283214527921456
v 0.14270346806441817 0.46250734686473777 -0.03127265564056825
v 0.20374950872556485 0.3857135410326856 -0.04781618557242749
v 0.19672692219741567 0.37948257822547593 -0.061618581626367006
v 0.19054751379344823 0.3920481071682525 -0.0633110014482182
v 0.19683368103650067 0.4000644163479032 -0.04979945299665789
v 0.19115505978040698 0.3747396239077906 -0.07177484282035901
v 0.1856894116651936 0.3684348147814421 -0.07856224337321883
v 0.18097101893224007 0.3754857856412438 -0.08167959079781757
v 0.18578837860056724 0.38442779508775066 -0.07444209577121358
v 0.16475834687964272 0.3361379247838052 -0.07603951289694197
v 0.1653056714290838 0.33884692546545164 -0.07648466580825064
v 0.21339606069232503 0.3607465214587222 0.010802986518727247
v 0.18946672026842756 0.43638312695829845 0.009332866279678236
v 0.1766500459981246 0.4505283991436471 0.005824432572310734
v 0.17159549158846632 0.43669597912785196 0.030136193603583647
v 0.18248583400662452 0.4227851089507215 0.030847747898606417
v 0.1575224246335495 0.3094091399075467 -0.0036101873440658825
v 0.15545166021046417 0.3047701125254576 -0.018259350895436774
v 0.15229879650374942 0.30201961027951596 -0.03283931242925433
v 0.16044461535916718 0.31499037470105024 -0.05905952968495782
v 0.1501499467922342 0.30171512289630253 -0.04530192670062804
v 0.16444259704793177 0.3220825829944066 0.04425951040869308
v 0.17635443075511317 0.3309846901848813 0.0464972046874185
v 0.16340311822172512 0.4139705632975065 0.04352314652540315
v 0.17271971361366825 0.40166958398321234 0.04394384069953455
v 0.21786565912850972 0.3661526947739522 -0.010424794318626819
v 0.21398671097165256 0.36888407742000856 -0.030835356511251594
v 0.15528262107966606 0.3091491376975465 -0.07338461630892604
v 0.15478093619777597 0.3171619609115893 -0.07086578947634174
v 0.15898925188342586 0.3223082394540948 -0.07400204054039629
v 0.16167503778124895 0.30818969053102696 -0.06610721961904932
v 0.1588057441968699 0.3215703424058856 -0.0649169197058867
v 0.18901691257262812 0.438657435666267 -0.017447945364760794
v 0.201028120128657 0.3650852274024296 -0.060635287504948114
v 0.2079439570600471 0.3688748454962893 -0.0473023217321607
v 0.17886598537180828 0.39060460569523614 -0.07787463402302017
v 0.17033356913853143 0.3942337131599311 -0.08202529906933535
v 0.17287898334896643 0.4070791887195591 -0.07084919740302348
v 0.18241601384824524 0.4010220304914419 -0.06679249812878663
v 0.18245561639368932 0.3491514116861804 -0.0800938174468782
v 0.1893673788919597 0.3569950653792595 -0.07614178485215373
v 0.1676240462719226 0.3807934642406061 -0.08920177419654933
v 0.17522791931912204 0.3792979045385393 -0.08559269693453879
v 0.16379311578399228 0.32787402171158836 -0.07709120412311016
v 0.1537468842112193 0.423679207788583 0.04249455025913912
v 0.13603919539954631 0.40373338620746047 0.05171991678487288
v 0.14769564488569278 0.39954256036770264 0.051765127894493376
v 0.15684409191695228 0.3910106256111794 0.0526305688057378
v 0.16626489020155483 0.379944759680853 0.05321865731087883
v 0.1731697788724418 0.3668408201934738 0.053807282699556924
v 0.1227111594889 0.40378658197734674 0.05209618053525537
v 0.19149163715918507 0.14020157385302492 -0.06075201940534633
v 0.1507191481204791 0.30379169280710067 -0.07068802274892931
v 0.15856085170135498 0.30017069289601633 -0.07551110814485712
v 0.15510433124152756 0.2938627120942112 -0.07328974773744032
v 0.1901120639747733 0.25920805719746487 -0.07166419049320052
v 0.0047275120039979015 0.5397266391933939 0.12238411936138198
v 0.005025509302996703 0.5341593284992567 0.11966281827096599
v 0.003200219008807317 0.5638180586952398 0.12269140565506362
v 0.0034277539278800943 0.5601470604942314 0.1235487275391842
v 0.22657539350112207 0.14881666215819944 -0.05277750084408412
v 0.22938423401731903 0.1402623852178551 -0.05327005701463514
v 0.24364485949844053 0.09288973990831241 -0.06069116864010391
v 0.25721466477234345 0.09411150188204635 -0.04801673992908292
v 0.26130679133241475 0.07272265573389426 -0.04794826438064887
v 0.2628466612801824 0.09233862993312246 -0.006231173190375439
v 0.24891917160551744 0.09220781073801688 0.0019814961217438066
v 0.201628076729566 0.08863352595427505 -0.0004700067127719257
v 0.19467140254167087 0.08395619592750309 -0.0604588791707344
v 0.2644611899156576 -0.05298744817211773 -0.018267939472321228
v 0.2636656587562731 -0.07265324667755332 -0.01751922384709878
v 0.2704067349347041 -0.07242991892789194 -0.02617316892418014
v 0.2698637899367219 -0.05258404306682865 -0.02820528980679088
v 0.2627989077127567 -0.09178612638203587 -0.015369049616337518
v 0.254089041161724 -0.07306296769641865 -0.013506405760556723
v 0.2526284079274246 -0.09182143500862439 -0.013529991181410786
v 0.24416217359665243 -0.07307647473097101 -0.014191301566418063
v 0.2434655015883041 -0.09132750860797467 -0.015462417669104174
v 0.23577434655596255 -0.09070322325148389 -0.020797684344534165
v 0.2351855185210295 -0.07304654608569078 -0.01863842243644016
v 0.22824025745276907 -0.07378381966237446 -0.02600078279349924
v 0.22956045485251989 -0.09119649458814388 -0.02881157805772964
v 0.21963911573013106 -0.05586717342221201 -0.03148089511599087
v 0.21486479574938663 -0.056312154536027614 -0.041849196554694344
v 0.21990757675917927 -0.07491799193495782 -0.04491236948417046
v 0.22300219317869038 -0.07463657820676886 -0.03501877747466651
v 0.23057691207681236 -0.090698541744556 -0.0641427693572402
v 0.22509185166542098 -0.07348947156126867 -0.06402179702904764
v 0.23373316290163887 -0.07215087137730025 -0.06865870850074396
v 0.23857052670162424 -0.08963959579538233 -0.06793957437230311
v 0.2500761453006983 -0.05159492363837062 -0.0673655817866872
v 0.2550263080884808 -0.07099398630521453 -0.06616411284222717
v 0.24444081958942604 -0.07160045774939386 -0.06878072036131624
v 0.2386994655863128 -0.052003785903315614 -0.07009158291949147
v 0.2594775513381001 -0.08853162622036703 -0.06607648530119058
v 0.26344778645300476 -0.07153122598547451 -0.05909142588647277
v 0.26743301272787395 -0.08877532531825472 -0.05821459636739097
v 0.25570898204193226 -0.03392404123029083 -0.012691925841770294
v 0.26487715435354864 -0.033330205586756007 -0.019485074188232646
v 0.2648284981118705 -0.0137222444764456 -0.020346452900892483
v 0.23429554147079065 -0.054336061926537366 -0.015615762033972448
v 0.24410196957522673 -0.053813691339532316 -0.012103482548167824
v 0.24463996336449986 -0.03440541682316198 -0.010632984762027333
v 0.2337723959473308 -0.03493705331661753 -0.012677489447986755
v 0.20564125768318253 -0.018470160916986833 -0.0341181236529331
v 0.21034785313977333 -0.0375271913402051 -0.03821157434903203
v 0.21631486642049377 -0.036710084929723386 -0.027382945419554515
v 0.22643783876474582 -0.05493044441761369 -0.022646815030217093
v 0.22446273542183837 -0.035689762487693205 -0.018830317474121783
v 0.21445198458622314 -0.05595414705774154 -0.053116014989619126
v 0.22029283298835112 -0.07444534827992788 -0.055197844153687406
v 0.2700231568445627 -0.05246481310626874 -0.03963204095309429
v 0.2714763037818909 -0.07219243062974329 -0.03755178552625981
v 0.26879900355452885 -0.07202319238965843 -0.04878934058807528
v 0.26642056500691486 -0.05242809891128242 -0.050553002487612124
v 0.20916604288509286 -0.03724204479764959 -0.050448692802351085
v 0.26886949526851894 -0.03268364359970846 -0.0416244514754732
v 0.2644460258086297 -0.03258230264738621 -0.05300442363036433
v 0.25989834074867973 -0.05210341284829742 -0.06060096880845715
v 0.25627522358391436 -0.03222827616558693 -0.06299490683146358
v 0.2733570219645188 -0.09032788267661934 -0.035490651839331436
v 0.27084725740543314 -0.09130629160563741 -0.02376329426231361
v 0.2696616048514353 -0.03289387312472761 -0.02986151387694569
v 0.21922882546047076 -0.054826595417324625 -0.06314315959011037
v 0.21350199486788496 -0.03596309499310063 -0.06158888275268822
v 0.22203682469233565 -0.03412494618522813 -0.0689004540888854
v 0.22793062329429445 -0.053144069623699386 -0.06925060365915284
v 0.23969348218774505 -0.011760042972464857 -0.07059816588835678
v 0.24475662279787153 -0.03198667918672596 -0.06870334028622799
v 0.23289372166012523 -0.03259295598605794 -0.0708456508073225
v 0.24874197650888422 -0.08926189206754309 -0.06857460121505791
v 0.25244056078809807 -0.011907819309665196 -0.0653167523405785
v 0.24477806311453132 -0.1753593075425801 -0.02723007420847737
v 0.2443934346586634 -0.18061625759906996 -0.01817784469995732
v 0.23830558207773736 -0.17262824719803438 -0.016273471924010657
v 0.23939270645490704 -0.16684879382928475 -0.02603526112631472
v 0.22581826216043535 -0.1539672489295243 -0.009109335753115885
v 0.22857815205637608 -0.1621134595766261 0.00030820130983148596
v 0.2310843144601147 -0.1543779758067042 0.00673820467204487
v 0.22806105000320892 -0.144840313444761 -0.0016514649438236853
v 0.24687017787912552 -0.18395024384345487 -0.0097398639343385
v 0.23958619145964544 -0.17689654485300216 -0.008038108153191703
v 0.25165667287088556 -0.18181754690013974 -0.0036628938986555267
v 0.2538219201671163 -0.1901835223086174 -0.010820735582181943
v 0.2607404838148893 -0.18838953452895774 -0.0067819541028397235
v 0.26588670563562605 -0.1955751645295687 -0.008409755513068362
v 0.274379467312173 -0.19231309085470022 -0.011801077288176441
v 0.27056656895472225 -0.180981981532786 -0.007849714652931555
v 0.2797948316976059 -0.17222057828954213 -0.0322323459821254
v 0.2804505295872066 -0.18682710387395945 -0.03241000685830159
v 0.28048059908422057 -0.18402800499403926 -0.043273684960057686
v 0.27897157319236615 -0.16938779730881715 -0.04265819363139976
v 0.2731212145503808 -0.1759812406839748 -0.061272165563322864
v 0.2721658421464731 -0.16241566944355196 -0.05903677501121489
v 0.2757885563879231 -0.16614168715594102 -0.050911924080286705
v 0.2769883059723396 -0.18101989008077807 -0.05227511938293139
v 0.2462051038564555 -0.16857748960513896 -0.04164789923325124
v 0.24592889741659818 -0.1706882923508063 -0.03577995051824953
v 0.24144051465224192 -0.1619896061054495 -0.035660898883381434
v 0.24197430330044453 -0.1593556811942028 -0.04200813474344917
v 0.2540384793361665 -0.17841851071234255 0.007001767512927729
v 0.25075206757043045 -0.18069033748982616 0.005135850693653324
v 0.2587386454551738 -0.17937438922790344 -0.001612040233627017
v 0.26105704134055185 -0.1729631691399729 6.824129139074758e-05
v 0.228344935263119 -0.13565451989756117 -0.05343923136963962
v 0.22884186565243092 -0.13517667143699708 -0.04593886960724852
v 0.22853038344488272 -0.12422939485074769 -0.04299806496212095
v 0.2279030005346233 -0.12370432984938773 -0.051561302288193944
v 0.22752780790824745 -0.12984789187839724 -0.016664288821685688
v 0.23841142983018324 -0.123670920155724 -0.008892286102283039
v 0.23883303696191419 -0.11707244601521671 -0.013917721125927825
v 0.2299560905137778 -0.12406631486446634 -0.023711157200983303
v 0.22687890823946813 -0.13654675667532662 -0.009510878116936801
v 0.23811401988754913 -0.13991554162913356 0.0028373991109291604
v 0.2376393268238611 -0.13078233790648336 -0.0030868722749002645
v 0.23960822031299567 -0.15075887338265803 0.01018687825699985
v 0.22963371389070097 -0.12083252553894869 -0.061820298055005544
v 0.2297393372501906 -0.12996484423815374 -0.06531825750634311
v 0.26504727483694634 -0.24569296674840158 -0.013733321376968807
v 0.2646071744695456 -0.24005756189152638 -0.013275459701977861
v 0.26304392880342703 -0.24090223482276352 -0.018507807944507
v 0.2638724042014154 -0.2465984732755827 -0.01887030558472307
v 0.247609826779567 -0.1245112396001804 -0.07292891512386863
v 0.2447299186276794 -0.11806856359241563 -0.07119533504939678
v 0.2543597238941202 -0.11765782057381408 -0.06994939418223116
v 0.2570998882026137 -0.1244164244366408 -0.06980285114800729
v 0.25062715048539214 -0.13304646587741104 -0.0751613486919955
v 0.260101610032753 -0.13343345395269884 -0.07026674932722919
v 0.27901138159045114 -0.2462431790376342 -0.01257656996240156
v 0.2792580563926426 -0.24011685098791075 -0.01298698670866535
v 0.2744875192148501 -0.2397578964998736 -0.010544723044430531
v 0.274060295835821 -0.2457240248755745 -0.01041539543227006
v 0.24868656371910244 -0.1839710584537837 -0.026952603701036693
v 0.24886927318841467 -0.1884923444888702 -0.018338933685541098
v 0.25421372198993053 -0.2058427931167835 -0.020887539148548653
v 0.2560671211053225 -0.20421050867678914 -0.014821444228652529
v 0.2525850542088799 -0.19644508650950004 -0.016661734970668165
v 0.25160479190413276 -0.19452842648355784 -0.025884541722554843
v 0.25161375016875215 -0.18652801615946007 -0.0452070502001144
v 0.25206119733954074 -0.19103647109692845 -0.03824801465552462
v 0.250089027538898 -0.18059054220789833 -0.03819719053356884
v 0.24945601309747698 -0.1764764179005533 -0.04537079254526719
v 0.24568946655266316 -0.17345892564469534 -0.056454549341635435
v 0.24341869136807173 -0.17352632145494323 -0.062172162483287136
v 0.2459045577117568 -0.18178814168340945 -0.06318640193662198
v 0.24844235147169777 -0.18297010655854762 -0.05690607696659164
v 0.2541799489943203 -0.2029558666417688 -0.05234060608195874
v 0.2535284270701925 -0.20152356453270953 -0.05754698713473638
v 0.25816314337335355 -0.2099584789364195 -0.05804084566268167
v 0.25837108739832054 -0.21157017862359606 -0.053307687796172634
v 0.24292267684205648 -0.11175436464220884 -0.06998177825236666
v 0.2527531875897927 -0.11064515504187733 -0.07002001905654248
v 0.2629757953480216 -0.16799234536423485 -0.07728172105783657
v 0.2635773278217455 -0.17731854605786224 -0.08054197779039993
v 0.2552563402818608 -0.17450398125779165 -0.0865285306316114
v 0.25447982771263467 -0.16486736751980946 -0.08313086057386129
v 0.2650158627793264 -0.12626060956617657 -0.06308920255147776
v 0.26328171553834373 -0.11891209694194915 -0.06382503222591797
v 0.2816342717054904 -0.2470969157229207 -0.017514596331766226
v 0.28201386618152713 -0.24091180579642668 -0.017935899600825318
v 0.25008833532261404 -0.15116817319685927 0.00907055389381076
v 0.25005688741013105 -0.13959346953371393 0.0010165054268660642
v 0.2500644506301157 -0.12992306118015412 -0.005353130181481403
v 0.2505388819237196 -0.12268204536734628 -0.009539010200725824
v 0.2513789499406965 -0.11604519959789722 -0.011455660865349535
v 0.25282828200375806 -0.19944678706165653 -0.030698227979084333
v 0.24843860970567905 -0.17809363576889398 -0.03411785321900362
v 0.24568857120012969 -0.166770108225892 -0.045859532988413415
v 0.23615414690689995 -0.1625930632586738 -0.0732156915215844
v 0.23791944595611672 -0.16520630464112385 -0.06615798019377417
v 0.23512854613051126 -0.15858902599414443 -0.06360260147612552
v 0.23398986676968753 -0.1544111007011491 -0.07296995806465534
v 0.24543252279453778 -0.1654086318394138 -0.08414049877140022
v 0.24682927071861063 -0.1748790634464723 -0.08632038172768824
v 0.2421501000638138 -0.1771589728524008 -0.08163426426755958
v 0.24010037769813874 -0.16856299026057625 -0.08000076234365222
v 0.2564040474529853 -0.17568953964335338 0.010800300699975882
v 0.2605117733043666 -0.16698621019313836 0.004137765905734181
v 0.23776773713384794 -0.12640786777145502 -0.0715223067352223
v 0.2361230451267732 -0.11936195411337291 -0.0681387611425169
v 0.23531432450189957 -0.11221099422103503 -0.06585757969875222
v 0.23493401840539158 -0.14707853699369694 -0.04464570525710161
v 0.23507014215610347 -0.14893701518881525 -0.04056373922042613
v 0.22797709881876363 -0.13679644394877083 -0.035380245161341514
v 0.228980153929751 -0.1350284601534572 -0.04120622826667262
v 0.23122172738524405 -0.157910006764929 -0.024225349598376467
v 0.23089220746142658 -0.16446831897099434 -0.013966917721644972
v 0.22519108562088114 -0.14639217066235477 -0.019301128416995706
v 0.22892815749500717 -0.12410753592292062 -0.035152935932592735
v 0.2307052127273075 -0.11509256551668434 -0.03227121802241468
v 0.22961308000735 -0.11508210683943887 -0.04128076389196123
v 0.22913603258171478 -0.11467739134836374 -0.050459200306847966
v 0.2305814450683914 -0.11334671948183028 -0.059483357749635396
v 0.2306370155774066 -0.10526265663425421 -0.030888461539488637
v 0.22874208217644326 -0.10549944703864667 -0.03991477014688806
v 0.2282215110990975 -0.10527520048299016 -0.049608189245945906
v 0.2299164255058225 -0.10466580417891197 -0.058345300708312335
v 0.26169347686388866 -0.10107450630545944 -0.06537493592839624
v 0.2622310752801765 -0.11069108015901258 -0.06464218376182494
v 0.25128923613962123 -0.10163054102735897 -0.0699412186763338
v 0.2418294334418273 -0.10638198544574712 -0.015191836149311374
v 0.23538024502731908 -0.10522216579138988 -0.022221480851405382
v 0.23388022714683182 -0.11533539648836061 -0.02280448314227607
v 0.2519461322500889 -0.10682302024920393 -0.012860557604655503
v 0.2316654137579593 -0.16798408452388508 0.007142239648281517
v 0.23550937636986352 -0.17387388949495408 0.001886260942818547
v 0.2366129130417077 -0.17837440280710737 0.007574464465084496
v 0.2336968436355079 -0.17380925449739443 0.012586563691395054
v 0.25853718079132404 -0.19646663851047602 -0.010848615131915583
v 0.2616916675954593 -0.20367575452476466 -0.010780970396331132
v 0.2688832943463977 -0.20325230207603096 -0.00978414640379682
v 0.2310675003491065 -0.13859535001126522 -0.06911661097357528
v 0.2302270161299427 -0.1434926208766925 -0.05876474147246013
v 0.2548433972469982 -0.20822852847123774 -0.02649356241035361
v 0.27904345705778316 -0.23283460546571844 -0.013306937557275529
v 0.27787593146030126 -0.22050337274710996 -0.013435706365288135
v 0.2718465891978724 -0.22009241713145566 -0.010703186276790674
v 0.27392014253435865 -0.23270758857945084 -0.010596483582268983
v 0.2607438596034943 -0.21657518162425354 -0.030118767089428553
v 0.2639857317779296 -0.22391155016634134 -0.028700060421387643
v 0.2599414865568086 -0.2221470533848287 -0.024213735672578226
v 0.2578854963923198 -0.21447895491707292 -0.02482246615295343
v 0.25174497043059824 -0.1994963260346324 -0.06385595492396325
v 0.25555224026204715 -0.20636165504040133 -0.0641698514916921
v 0.2777008222809602 -0.20196214988465883 -0.03307318861775828
v 0.280482870166611 -0.18868886559264897 -0.02109230858215612
v 0.280368447783062 -0.2008430439983896 -0.021883801540647743
v 0.2502676977503256 -0.18428938510520732 -0.05137593725065644
v 0.2506536658451345 -0.1925199835497739 -0.05726406723879462
v 0.2518704417561167 -0.1938060964459969 -0.0518673741933304
v 0.25378507412795426 -0.20284699698980768 -0.03320889888184604
v 0.253292557890031 -0.1989410625185017 -0.038130455197809325
v 0.25558440027636664 -0.206595070937465 -0.0371410618089935
v 0.25584502863622327 -0.20916522702388668 -0.03133348423764422
v 0.24202996059986273 -0.1546179822617717 -0.08166725408623166
v 0.2538892923678181 -0.15383646304573223 -0.08023842148130082
v 0.26907120697354736 -0.23965558263604797 -0.01052879881111813
v 0.26903899217906724 -0.2454526518963615 -0.010885074687075787
v 0.24130057522734613 -0.10286228942907322 -0.06886260943109296
v 0.23409395155830404 -0.1038519032938488 -0.06483889748481565
v 0.2479050577396795 -0.17440844728688387 -0.05086525377760516
v 0.2779557362485012 -0.17540596071515058 -0.02039698406104197
v 0.24409595524603467 -0.165066830932246 -0.05029742834968714
v 0.26780588741613964 -0.1945752640571684 -0.07103982056277325
v 0.26958329329141484 -0.20222500373580599 -0.071905485960752
v 0.26295385063541377 -0.2027965425931954 -0.07330960857896414
v 0.26100565744522264 -0.19558294877688148 -0.07429206802239957
v 0.26775273344088873 -0.23530000509972682 -0.027813579843047147
v 0.26992846495399536 -0.2423183037329989 -0.027392370732495053
v 0.265332779948571 -0.241847769386283 -0.023813543254545086
v 0.26310877353963663 -0.23452252921627348 -0.0237169527316082
v 0.2572218014445462 -0.21239036358178076 -0.01966680229139385
v 0.25875543312564103 -0.220703829013004 -0.018945762448048978
v 0.2606897039552783 -0.21971436976905145 -0.013899822610800656
v 0.2588731239870937 -0.21089662077963428 -0.014284212359060577
v 0.26396062622286875 -0.21066584328242954 -0.011227089771875958
v 0.2658221828190762 -0.21969003172470503 -0.01119570131786703
v 0.2746039742988927 -0.2355081936774418 -0.028715255598498628
v 0.27147275918502217 -0.22451037608271296 -0.029518685466297122
v 0.27836851988890393 -0.2223702607355748 -0.02607691819670593
v 0.2802672732686066 -0.23449028462881144 -0.02475996085576735
v 0.2712125551896633 -0.14917856777523347 -0.05695911130451561
v 0.26770764473648834 -0.15934158128372866 -0.06746961322531361
v 0.267016365841859 -0.14667043149227815 -0.06492118459672905
v 0.2736902903201539 -0.18865551734263697 -0.06326232771546962
v 0.2664931481273368 -0.1843688651811476 -0.07182087487001894
v 0.2681464911208872 -0.1719999898802721 -0.0698811291851314
v 0.2625471377440994 -0.15650208102586843 -0.07419737498013945
v 0.2695856264948341 -0.213380665870207 -0.035870281625135156
v 0.2752982894141018 -0.2111692240436036 -0.03741281365947158
v 0.2753671348327305 -0.21240980493646971 -0.02914333629306138
v 0.24089075045755168 -0.16351457362233407 -0.056514492190056415
v 0.2681711744370726 -0.23239588042371617 -0.010760442183085112
v 0.2698755817471359 -0.12419709943466833 -0.020690831676438624
v 0.2698018775625968 -0.13246338266145374 -0.0196667193355139
v 0.2754792062993249 -0.1329511821375498 -0.03295010511674414
v 0.27460327440621973 -0.12355725284737679 -0.032190862998489354
v 0.2613749515378083 -0.23343401551401444 -0.01837999530218335
v 0.2629994782200394 -0.23280689232443907 -0.013253901453115044
v 0.25145369167111975 -0.19870542050724227 -0.07035231827247042
v 0.25390190040749294 -0.19973304529203484 -0.07525374817997307
v 0.2572886532544658 -0.20441676526796781 -0.07365592367722479
v 0.2554153177032068 -0.2046899489907666 -0.06954274160752229
v 0.26200397285517485 -0.14446587482543427 -0.07168664294054462
v 0.2637758541536823 -0.18384826379781477 -0.08369030229356758
v 0.25558998293989754 -0.1823640230979392 -0.08924299228570609
v 0.2663810071429051 -0.13525407987477467 -0.06333900389379495
v 0.2705932661922846 -0.12826784346000347 -0.053963996630085484
v 0.2709340180259846 -0.137313062742707 -0.05519008890617874
v 0.2758405077448503 -0.19711890173715313 -0.053165080059716915
v 0.27453354226859655 -0.15225053690026757 -0.04954594269014724
v 0.2739666462857691 -0.13970814160386974 -0.047772774438431795
v 0.2737657763806059 -0.12971698105137153 -0.045082744744332236
v 0.27359483884818636 -0.12181235682689473 -0.04416320495789364
v 0.2698584836251282 -0.12048966457466687 -0.05401679038642831
v 0.2818520417254617 -0.23345586267886437 -0.01861622357815312
v 0.2808744673758746 -0.24177716916997338 -0.02397141410063891
v 0.2688195123909569 -0.10157102646919214 -0.0560115088727668
v 0.2691779704159924 -0.11179923388413321 -0.05464515924892851
v 0.27244183465532634 -0.1027933880458406 -0.04550018770412748
v 0.273170746024275 -0.11318652805002483 -0.044511836746697474
v 0.2764233467945134 -0.14499364631337303 -0.030225711469732647
v 0.2761827056937734 -0.14265303761520004 -0.039284721975320694
v 0.27806212135758623 -0.15838597729512982 -0.03167974734447319
v 0.2773433830020687 -0.1552704242794981 -0.04151218603567684
v 0.2808207797809425 -0.19784404470774924 -0.04370486694607195
v 0.2774625040693856 -0.2570534677439669 -0.025740705214390702
v 0.27282568705970855 -0.2570160394047509 -0.026861203230479344
v 0.2712252310931363 -0.24865869516765743 -0.027303964415197803
v 0.27664649261354524 -0.24889149141515854 -0.026574779274167244
v 0.27590280313283166 -0.2424303050773387 -0.02755799300337082
v 0.28095324995919174 -0.24808237958552176 -0.02320754997313252
v 0.27500370865367796 -0.16173682828703356 -0.019831150193988664
v 0.2596110229991402 -0.2137238133981974 -0.03656233891890147
v 0.270030685991819 -0.14679181753712983 -0.01644587896956556
v 0.26618412063476216 -0.1579737323682574 -0.004154169407413704
v 0.27048541370804513 -0.1678954889638446 -0.007503884832701192
v 0.2610498895147769 -0.14148104996406863 -0.00435513658335719
v 0.2613372010401786 -0.1308340313656982 -0.009860884678553802
v 0.26163773731419493 -0.11652379308308242 -0.013999522399126683
v 0.26128970688090214 -0.1230189783245434 -0.01298753263706615
v 0.2619043808355144 -0.10712855951763345 -0.014553336212472508
v 0.2594375012884004 -0.15280069032166232 0.003704259502115303
v 0.2647755077785652 -0.25416122695703697 -0.01992260183648853
v 0.265279915236541 -0.2534187585854824 -0.014475058351388865
v 0.26992352742201065 -0.11680855895222209 -0.021138794138054078
v 0.27022562837661634 -0.10647697065723455 -0.02212764889358548
v 0.2326932659742559 -0.17041228683711074 -0.005067046658800882
v 0.23975781197646295 -0.15613012872127624 -0.049224392556429526
v 0.236712332647732 -0.15463758133909733 -0.05395845581134633
v 0.23260111308070794 -0.15158666467163773 -0.061370128622258456
v 0.23241543448828758 -0.14697521191626806 -0.07166745031238039
v 0.274198483585921 -0.10457978061849138 -0.033529237766343256
v 0.2260844900745721 -0.09209869637205781 -0.037839792333232876
v 0.22501624701129866 -0.09216292682257049 -0.04762487581663416
v 0.27144797339418214 -0.08960365637925571 -0.047155994087792204
v 0.2688158135834234 -0.25336252594939124 -0.011464796774706895
v 0.2653196513149711 -0.2123117500218536 -0.057256352360182276
v 0.2648503401893771 -0.2138535574844717 -0.05532588304651778
v 0.2333836010308171 -0.16190392318877161 0.012471104918085724
v 0.23558353461079626 -0.16963542344093424 0.017291271117787176
v 0.2491900128017734 -0.17032560015694104 0.020061491856349527
v 0.24965749806780038 -0.1606445679606966 0.015567593912488376
v 0.24048653159207617 -0.1594458708658824 0.016025560678092014
v 0.2413581290971759 -0.16879153909198696 0.0200861757285096
v 0.23410485965392824 -0.14651193606272117 -0.04776325977610931
v 0.23265308883427263 -0.1458224889186417 -0.0523161092049287
v 0.2527160228544339 -0.14295103808271886 -0.07766490247053534
v 0.24119274299764953 -0.143947007800878 -0.07915068590787164
v 0.27048498977864865 -0.21074953368851668 -0.010716050971153988
v 0.276490897862273 -0.21066033241155935 -0.014081037572920414
v 0.27611550166025717 -0.2021952459749452 -0.013549126789006733
v 0.28082373473721617 -0.2207515122483828 -0.01966230810368327
v 0.26824943049218175 -0.21723367134092691 -0.03114955205040144
v 0.2652789574783146 -0.21567905894514294 -0.03505055478849072
v 0.23362060664579087 -0.15260600947110514 -0.033756695037917304
v 0.22645401991812386 -0.14090035355700942 -0.028272869734172337
v 0.24411046982911802 -0.18079715385012357 0.0037795401812860618
v 0.2419842351112415 -0.17813739578934923 -0.0014856957049236897
v 0.252657320961102 -0.19555533988837165 -0.04509364058653147
v 0.2773383158073949 -0.20929446596556428 -0.05113756803758098
v 0.28060219257166985 -0.20868912999821648 -0.043896301248956535
v 0.25475198420708733 -0.20378962311303722 -0.04492654446552779
v 0.2735102477611162 -0.25403233088474647 -0.01080939312734119
v 0.27850301203368805 -0.2545846842471404 -0.012700428072970131
v 0.27994069242986175 -0.21048678878027777 -0.021114429458613426
v 0.24845038827940266 -0.19092557319971354 -0.0637927178076464
v 0.27152488738702446 -0.21216373572457975 -0.054207280123623594
v 0.2728049744638786 -0.205088403794562 -0.05730024848925039
v 0.24812818986077567 -0.18176085613185544 -0.08767226171907948
v 0.27437463243830273 -0.11550003893997007 -0.03236648416227603
v 0.2661580112242637 -0.2476226273505423 -0.0243524792195637
v 0.2673031296362921 -0.2554062758401419 -0.0249148168609935
v 0.2805729691834811 -0.2560631510462994 -0.022702102134799666
v 0.2813204605742143 -0.25492655318735835 -0.01760191868718606
v 0.2397067203724481 -0.1345836045923416 -0.07580099461291022
v 0.2414042121503188 -0.15752669529065066 -0.04567413514587972
v 0.22639612395711894 -0.09164305865489891 -0.0566907795883268
v 0.2575147896418349 -0.16265421496961252 0.010820530414881086
v 0.25541348651952883 -0.1726929892254162 0.016337916499395384
v 0.2578238448826597 -0.21119467253583135 -0.04518969979652916
v 0.2637622145384638 -0.18931673472287874 -0.07731761984442118
v 0.2744259190658163 -0.20873604249098332 -0.06017883007685801
v 0.2754757098135952 -0.20423985269412687 -0.06638600069271293
v 0.2745022232201923 -0.19742786646829968 -0.06503566985901472
v 0.2701272479317404 -0.21258873878094536 -0.05857827951629476
v 0.28144163620649315 -0.26191914700697205 -0.017647845670244085
v 0.28076227581697777 -0.26282896429903 -0.022560329429420368
v 0.27864626408234455 -0.2618130881815967 -0.012776578772921529
v 0.2736606500624524 -0.2606069745039506 -0.011313152756037404
v 0.26926651204696417 -0.25933603361473573 -0.012037931191104674
v 0.27785788652552945 -0.2635377736969976 -0.025518133892145585
v 0.27356101112789327 -0.2631232000284572 -0.026473353551474867
v 0.2683027556787969 -0.26104000891683304 -0.024706707420308414
v 0.27790520259818663 -0.2691704430358654 -0.02560997672263181
v 0.2807663059630541 -0.26967409250387436 -0.022591694389238397
v 0.27768666458404095 -0.27498399033656457 -0.012543829974470427
v 0.2799489315338258 -0.2762194205241466 -0.01461633431757497
v 0.2801966240283767 -0.27254778240256405 -0.014843437770516594
v 0.2791411838272993 -0.2693522892436904 -0.012981057044205683
v 0.2771649212636924 -0.2799438912609224 -0.013428294407830811
v 0.2799464292385073 -0.280857636216497 -0.015129240039707259
v 0.28166210860620483 -0.2763313289950457 -0.018168471297341744
v 0.2813442810269091 -0.2718266484631966 -0.01770101580510655
v 0.28188047670821553 -0.28132098819829665 -0.018766736882836015
v 0.2811145679408478 -0.2810503823969302 -0.022513233391849522
v 0.2807221616803915 -0.2762663171418314 -0.021785980200231907
v 0.28087896011513797 -0.2724577067442991 -0.020746915268626483
v 0.28149720151907487 -0.2680664533431432 -0.017631325256407007
v 0.2773767660281814 -0.2841596767710434 -0.015513395112517217
v 0.278509302263752 -0.2864516482573643 -0.0197664620458431
v 0.28144130157807956 -0.28541476233118673 -0.019276889921402737
v 0.2799240453008315 -0.28406023188184054 -0.015984454236932746
v 0.2740734757931057 -0.2668513695380446 -0.011717825904966042
v 0.2739323544419028 -0.2735319256958357 -0.012548371913406532
v 0.2736639739716922 -0.2791210457026715 -0.013860014115051993
v 0.27415298552087664 -0.28343105131658847 -0.016314198208981896
v 0.2702468034539049 -0.273164576711611 -0.013741466223627168
v 0.27089248314114467 -0.27884257350554076 -0.01551882416216748
v 0.27168753024951553 -0.2823093240715665 -0.017765892406132203
v 0.267783086095077 -0.2733323592121138 -0.01666908611544838
v 0.26939695714167144 -0.2789264357534678 -0.018090091239542954
v 0.2697438573293044 -0.26524825474587277 -0.012609743216823344
v 0.2666708493786484 -0.26465304295398767 -0.015471938730933886
v 0.2706046570567885 -0.28136927964850067 -0.019095177556470156
v 0.27548955251084795 -0.2855500181872268 -0.0205528257159644
v 0.2796264314080567 -0.27548315980135635 -0.024437284542151008
v 0.27930746534175 -0.28068678490034793 -0.024921495777680082
v 0.27736976568592075 -0.27508004183069396 -0.02609612553876406
v 0.2770535974690676 -0.2803612026386236 -0.02606875577515856
v 0.28130817336436115 -0.2844792637294051 -0.022692175056784215
v 0.2792563006328535 -0.284923845207969 -0.024042159340334896
v 0.26596700442160076 -0.25886898081476284 -0.01502218170794331
v 0.2658175021692465 -0.2595288864347683 -0.020408100080486956
v 0.26641082061692745 -0.26520482413056884 -0.020515057557001674
v 0.2673581959268831 -0.27362722416976487 -0.02149268883529846
v 0.26911572991071764 -0.26657924657856685 -0.02472238520401205
v 0.2739018000233329 -0.26873531979147847 -0.026488531080839702
v 0.274285650742518 -0.2748385763093973 -0.02653265896908354
v 0.270214862070877 -0.27404879870666793 -0.02535374484302872
v 0.2741706384154598 -0.27982253476624547 -0.026039653501395307
v 0.2712963281666162 -0.2793671714349643 -0.024850357670720174
v 0.26949047042715635 -0.27921169560831693 -0.021760560163745203
v 0.273844652129006 -0.28296471030090325 -0.024496544176023906
v 0.2764760204722671 -0.2841536780839838 -0.024652519847226932
v 0.27298764368314177 -0.2837447787750771 -0.021204907466198783
v 0.2711902821217944 -0.2818893260319221 -0.02160680074463481
v 0.27203110231132105 -0.2817898721257132 -0.023858966469745207
v 0.2675394548110756 -0.25169459823981416 -0.046471062874635614
v 0.266975655233549 -0.24432683439156588 -0.04490709277110942
v 0.2659419045763469 -0.24404307146865106 -0.049718558483471946
v 0.26677927566212467 -0.25152487093782 -0.05141317417853974
v 0.2806711257519462 -0.25025603520306033 -0.04341729015651137
v 0.2808239458205385 -0.24331399374356183 -0.04256882281284299
v 0.27520224794073733 -0.24398071315499387 -0.04103204535430889
v 0.2749283169540371 -0.25104164849660865 -0.04226506028975662
v 0.28358121419001564 -0.24933000365826885 -0.048973172646132726
v 0.2838779988816925 -0.24237904630716822 -0.04824434933138002
v 0.28034377790667525 -0.23513021016124164 -0.04134441698253702
v 0.27747734935947277 -0.2214247090543341 -0.0394284419660578
v 0.2712722130469253 -0.2224332015268229 -0.03835972627274012
v 0.27450666736791546 -0.2359573169710309 -0.03985242805770618
v 0.2663586447742721 -0.22183180507965172 -0.05547023743066428
v 0.26241593868416 -0.22089600667810583 -0.05195810118963675
v 0.2704228995453204 -0.24428320359535616 -0.04236592365947293
v 0.27036230035843706 -0.2515880342929564 -0.043558461627003504
v 0.26942683141604706 -0.23537831970593215 -0.0568473669935658
v 0.2712366512065062 -0.2439183461090561 -0.058052924262313385
v 0.26744293714673967 -0.24397993640665205 -0.054634243828435645
v 0.2654924817153839 -0.2354026171773676 -0.05333505731186228
v 0.26119829264251626 -0.2208103830568467 -0.045991420977802754
v 0.2621568622554748 -0.22182034225997682 -0.04014237246393161
v 0.2661578549448207 -0.22260739959445724 -0.03814129808788024
v 0.27532080927872277 -0.2351490346517212 -0.057389367884246624
v 0.27315505295313813 -0.22188466839305987 -0.05566306004759522
v 0.27933288684458407 -0.22072110238284776 -0.052128661833167736
v 0.28086877463637794 -0.2346368505026451 -0.05391202087254726
v 0.26921818770363415 -0.23612269868491098 -0.0405733209157181
v 0.26418143704754393 -0.23534933956965376 -0.04793243310119014
v 0.26525338316424274 -0.2359176703878887 -0.04290562068226065
v 0.28349205723054277 -0.2341434477543558 -0.047291194341794116
v 0.28133723006140554 -0.24279383001235327 -0.054786766926062026
v 0.2786113989504598 -0.26019779876833526 -0.059251056370126225
v 0.2741049671865238 -0.26097929005589826 -0.06023482193021103
v 0.2723728099769882 -0.25127753071292547 -0.05930143647356769
v 0.27730636385835183 -0.2508440979089329 -0.05875656278448037
v 0.276303907620318 -0.24363501486456463 -0.05805079863439206
v 0.2816814217923324 -0.24978549364562025 -0.0551625040270112
v 0.2680464737525025 -0.26212079392244503 -0.05369719348532068
v 0.2683678892176623 -0.2619958270106631 -0.04851723016640424
v 0.2708252593642219 -0.26187882980720334 -0.04538265295370235
v 0.2822701791200738 -0.22026055035987163 -0.045302611583330585
v 0.2749703025638918 -0.261105926704943 -0.04426498524511995
v 0.2805688564858391 -0.2599800658120928 -0.04499127572515516
v 0.26838820995385826 -0.25146575545094996 -0.056273774861376684
v 0.26982174237847967 -0.2615084584724104 -0.05807442321130002
v 0.28214941434212304 -0.2591378757258887 -0.05590212830373123
v 0.2837475726292767 -0.2586113239871542 -0.050170386503330625
v 0.2837170073872758 -0.26681880423284227 -0.05156574198393768
v 0.2822931161746766 -0.26694904244571216 -0.05679359614701322
v 0.2810637289340893 -0.26813323983892945 -0.04648321572896528
v 0.27568740728328484 -0.26836386316038274 -0.04555779133967647
v 0.27175740299169077 -0.268319376388914 -0.04669145106953914
v 0.27948240651474426 -0.267641840441682 -0.05966383260625936
v 0.27550413112350675 -0.2679021582492495 -0.06065785049065209
v 0.27115022733737343 -0.26771734418947607 -0.05883923425028212
v 0.28015107728224875 -0.2746752041260161 -0.060562002602533055
v 0.2830248638422285 -0.2752681911970036 -0.05812703194931909
v 0.28111365248349524 -0.2880749845286457 -0.05062617229619901
v 0.2841267262564405 -0.28822475326761565 -0.05207376575670781
v 0.2834709891005511 -0.2831304162316058 -0.05113500737861968
v 0.28118058380403715 -0.28245872270253336 -0.04896898405128657
v 0.2835839101192783 -0.27938075467811063 -0.050918224499429524
v 0.28208267814744453 -0.27637719897338425 -0.04841935677401168
v 0.28509804991984133 -0.2822119289909819 -0.05442676529525606
v 0.28425515452197053 -0.27849718275340457 -0.05387555977683502
v 0.28643675424601395 -0.2883028313852456 -0.055871185454550214
v 0.2853008299843601 -0.2875308348738644 -0.059446456866791654
v 0.28401124715401405 -0.28200879536766676 -0.05788074076636119
v 0.2835800440140417 -0.27841734006127383 -0.05682719689338322
v 0.2820954112919357 -0.29275870313608443 -0.05312802395063908
v 0.2846991698634841 -0.29206357198141614 -0.05320154072229105
v 0.2841520208742743 -0.2741548596200895 -0.05305391055966968
v 0.2767983062367645 -0.2746200347368057 -0.04712101347415465
v 0.2772998352095518 -0.28174199984307896 -0.048613984337063806
v 0.27791162879887993 -0.2880853767208001 -0.05085041569915038
v 0.2789634678631555 -0.2925115409573887 -0.0537352230156592
v 0.2734556618648577 -0.28136955628657273 -0.04979218631834418
v 0.27492166828605413 -0.287713024587745 -0.05201819827164024
v 0.27648845544414496 -0.2911308733263316 -0.05489606436560261
v 0.2708505266662132 -0.2811079737856157 -0.05294374514740947
v 0.2731456774554636 -0.28726447189550863 -0.05477436515738253
v 0.2725649721617763 -0.27372707198168234 -0.04800119676452897
v 0.26998259950699555 -0.27310266711002484 -0.051040607207450295
v 0.27508768259120087 -0.28988817177622983 -0.05610807487111024
v 0.28072003739804474 -0.29386666462397054 -0.057786444155008124
v 0.2840152060944391 -0.2946316094811806 -0.05731143792501673
v 0.28724481398620183 -0.2934057972069204 -0.056669107553831304
v 0.28246547784988885 -0.281532299745624 -0.05976196781572382
v 0.2830994759831847 -0.28750160654618545 -0.06079608179245553
v 0.2807352391173635 -0.28143896892646897 -0.06163147777523148
v 0.28132137992493544 -0.287453081001322 -0.06209803404258735
v 0.28627229778025326 -0.2917258766075756 -0.060117939207438756
v 0.28416480587627585 -0.2922423738913907 -0.06078678320173575
v 0.2694057451629594 -0.26809634442575125 -0.049876277694680546
v 0.26910882479662723 -0.2678790597491819 -0.05455246990714792
v 0.26957766221652785 -0.27284881197157185 -0.055615363150758226
v 0.2708441947839717 -0.280745431136804 -0.05759785225332313
v 0.27196871942591716 -0.2728743202019859 -0.059819224773569164
v 0.27655409017068494 -0.27403133064428364 -0.061489752341091525
v 0.2776992804877419 -0.2808839383761405 -0.06227760748448121
v 0.27372045915096166 -0.28043601583421 -0.061224682980055026
v 0.27868614105551753 -0.2867607048844529 -0.06226190744156926
v 0.2756520231172834 -0.2863443969475268 -0.06140229508722439
v 0.2732560611759197 -0.2867314875315769 -0.05864253043109688
v 0.27895592550617837 -0.29062126028447666 -0.06120841135285195
v 0.28153735236004357 -0.2919035499905416 -0.061295189385556226
v 0.27787827916408897 -0.2920356014471098 -0.05835483755235866
v 0.27566126634036264 -0.2899752328075734 -0.05865399157607277
v 0.27677028432594664 -0.28924971213152423 -0.06076271083817258
v 0.2659255646909478 -0.24008879834706182 -0.06907594117478316
v 0.2654529854816494 -0.23427128973660843 -0.06739743146562295
v 0.26272755513694446 -0.23291269765312644 -0.07150779709012568
v 0.26311822783505495 -0.2389491892109325 -0.07334155968528688
v 0.2778489163375631 -0.23906083543150264 -0.06969310041320305
v 0.2779286999241359 -0.2322375131443145 -0.0673513308693264
v 0.2741796968429895 -0.23405266871513203 -0.06546890828255456
v 0.2745687082680239 -0.24021728690324645 -0.06772022182875947
v 0.2788785150883883 -0.23763011963093122 -0.07430440243465425
v 0.2788733825183043 -0.23023056290825678 -0.07258089239408592
v 0.2772262261385948 -0.22542606538136628 -0.06518224750200093
v 0.275609083947015 -0.21575987682987996 -0.06254237419869946
v 0.2707109761294525 -0.21823668940350838 -0.060690901819771645
v 0.2729892211875878 -0.227798053263163 -0.06315417306433228
v 0.26976268474897247 -0.23474639633900968 -0.06558588032399539
v 0.270354955024231 -0.24071975737093954 -0.06750713637928873
v 0.2629735938254059 -0.22354232668398094 -0.07746408879186933
v 0.2649642588687007 -0.2306951665554659 -0.07935474023836642
v 0.2627114054380124 -0.2316303821677354 -0.07606613654419955
v 0.2608980735827078 -0.2244785454876993 -0.07397211462129809
v 0.25847359512937224 -0.2141869233341802 -0.06612993020377754
v 0.26103386276778456 -0.21657758430601604 -0.06195187384062024
v 0.2654242013707612 -0.21818079641194915 -0.060649903417721994
v 0.26820692345271163 -0.22272127379904333 -0.07904328221742679
v 0.26543832906293957 -0.21150771335655755 -0.07561216530188994
v 0.2721770109440229 -0.21122880948574618 -0.0741381037694278
v 0.2745312606279382 -0.22199653987475892 -0.0766442767006653
v 0.26817241649089546 -0.22862200771812252 -0.06344551699058587
v 0.26077718006650685 -0.22611094756126593 -0.06938000324783723
v 0.2636402236597799 -0.22788910433570986 -0.06520263131796522
v 0.27807200625865686 -0.22282267524328198 -0.07074153358106249
v 0.27543415263625187 -0.22933918376948176 -0.07804762624341458
v 0.27303297335112864 -0.2468789554648837 -0.08378937372485812
v 0.26862993042344785 -0.24722630410801466 -0.08390687175751496
v 0.2661585353710484 -0.23711537392407162 -0.08141299172720806
v 0.27110240296248683 -0.2366638817119604 -0.08193727038463508
v 0.2696779863198089 -0.22981773298686858 -0.08064528620342093
v 0.27611802052092377 -0.23678264459369708 -0.0793315920741742
v 0.2645406056646538 -0.24819413080849378 -0.0762655636489609
v 0.26645380165776766 -0.24913759957472442 -0.07191325957791359
v 0.2706139325283042 -0.24955700179787643 -0.07025833135400512
v 0.2767715177984628 -0.21277350689427338 -0.06830440263351041
v 0.2599776751661104 -0.21201127775700523 -0.07419960309615126
v 0.2743706694166072 -0.24943981620450018 -0.07045094621963366
v 0.277735539970711 -0.24879251945370895 -0.07216886837949428
v 0.26344091284896315 -0.2377413709546638 -0.0781148543305983
v 0.26520127179358033 -0.2472820152926266 -0.08103966347839546
v 0.27719911929701935 -0.24679178659861484 -0.0811419679115484
v 0.2794297605608511 -0.24727292614413193 -0.07648146456333656
v 0.27978631037426266 -0.2543206444134155 -0.07808801731351186
v 0.27804125617657705 -0.2535955521904827 -0.08280817139533675
v 0.2782561298094252 -0.2560015410701966 -0.07378848992094879
v 0.27454911839475504 -0.25618847931006283 -0.07232440909709872
v 0.27089413585607025 -0.25567161912533504 -0.07218320830353538
v 0.2740534011298409 -0.25365689934953883 -0.08524457157943892
v 0.27021881870097103 -0.25385166939764775 -0.08522550114561701
v 0.2666086982789503 -0.253115080078777 -0.08241630291777075
v 0.2745692314914633 -0.25872216968286593 -0.08671851974901959
v 0.2782994709459142 -0.25993189810400336 -0.08425808331008999
v 0.2780160420055721 -0.2735064799085729 -0.07776776643607353
v 0.27983438462544047 -0.273333384024954 -0.07944040844701769
v 0.2789737746351807 -0.26868906665872616 -0.0782753880648189
v 0.27781908011735273 -0.2686954862253383 -0.07621042462169228
v 0.27931925471258784 -0.26508644546801363 -0.07769127229493175
v 0.2786982709484996 -0.26256357541661274 -0.0755585566777371
v 0.2807851974863532 -0.2677680702101207 -0.08162474126990642
v 0.2801756532475271 -0.2636078565244942 -0.08036906796155371
v 0.28140769164306545 -0.2724817206972294 -0.08311420162756564
v 0.2796022734752942 -0.27091176044062637 -0.08656552018933923
v 0.27886770329955674 -0.26628717949547187 -0.08490683575052534
v 0.2792686050271959 -0.26300015749455347 -0.08336583609721569
v 0.2786953133018349 -0.2772605717592808 -0.08028953622441935
v 0.2804742362845336 -0.2763913112207268 -0.08091929482356687
v 0.27984979831062773 -0.25990105221890286 -0.07943327683841625
v 0.2749366831255471 -0.2615744526781396 -0.07375041759209439
v 0.27487765207292175 -0.26801576650435033 -0.07521443651984475
v 0.27515878995346293 -0.273291012259035 -0.07717378064025017
v 0.2754839284905485 -0.27674322444973143 -0.0800868515255069
v 0.27151993777625943 -0.2671254826933638 -0.07565251793035226
v 0.2721953298191035 -0.2724357667156698 -0.07781568330018478
v 0.27267963576369914 -0.2752904656641629 -0.0804099377493121
v 0.26857360248405 -0.26610429759759385 -0.07727210088790491
v 0.26997195321276607 -0.27150569366290744 -0.07944223882758204
v 0.2711968900637948 -0.26065118591629055 -0.07389033949879963
v 0.2680100169414414 -0.2592866253959368 -0.07545543161240259
v 0.2712004747134376 -0.27382620694104015 -0.08106557848605633
v 0.27580786532058044 -0.2772173177407786 -0.08474723246005632
v 0.2793366377710006 -0.27784564344685103 -0.08477811373057784
v 0.2818898849285726 -0.27651946390455723 -0.08441063466387057
v 0.27727699978714326 -0.26507840030479624 -0.08693787009053575
v 0.27754930647138776 -0.27018667089995824 -0.08817049527056031
v 0.27453237896391686 -0.26430303580056724 -0.08791361246651497
v 0.2751116275853203 -0.26979917568433864 -0.08867018598581441
v 0.280460525722023 -0.2743629294171068 -0.08711329479435292
v 0.27861123663511866 -0.27458707632375057 -0.087952806323636
v 0.2675754514430615 -0.25462460134716525 -0.0737846978377883
v 0.26585615637815163 -0.2534958584748729 -0.07771960839544782
v 0.2665297254239767 -0.25816355417944437 -0.0789411542395085
v 0.2674136726395546 -0.26520914625354247 -0.08103843469024787
v 0.2675060060888857 -0.25756979715461276 -0.083442798849806
v 0.2708499691571712 -0.25826871781456634 -0.08611649852052972
v 0.2714300424676054 -0.26402834239704986 -0.08733507741114704
v 0.26861661046990215 -0.2640181131007963 -0.08498721906755806
v 0.272358654766037 -0.2695247074227808 -0.08797427043054647
v 0.2700222534833883 -0.2696023225586383 -0.0860530232484109
v 0.2690732090878227 -0.2705471704835359 -0.08270302136383789
v 0.27303840678055613 -0.2732440361063983 -0.08720875180131672
v 0.27582465168423936 -0.2740240177663171 -0.08802374720154442
v 0.27295621544644844 -0.27550216426552193 -0.08411437168870456
v 0.2710058361603173 -0.2735682650464439 -0.08355964325509799
v 0.2711560289030889 -0.27242727376430764 -0.08598803931857332
v 0.258404155308658 -0.21249712997505488 -0.07048848634108956
v 0.2556379004777511 -0.21688103738969705 -0.09214997729642845
v 0.2554778661532236 -0.21255995217814405 -0.08944678579210147
v 0.2530496759403262 -0.21093019400534474 -0.09220496939955417
v 0.2531324370649066 -0.21514179960422491 -0.09489381385054398
v 0.266282583466053 -0.2156945014898396 -0.0948968086053741
v 0.2665107970443473 -0.2106875470514647 -0.09194374775006113
v 0.26355252760460335 -0.2126842024943516 -0.08894487608488792
v 0.2635500811588864 -0.21754211856234917 -0.09198818142301493
v 0.2658472076311857 -0.21306491111159664 -0.09938112823228759
v 0.2661307923934749 -0.20777694933697793 -0.09675905257609706
v 0.2658291678965129 -0.20493339858037884 -0.08833724455311859
v 0.26471421190380656 -0.19578022999570965 -0.08224287764580539
v 0.26097057168392856 -0.19931790766123636 -0.08006041583128316
v 0.26262753852466797 -0.20721640775937739 -0.08533843682650469
v 0.24928850579065592 -0.18705199171847314 -0.08857295635978857
v 0.2503736422823031 -0.1934093486510844 -0.09132753317920546
v 0.2491313348996219 -0.19592425541329195 -0.0879548054509674
v 0.24693577823927942 -0.18905955917874318 -0.08468732854381072
v 0.25935169662788876 -0.21328381633632515 -0.08816776597829397
v 0.2595098084057952 -0.21782149154262614 -0.0912451435407574
v 0.2523115459194955 -0.20200041690899428 -0.0959662144632839
v 0.25344693110443545 -0.2071247472775637 -0.09900408113524638
v 0.2522821708802064 -0.20909818176167483 -0.09563979573894066
v 0.25099675538492583 -0.20437287653571268 -0.09265608996258434
v 0.24719315474779407 -0.19228059826478133 -0.0806791345811014
v 0.2498514258574083 -0.19835695954563765 -0.08450522677183328
v 0.2522718686966275 -0.1999319445598614 -0.08143345512638253
v 0.24927179932936405 -0.1957306080168298 -0.07703348803198938
v 0.2559492544213615 -0.2006923199050793 -0.0801374640495572
v 0.255966387346964 -0.20018067003939322 -0.0978373127539794
v 0.2539178499049243 -0.19135145730586228 -0.09304466610762963
v 0.25926684622088664 -0.18981505450922753 -0.09261735040871043
v 0.2611973749622215 -0.19991694839491098 -0.0973173125112002
v 0.2583699212191861 -0.20823162590352817 -0.08495868090837916
v 0.25185448657155973 -0.20628265972154214 -0.08929174192636238
v 0.2544823559776919 -0.20774181234704997 -0.0863833745312955
v 0.26564901172671 -0.20168079722435228 -0.09306851806848593
v 0.26196379437972017 -0.2059688853481338 -0.10030726619805089
v 0.25759857573350714 -0.21677779731806668 -0.10718409494252627
v 0.2545156982244599 -0.21741259819221787 -0.10558743984230416
v 0.2537831268865121 -0.21155225736196348 -0.10193044690882705
v 0.2573567961161101 -0.21047736918719007 -0.10386868221116158
v 0.25706477830002156 -0.2057334736550916 -0.10105946212403254
v 0.2619763412091144 -0.21104979229998205 -0.10299917871175066
v 0.2534724441146291 -0.22068879940275332 -0.09849683439010186
v 0.2558593210050146 -0.22278825270538505 -0.09581774345671194
v 0.2594977310393135 -0.22369615432159595 -0.09483146960691792
v 0.26503835486696603 -0.1914629715208443 -0.08747198365766518
v 0.2631351866473215 -0.22375465050672938 -0.09565089992150666
v 0.26571030279809155 -0.2222662367998633 -0.09828872772732586
v 0.2524760228706832 -0.21330374727199836 -0.09845713441206999
v 0.2530915224519053 -0.21890488439201755 -0.10217233774638963
v 0.2618372375101823 -0.2174715932576906 -0.10628748785692127
v 0.26531349852889646 -0.21947053234901742 -0.10254489295338695
v 0.2656137954306469 -0.22467701269862622 -0.10521090468466958
v 0.2622970109096111 -0.22270708806111417 -0.10900559948335144
v 0.2656424356129226 -0.22725155866319258 -0.10085242101563016
v 0.2631535183646067 -0.22815110397305122 -0.09811930845641091
v 0.25952165986800146 -0.22764907989895405 -0.09755739973389205
v 0.25780272874762494 -0.22167859335327145 -0.10957253471019972
v 0.2552416582787149 -0.2219848403156286 -0.10776302027161312
v 0.2540618834344323 -0.22285234847397634 -0.10446634854337666
v 0.25846635068166235 -0.22638595752054813 -0.11175951655985716
v 0.26272952763726354 -0.22807117383494774 -0.11126256647876427
v 0.264156283267097 -0.24076276575337102 -0.10594546124732508
v 0.2654028977248767 -0.23983098345426018 -0.1075204395354545
v 0.2651268845696754 -0.23667678142888454 -0.10621742955887302
v 0.2644217290080338 -0.23700618622472852 -0.10401186368374349
v 0.2655907032054138 -0.23351032028787339 -0.10550580177378066
v 0.26532697988334475 -0.23197427711534974 -0.10315732583849649
v 0.265783331320611 -0.23495763508078216 -0.1093294174713285
v 0.2654893669295731 -0.23165753131733907 -0.1080083995475746
v 0.26611219836554006 -0.23857263509369858 -0.11116973575626475
v 0.2633965179328905 -0.23707211539444117 -0.1142457012337154
v 0.26348593408708076 -0.2334773841913328 -0.11273963180780275
v 0.26406684138789566 -0.2308955541074315 -0.11094400098346034
v 0.26410503997741114 -0.24346272163913085 -0.10872172751016665
v 0.2656286009919693 -0.24231607835383273 -0.10923850915340791
v 0.26556849212909545 -0.22881276679642465 -0.10693390557969887
v 0.2630648191589576 -0.23221297808149222 -0.10046644377788642
v 0.2626444080869197 -0.23704120207533574 -0.10248163990730866
v 0.26216567854069506 -0.24167661966459858 -0.10515572422953495
v 0.2615352376319377 -0.2438033231898929 -0.10863629678292769
v 0.2599325089260287 -0.23618796491546312 -0.10219114994180449
v 0.2596256671554182 -0.24055364418052883 -0.10513865856045364
v 0.2592630139996091 -0.2424511650797756 -0.1082158458544722
v 0.25723481051904057 -0.2344592805980315 -0.1026949588267103
v 0.25755523097003064 -0.23893117275719522 -0.10562374308975811
v 0.2600595369507038 -0.23117802251089314 -0.09952014858466152
v 0.2570669966071039 -0.22946229048346584 -0.10010013279574918
v 0.2579599077546628 -0.24102323260480868 -0.10776510921681028
v 0.26089970078482083 -0.24307327302787984 -0.11201285876252248
v 0.26347664249145597 -0.2430961602383881 -0.11273170130924969
v 0.26601556081652483 -0.2417360689449436 -0.11279080630875331
v 0.2613853718372598 -0.23232840943397787 -0.11395230793115825
v 0.26112652539755055 -0.23672744514542404 -0.11527793304645234
v 0.2585595157535623 -0.2312376606389081 -0.1135203625532711
v 0.25877102499343263 -0.23670424399235934 -0.11464414169857487
v 0.26398589778171627 -0.23986324662318714 -0.1149004714537757
v 0.2620425455713776 -0.2404459939951124 -0.11505135726841725
v 0.2563441665148876 -0.2264350927189518 -0.09840540507031224
v 0.25428597850780293 -0.2247006963414121 -0.10076346692112348
v 0.2547440666855295 -0.22777062856686642 -0.10255002566086298
v 0.25524283308224643 -0.23273969280680007 -0.10486583693964491
v 0.25449486737752264 -0.2264188638088992 -0.1062988318632589
v 0.2557378972708905 -0.22581345328532465 -0.10964114088644966
v 0.25620837183442097 -0.23111959556975187 -0.11167869010991881
v 0.25476973090194854 -0.23152611648473836 -0.10852566040549755
v 0.2568878294744096 -0.23654154594916732 -0.11280401806273754
v 0.2558107353935247 -0.23679944416069215 -0.11025891413135108
v 0.25603953950572605 -0.23767640454273348 -0.10740446019709014
v 0.2580168815668755 -0.24023037051777424 -0.11242625652932489
v 0.25969859007752705 -0.24060478702767885 -0.11410803703354036
v 0.2588292165935584 -0.2420900896369938 -0.11078717308007738
v 0.25740065751625013 -0.24058439498450224 -0.10938045810078398
v 0.2570228246350551 -0.23960364883619473 -0.1108752384740499
v 0.25248917831459017 -0.18611537389214317 -0.09043163480793714
v 0.2555317519012363 -0.1856002265904343 0.0165746689149092
v 0.2530451820384448 -0.18762104659530976 0.01252492175693366
v 0.24239485503260721 -0.18799211731794396 0.010658976298004207
v 0.23688861642214457 -0.18549015012859899 0.013872882501242063
v 0.2350176305004734 -0.1819228798781688 0.018976229183317365
v 0.2377200965410004 -0.17983186390725686 0.023080979727558185
v 0.24259182711231653 -0.1793802151995863 0.025550934385159502
v 0.24861829257040374 -0.1888053947850305 0.010189198710318856
v 0.25510129707678614 -0.18265809583560383 0.021783618115426468
v 0.2494330955604395 -0.18029212744865802 0.02530645827591694
v 0.24987095407656687 -0.18912988691221955 0.031174280823716444
v 0.2554157956584203 -0.19108919683709064 0.02691946992934676
v 0.2428830403818406 -0.1879061163055996 0.03171039759932585
v 0.2375980285660758 -0.1874868985600029 0.028416017090498808
v 0.23502711498689485 -0.18824217549337618 0.023360210278006943
v 0.25615163205705394 -0.19317152823385209 0.020985612537310117
v 0.2534362617339117 -0.1943164188772729 0.01631541442716468
v 0.24804079922025474 -0.19446714190676395 0.013770778051943754
v 0.2566211780560755 -0.20014784963579896 0.02579554558897553
v 0.25618992060573936 -0.20101510276592238 0.03303542953028464
v 0.24242160166228555 -0.2068003788860045 0.04213393557978696
v 0.2465671757855783 -0.2064600671507248 0.04383261118158586
v 0.24600572579259283 -0.20276684688677116 0.041637753695068426
v 0.24173455546278813 -0.20215359976060016 0.0400671661331086
v 0.24653504431422157 -0.20048655431749074 0.03975968034443374
v 0.24334431660305356 -0.19727108733578302 0.03749489089815164
v 0.25200679948872073 -0.20383718603230738 0.04169718272951046
v 0.251380971160214 -0.20159728616337647 0.03937575112597165
v 0.2565509608829995 -0.20597502432684156 0.03876443106678561
v 0.25541225545980434 -0.2030316957295647 0.03777825800975543
v 0.25263448144350753 -0.2073525026638739 0.04442633244235927
v 0.24761759881634704 -0.20974321742898616 0.045432393732015325
v 0.2520915262644425 -0.21103550474007954 0.045470070775432435
v 0.24502616525580864 -0.21122162287989737 0.04398772135464455
v 0.2506342746107606 -0.19794315538479496 0.036460691147281184
v 0.23772221098330157 -0.19494432838647308 0.03301818326458412
v 0.23794796221914025 -0.20181631330642513 0.03673829330720661
v 0.239584725764463 -0.20788015288952189 0.03913276022588527
v 0.24319447636083769 -0.21270404487469258 0.04033670847763408
v 0.23618327900328606 -0.20292272710601356 0.03147101235500166
v 0.23918678690036035 -0.2093010721514582 0.034542624781434425
v 0.24297728874054006 -0.21294166281754157 0.03621749648580539
v 0.23796796027409503 -0.20438110479893562 0.026244665183358336
v 0.2410788094895006 -0.21008097703017187 0.030842029754207276
v 0.2348714243966464 -0.19459815029743988 0.02703523045794513
v 0.23642357826397048 -0.19578979090189097 0.0211211972350358
v 0.2434590169143972 -0.2128143258299518 0.0334140703016847
v 0.24865456202112426 -0.21531878259103515 0.039772371219859534
v 0.2503609035668332 -0.21443377800347818 0.0438410928173415
v 0.2575234812681083 -0.2069442764451972 0.03476086966812346
v 0.2567691840571469 -0.20911784927931426 0.041368924826000894
v 0.25718182460740413 -0.2110636900006327 0.037546992602657446
v 0.25670782161776906 -0.20700709909899434 0.029886638063488173
v 0.2557152299514154 -0.2121715143094714 0.03368484573877852
v 0.25582372924804136 -0.2117359547892706 0.04336406244351094
v 0.25533463212299357 -0.2139268414689831 0.0407413223996702
v 0.23663457625565734 -0.19041542316116034 0.01780019717549957
v 0.24151289690086672 -0.19299649188620543 0.0143834285867416
v 0.24172060143969518 -0.19800810039567934 0.017542744922358983
v 0.2431241707083874 -0.20574640118682241 0.02302421859902505
v 0.2485383798077274 -0.1998282449366125 0.017400459767937092
v 0.2543471863032024 -0.20037371740571308 0.02041146362764542
v 0.25412115148233944 -0.2073144646140896 0.025862905057266135
v 0.24930829801840712 -0.20697687804752984 0.023100456457096723
v 0.25295579896206133 -0.2123320653962822 0.03060824744259182
v 0.24937754366597484 -0.21176638093934436 0.02883274027033244
v 0.24493291177166754 -0.21111148767982907 0.028950645230144453
v 0.2508568036274297 -0.21458467274341697 0.03398667159700904
v 0.25323943245719255 -0.21504923847533586 0.037188235234260104
v 0.24724039732702294 -0.21468455908348189 0.036018228400936804
v 0.24627859610235908 -0.2134990580014921 0.03283654265836234
v 0.248995413043752 -0.21364367865368056 0.03202197359699977
v 0.24395323919463527 -0.1838327859279273 -0.08304238984306878
v 0.2441327658971907 -0.18686917711079842 -0.07767203404867173
v 0.24201941746358016 -0.17956130264003267 -0.07604912048538504
v 0.2389901902157834 -0.1710676562002582 -0.07456446168316817
v 0.23805436774809371 -0.1616647948317796 -0.07874106292695228
v 0.2408479779421295 -0.17293789930677161 -0.0681689758489415
v 0.2437446302527507 -0.18138873445150872 -0.06999167976367933
v 0.24682395259885861 -0.19090130108307868 -0.07179816407351314
v 0.24076623536402622 -0.16755126410673932 -0.06145456235358544
v 0.03926924930374165 0.619593337993338 0.09869357198865758
v 0.04260292710751277 0.6185619734070935 0.09670910668199065
v 0.04408049145124082 0.6128937819412725 0.09375952545021494
v 0.04154819263107118 0.6125623084639482 0.09557318610122767
v 0.03829663029239881 0.6124498100505833 0.09714339572348918
v 0.03433831148162508 0.6126103843300574 0.09796127113349944
v 0.02876885049846335 0.6198484492338778 0.09957889255418706
v 0.03440495352161462 0.6202281352549885 0.10000293765704667
v 0.019338583911396395 0.6142854956530857 0.09640216648038195
v 0.021187580378365937 0.6156904211355763 0.09652192283847552
v 0.020102645186767028 0.6133583853872384 0.09668444366100293
v 0.02614662662985694 0.613082497181344 0.097881483648678
v 0.022451634809497693 0.6133862570019153 0.09691192970681399
v 0.04649097501816192 0.616347424319893 0.09266234376827776
v 0.04734409486703296 0.6152182762706615 0.0913999495025087
v 0.04486413415977509 0.6174476042012116 0.09460234927826444
v 0.030150842374272183 0.6128218741113218 0.09822502448730798
v 0.04713020492862686 0.6141344574262939 0.0911281341096941
v 0.04594968830193485 0.613341627922892 0.09198192436568058
v 0.024225733123490828 0.6182999574438885 0.09807355748619766
v 0.038688073858303924 0.6146914717411722 0.09733717918324061
v 0.034605587099026405 0.6148716407782242 0.09840039166825652
v 0.029695316696552693 0.6176068591590258 0.09923667622867323
v 0.03473560113269753 0.6176842676239532 0.09919526583178398
v 0.026417357746626874 0.6149464952866203 0.09822241678780949
v 0.023946772768888618 0.614704817245525 0.09747718715430387
v 0.0417206264853208 0.6144544866012575 0.09588003454085638
v 0.030243116357109644 0.6151001671475378 0.09862833081071562
v 0.03917098109886325 0.617171849750515 0.09800637045999779
v 0.0234725316777071 0.6156703036100362 0.09745885915326692
v 0.02557980524437878 0.6168067930477497 0.09848170375433477
v 0.04659103336470363 0.6149809068593477 0.09188805858972715
v 0.04643762842482668 0.6145729502497741 0.09185896385500426
v 0.013699323646449043 0.3834124943032919 0.07357829006061986
v 0.014373748117400477 0.36603007078654315 0.08321384256168166
v 0.042190318190626394 0.6165278522906573 0.09614460223244409
v 0.04543495235674232 0.6143615632526829 0.09273786252114889
v 0.04387969537901828 0.6143747842653429 0.09416742984560302
v 0.04419351060012425 0.6159048609867754 0.09437841467160347
v 0.04571408656090671 0.6153958014057357 0.09290203471119188
v 0.19309301797577821 0.2675423827846292 0.027366214503921227
v 0.17811039459277794 0.2619044319055468 0.029329788419771314
v 0.22583999369869917 0.27732099679001326 -0.01720028603402017
v 0.22284208748998524 0.28158185754362847 -0.04009961165934253
v 0.06177438252392783 0.0848085191192276 0.14658242566376214
v 0.11261441080403864 0.13364155141718975 -0.06059166647492552
v 0.11535341680656931 0.15265908054403357 -0.06735945193243506
v 0.04023784675503119 0.15421567999407348 -0.09017781667369046
v 0.05985548650670329 0.1495193068781817 -0.08816556564507422
v 0.14523294572167575 0.13383962402703492 0.049755351262347376
v 0.1445696761653533 0.11428852256892064 0.05369213338839343
v 0.10558236410856801 0.12754390917874578 0.1079839464040073
v 0.102781180475967 0.10544368601673362 0.1111979825231452
v 0.13382199735280864 0.090574456097248 0.08065000926963012
v 0.08155222892946994 0.10108157386159831 -0.07312028076406665
v 0.07892389387787854 0.12186810454377876 -0.07703097642611183
v 0.09707099741128004 0.11808972499343387 -0.06786484181515673
v 0.1005263143844681 0.09819559052373919 -0.06485979193150368
v 0.019970556105326085 0.1340426221314079 -0.08015787619612384
v 0.020661234474527355 0.15724324954254712 -0.08674854978735748
v 0.15324301847626165 0.15602664218556375 0.02158255483753301
v 0.15228077250286826 0.1578603198055792 -0.005352926243995626
v 0.13418321858469093 0.1650745380806444 -0.05322389764259988
v 0.1189091597361777 0.17166959540804158 -0.07083216807524993
v 0.08296108266242341 0.18828981179318574 -0.09253836252436184
v 0.10175535698080142 0.17999421076909403 -0.08337851022547738
v 0.09087538818667373 0.1494346277927274 0.12069864266370676
v 0.07234835201708072 0.17127857153236634 0.12812020065859075
v 0.14748893591946324 0.15447279118414692 0.04767692862082084
v 0.025554375263714027 0.15151676311942966 0.14865960622662547
v 0.04277940819029309 0.22483697925675591 -0.10665997087192783
v 0.06563006932510106 0.2200213459716439 -0.10399883483052702
v 0.14552779806401356 0.16077373067133122 -0.030688985979318795
v 0.031984503270914455 0.3259816246063786 0.11360813439143493
v 0.03223764837876909 0.3099940395955783 0.12401764006896833
v 0.049843201120960114 0.3135229372587797 0.12265772380099292
v 0.05019990559168383 0.32889799423783006 0.11174124390861342
v 0.06701032438253277 0.3153376820274415 0.12038891693398036
v 0.08305496820396294 0.3167076249727989 0.1171232138064903
v 0.09757179518076432 0.31719472742835786 0.11272357590312924
v 0.131273589901414 0.3124260782506472 0.09561854687168483
v 0.12167883779449631 0.31506765822155874 0.10194639382456588
v 0.1463942682420143 0.3035273714244508 0.0805294007548059
v 0.1394533413587751 0.30900711629935707 0.08867271486325999
v 0.15157483013135398 0.29360612031352085 0.0705535614118648
v 0.15510931634941091 0.2820422796934669 0.05726294536522842
v 0.15912052298172885 0.27071583661276766 0.04169397211591527
v 0.1604776053668311 0.2827148274978163 0.036032416551356326
v 0.15326884347296307 0.26981588548965535 0.06485705290135312
v 0.14929559531146447 0.2819574346280014 0.07741303541567177
v 0.14422747936995187 0.29091271497510507 0.08804407853182651
v 0.018131839609320164 0.2649395436905121 0.13859585033693392
v 0.02122269440496032 0.23911677201920353 0.1395224498804857
v 0.012784817841586266 0.39903148833086727 0.06450007123677261
v 0.20176753171706738 0.06467139178918316 -0.06530690070270428
v 0.2552035444152335 -0.053315472890804905 -0.012796110787474528
v 0.03441039257788702 0.4260094546279888 -0.0912715310908981
v 0.015649752055875373 0.42230547891110054 -0.08959281499082265
v 0.00116473794323893 0.4086567683666923 -0.09100690651776337
v 0.0009957365299324852 0.4193783179020714 -0.08793809779942663
v 0.1091655509166988 0.4567101092837818 -0.059434391015447674
v 0.09257953791740589 0.4443771836553722 -0.07864765128668179
v 0.07222843956426064 0.43201705136047225 -0.0899158880567712
v 0.052963924746676425 0.42199436361423276 -0.09458057387159839
v 0.13586797595571332 0.17334638503968425 0.0696995825609841
v 0.036931515786276715 0.3898923589898361 -0.10229305206471129
v 0.05481440326901221 0.41019716942601947 -0.09912195576475469
v 0.07607602695737042 0.4205466923940949 -0.0954193827920288
v 0.09849247348536884 0.4337620459295844 -0.08509975876295695
v 0.1225951305618182 0.4484141426786185 -0.0647766121686285
v 0.14121454542978598 0.4489145100251755 -0.0567014018705897
v 0.16496982605610513 0.42573438381518847 -0.06259015048590412
v 0.17635885486936972 0.41979170557570517 -0.05745320737916858
v 0.18251929198024322 0.431400307780722 -0.04073683259881608
v 0.19378539306663173 0.4196394994405544 -0.03628708737229492
v 0.18715239525657248 0.4111871877645976 -0.05328353507135221
v 0.2141928756854619 0.3138700716827302 -0.049632477001438274
v 0.21317765299031474 0.29821118659443013 -0.05448630557984109
v 0.20727317107617957 0.28734865243401797 -0.06239181587878728
v 0.19748231335466632 0.2800708356726408 -0.06915854629200995
v 0.1853647065899641 0.27662246821264325 -0.07388059222029131
v 0.1735251408142707 0.27784654953149013 -0.07575952943966541
v 0.16289586205696127 0.2846649790342046 -0.07517710813099507
v 0.15049847476833147 0.31252117530228235 -0.06780882037206148
v 0.15467303104423213 0.3210149840117564 -0.06602243708543937
v 0.16106235710400185 0.29857380162169594 -0.06864861906951354
v 0.1587750674545175 0.2899015764607188 -0.07131911545918344
v 0.13488402298084892 0.2484207261500512 -0.08255793726854802
v 0.14376861420395431 0.26291691604199374 -0.07916989114526606
v 0.12433397525901028 0.23237641343259194 -0.08570643254730662
v 0.10134194265271046 0.003022898643151084 -0.07989047751182513
v 0.09605166100254922 0.020861593041000687 -0.07397120374241563
v 0.11599463715156585 0.02237494773731516 -0.06428892826626248
v 0.1209049917961645 0.004643128533662416 -0.06915598279549147
v 0.023088420666589466 0.05837503476191616 -0.07182268189223537
v 0.045903228047632444 0.05865592485598341 -0.07382021209954927
v 0.1642053545441098 0.018371058577218907 0.020314615109010635
v 0.16018951465122447 0.021256599003291327 -0.00815460949883026
v 0.14923194853012303 0.022347978610733565 -0.03188962615627455
v 0.1338392789915034 0.02270956712640168 -0.05015700929767926
v 0.1604086998920979 0.013345119088998936 0.04820136293929981
v 0.07833313249402003 -0.02294140501715425 0.14390829428102486
v 0.09854577873745116 -0.01655874542930913 0.1295404998173525
v 0.016302104662912646 -0.03404981371115823 0.16507636129350833
v 0.03630025294533527 -0.031582426227529964 0.16178703551440102
v 0.15079344886185064 0.006161694433036186 0.07291007841417035
v 0.05711610266651341 -0.027949557317176632 0.155023590532437
v 0.11799836529724289 -0.00953470268002532 0.1131922599448717
v 0.136249280079631 -0.0019681242735327953 0.09443562108809724
v 0.09098495449021132 0.03879051005996728 -0.07026694415831974
v 0.07083662888050252 0.038416124796245454 -0.07513925075721828
v 0.06708098650656052 0.05886732717030142 -0.07240079964216026
v 0.03747951628623104 0.2916794117138002 -0.1167449137615189
v 0.05844593723371503 0.29371869419402863 -0.11671680632100219
v 0.07760047279541066 0.2981265381754406 -0.11541081112185694
v 0.09339889680093598 0.32254186608920016 -0.11348945956751903
v 0.11077539528752829 0.33000211756496434 -0.10839323213164727
v 0.11261995683683916 0.31248640175646847 -0.10726746693204098
v 0.09619736050768123 0.3050989553900927 -0.11180526154307568
v 0.14311844774046323 0.3437763231381767 -0.09804238508982628
v 0.15467247711889914 0.3491633042982262 -0.09558247769021215
v 0.15436424052155756 0.3346024440874824 -0.09337023204226613
v 0.14362629136051852 0.3281012170771778 -0.09702708165681996
v 0.16271722693287796 0.34021451187519125 -0.09040468460980183
v 0.16683957569241772 0.3441623743457456 -0.08526475821815249
v 0.16793863251312505 0.3459229661461428 -0.07966516064191834
v 0.169018855593346 0.3424638553145414 -0.07953013456999324
v 0.17973471139667982 0.35960350342488395 -0.08205586234421278
v 0.17642954884221337 0.36540557780474414 -0.08467967782092985
v 0.1437212637548534 0.3606294280280177 -0.09775619016816975
v 0.12787347683807723 0.3543926932184958 -0.10179044482845816
v 0.03581164484422472 0.32714965593930145 -0.11311818820689852
v 0.017521992526294498 0.3242036057287569 -0.1086073444489842
v 0.16368243639686308 0.2634271220889199 0.021608863371276127
v 0.1676451889096274 0.25794930567686764 0.0001710349096674059
v 0.16831975744878033 0.25585724092380224 -0.020216959911274097
v 0.16585119133237683 0.2566082388378661 -0.03781800865764458
v 0.16190348352780012 0.2599992144396606 -0.052717324941508
v 0.1562656423687368 0.2652121288509979 -0.0656698751469513
v 0.15019975149276396 0.272665762738193 -0.07686484405236567
v 0.15484435382228112 0.28161671733987115 -0.07411375797090035
v 0.143889026366044 0.28151878649803336 -0.08599869589581752
v 0.15087903875582645 0.28974749893600393 -0.08288899012829552
v 0.13783899205995434 0.29206356167707415 -0.09363245527415522
v 0.13260229251619865 0.3050801826063866 -0.09923085984270257
v 0.12894031969484895 0.32040995736601985 -0.10227053807669481
v 0.12766969513949963 0.3370578552327389 -0.10280204760779667
v 0.09303192748135009 0.34137145433728755 -0.1129946106789153
v 0.11118623749904664 0.3480152834996254 -0.10730266209222404
v 0.07492305426866874 0.3537676343212304 -0.11440985659672934
v 0.07641183814683623 0.37200055634332474 -0.11032085327064839
v 0.07479475463557335 0.3158381611903124 -0.11722420656266297
v 0.07458325970985827 0.3348658431977972 -0.11667765241216384
v 0.0748187899860774 0.4667917126384325 -0.06016251476441855
v 0.0570869882853308 0.45899761116375365 -0.07190890860102445
v 0.17133031817529207 0.29962419521419714 -0.07797087281377611
v 0.1731214295028985 0.2900315262861273 -0.07701169725440611
v 0.1649299057208738 0.2932584084477134 -0.0767549451505138
v 0.16591435305265895 0.299519782671277 -0.0775689701397613
v 0.18220408468727012 0.2903805272033396 -0.07580311013035146
v 0.18596152113780684 0.30624253823433556 -0.07568926171246942
v 0.1916847148752874 0.29414933487857775 -0.07290767707039844
v 0.1785749625710013 0.30147413593484634 -0.07777889981919558
v 0.19977413987959372 0.3006938734617285 -0.06817236220205732
v 0.19351509683182055 0.31206123934155516 -0.07226789210411465
v 0.20513124630280025 0.3091442234558374 -0.06311074303727948
v 0.1991818824180461 0.31861231993031913 -0.06805120714868476
v 0.20266953791085068 0.3242600940593189 -0.06423864982826653
v 0.20754898217252693 0.3200534249109187 -0.05905769904120367
v 0.19515636722472937 0.3621779019409389 -0.06974414057817142
v 0.1985518722982071 0.34854813603381 -0.06710184722795791
v 0.2011016529208052 0.334519968390103 -0.06536406887324663
v 0.16904725247090577 0.3339219234638684 -0.07976472660545161
v 0.17134904971183337 0.323112480676765 -0.07978164508932965
v 0.1745307317295154 0.31205115552531204 -0.0789525763177127
v 0.18198157215977717 0.3175384088549971 -0.07809334323747553
v 0.17817180710519237 0.32935395860909145 -0.07979191284458728
v 0.17564392096910966 0.3411430885918059 -0.08104406219997429
v 0.03579440451167278 0.30948739813929593 -0.11547003097760573
v 0.05502762306549557 0.31226513548965046 -0.11727171991441718
v 0.16365079840626037 0.35312954159049187 -0.09260664645629867
v 0.16974552531382553 0.3549856822595045 -0.08826337998034092
v 0.1734784786431913 0.35458969411848934 -0.08375632471863854
v 0.17487105034763487 0.35053245934583455 -0.08204475533134972
v 0.17226177113853688 0.36726619997652576 -0.08876248270264146
v 0.16548419957068025 0.36693479198017664 -0.09243527516428982
v 0.15580953630270933 0.3647674803346681 -0.09542691549008275
v 0.05501284893935923 0.3307416271590203 -0.11624643943403952
v 0.017205239352517873 0.3075441649560753 -0.11167470398262432
v 0.18136709923532038 0.38778538048655287 0.04416101969150352
v 0.19154877873797882 0.405934563961514 0.030744905827507874
v 0.1997154798117111 0.4184107718815095 0.01074616681300294
v 0.1995688802317713 0.42274390931524436 -0.01350404667649155
v -0.0014131048412471265 0.45301291683745165 -0.07480295376167352
v 0.1639247795875101 0.1414762548507625 -0.03037969540652566
v 1.4401444387506732e-05 0.2496292303882413 -0.10641184900379883
v -0.00047139459866665724 0.2707039543851206 -0.11138472755044822
v 0.0023053451934015286 0.1818065621747558 -0.08880297825194583
v 0.0019196051948468535 0.2037741529945421 -0.09680587710859206
v 0.042883207012758995 0.0830701259328725 -0.07434458932655179
v 0.021341328334410613 0.08551021709150491 -0.07163804251373808
v 0.020186181427942818 0.11032816522169374 -0.07524142850223746
v -0.00048512624807615175 0.036924864139928154 -0.07542728512710378
v -0.0002590270703676322 0.05916448750569049 -0.06698710311032566
v 0.0007073827806413291 0.11299106618328286 -0.06874702179821494
v 0.0013875623031826012 0.13746030329814538 -0.07406969782331058
v 0.021013455474434138 0.22626543309343955 -0.10491179669849748
v 0.01816695184808065 0.2901670222739735 -0.11490307255520871
v -7.530085772957667e-05 0.3071086351352922 -0.10971781967119404
v -8.882502270271257e-05 0.3233047418020055 -0.10683561257741633
v 0.0002217616382054572 0.339959101860675 -0.10478121473680406
v 0.10899813410545706 0.2868240257730361 0.12753193434143834
v 0.10922834229812765 0.30193802420163995 0.11804141555141572
v 0.09695223560658671 0.30241374379936625 0.12343695834517733
v 0.09704252111896086 0.2872271007793126 0.13284059768040807
v 0.1278114779030065 0.2852441458522623 0.11304372000344105
v 0.1290390628249944 0.2990926389842099 0.10442975723352237
v 0.12005278792689304 0.30100300133128977 0.11168159565349085
v 0.1190768039283823 0.2860741976583388 0.12055230589778947
v 0.137082631862191 0.29590333186904216 0.09679458823558318
v 0.13536983348539286 0.2829094802958627 0.10466761755161468
v 0.10891301684565399 0.2698951090006276 0.13484225034421102
v 0.11876255879922049 0.2696657239440091 0.1276000215470036
v 0.096984946865971 0.270404188986206 0.13977107151639775
v 0.133936416024003 0.26839560666096907 0.1115673501882981
v 0.12716385821244536 0.2693229011792371 0.11988229342820589
v 0.010585973992381776 0.49637222834045325 0.09461034787285331
v 0.009998758150621056 0.5017106234058147 0.10976514062721458
v 0.004434063860751916 0.5446694656562892 0.12304597105933184
v 0.00401045416811452 0.5490903057599144 0.12092138961797326
v 0.003352358729262689 0.4861794499151432 0.07432733013444312
v 0.0024701970410818622 0.4783945275195674 0.06926107562768513
v 0.001861927410798301 0.5264232159199154 0.12028665247847074
v 0.0022442807449096483 0.5122065473132728 0.12070060990727713
v 0.001531065174700997 0.5711723859229701 0.12393170705450966
v 0.0015843390701627928 0.5676090942711423 0.12258494387638418
v 0.001958993022294798 0.5564607368535217 0.1240249743652343
v 0.002105128056849653 0.5525518347493827 0.12282554051251325
v 0.0018378410447844463 0.4697357113926761 0.06415414291388201
v 0.003561448242062831 0.4912689841854252 0.082507587595011
v 0.0006206102452722936 0.4509359624760738 0.05651089955603622
v 8.820352096829839e-05 0.4412438015714911 0.05308515091542744
v 0.01100962047931479 0.4324162143188033 0.051086357380184494
v 0.011421694579595255 0.42201500224948124 0.0517254222430758
v 0.016285940475196124 0.28715573020825963 0.13287882323446268
v 0.014759486021358608 0.3326168825745769 0.10252160633363122
v 0.014524639322523092 0.32128437989055547 0.11453755965833834
v 0.014404596090718218 0.34907073043595394 0.09300726507816774
v 0.012435244169324665 0.4111082799945276 0.056868266664744524
v 0.0012525681933558694 0.46054150533752264 0.05997964458577618
v 0.0021936199786716953 0.5398093653704967 0.12252324124193333
v 0.0019581487224817435 0.5341360860539937 0.1199050785720438
v 0.001711207153995385 0.5636566944590367 0.1225546455414618
v 0.0018268173977613615 0.560094855280832 0.1232818178355548
v -0.002379439055053242 0.38076272381243215 0.07403879493199803
v -0.0024795158137733636 0.36343413920744083 0.08413988204587386
v 0.015057038268419665 0.3054500854304484 0.12459586304424075
v 0.0016989862657749734 0.26151939823182296 0.13555634481675063
v 0.0018451332903152912 0.23536261177216797 0.13669209938467594
v -0.0020871503434360806 0.3969309008045643 0.06459168327260575
v 0.0017554286628708201 0.21147808847520966 0.13480354037656034
v 0.16327526486230265 -0.167187925777933 -0.04952907810539227
v 0.14538476595867886 -0.18262899710564673 -0.06919498138853823
v 0.13732108075409866 -0.16699192247166134 -0.08097670484930758
v 0.15114756253913392 -0.15501751517386209 -0.06751248514057344
v 0.16175471960462462 -0.11239427574683014 -0.04977679124836838
v 0.1635292995986588 -0.08682079067262816 -0.043793231974455095
v 0.16446478252792998 -0.059067784005443574 -0.0394090681623811
v 0.11753653968386682 -0.17385009748200364 -0.09351746254720819
v 0.0907366775953696 -0.15496383354141535 -0.11024226099767469
v 0.09296859340545577 -0.1760476047500722 -0.10287697741663379
v 0.14938718183766045 -0.05977643058960108 -0.06432923649248698
v 0.14875279405993558 -0.0861777968487753 -0.06791098146337907
v 0.14333127040214697 -0.14769427883744685 -0.07770672923028904
v 0.1459475332438989 -0.13320731991228268 -0.0755534190961952
v 0.15906405626554346 -0.13619936423388168 -0.05789166916090853
v 0.11486327508822805 -0.15463267743321685 -0.10050349496649445
v 0.13238314290819572 -0.1519885197254755 -0.08811116578780098
v 0.059092126757614376 0.0003992980511005606 -0.09040903049737324
v 0.06300034902992778 -0.018581052250645297 -0.09847934098464095
v 0.03510364331323082 -0.018412307964762953 -0.09998677594106284
v 0.13887005907852432 0.006408238064123495 -0.05299204313651854
v 0.1258629671167579 -0.014081949484855 -0.07468462711537646
v 0.00010152269988233389 -0.15735757147369261 -0.09950235199926148
v 0.13164379912924937 -0.13384880986795222 -0.09092890379303904
v 0.0894701506274793 -0.13255149958496143 -0.11499503933314471
v 0.11311170042939211 -0.1334910110371917 -0.10438415177224328
v 0.09022327772430654 -0.059949284629509186 -0.10930339397947944
v 0.11225127269594758 -0.06031593627517459 -0.09917096757726751
v 0.11182579940157238 -0.08510297063296762 -0.10391213817242125
v 0.08934797148144444 -0.08336935083397673 -0.11454261061212566
v 0.13183781885956605 -0.0602997204751089 -0.08424285565562473
v 0.12970558589442818 -0.03583135757197645 -0.07988491788723863
v 0.08881402326797001 -0.037813488618639174 -0.1023691381728376
v 0.11032361280783833 -0.03658849655580468 -0.09320856859956686
v 0.10631956500700913 -0.015579591321879693 -0.08649790892152394
v 0.13156428526782693 -0.08649813286291297 -0.08817897821503612
v 0.08860057797622745 -0.10844634926203472 -0.11705247336424371
v 0.060781924828124737 -0.10686783245174764 -0.12250577229659156
v 0.031208933609358332 -0.10506179519846687 -0.12096865105028186
v 0.0016959604115296555 -0.1059794687926831 -0.11761280658372293
v 0.0020307493951944255 -0.08241230810823424 -0.11791573388886747
v 0.08567221058335947 -0.017205698050409002 -0.09444838046982217
v 0.07560017586059228 0.020421020020041508 -0.07954265390238002
v 0.08138271524024926 0.0018546934496442569 -0.0862724924047838
v 0.06412886671873931 0.08134259446746823 -0.07300465957626427
v 0.111881765825353 -0.39900567469899906 0.09756048141256723
v -0.002566108945665053 -0.21401057203939616 0.01247164626060944
v -0.0038716627043498784 -0.22122925445195984 0.04002027430434215
v 0.17536818198610538 -0.13393231132069594 0.07019757251540663
v 0.18367924998774243 -0.15104439836563527 -0.005033394332767304
v 0.17173064454181258 -0.14258763005162056 -0.033591772440682344
v 0.005592937646798881 -0.2253015945236228 0.08626028359407086
v 0.022027438555178743 -0.21882547189229318 0.10910259586775616
v 0.15593917178830313 -0.14063914150980555 0.09764560167344878
v 0.10349150928544475 -0.18355604449676494 0.12922777464426663
v -0.001715752674802323 -0.22541766608477182 0.063029231488435
v 0.14782514556155268 -0.11118882552997633 -0.07163900282156216
v 0.1311976886549968 -0.11192895988465346 -0.09009566826216642
v 0.11225693304819649 -0.11023861919794892 -0.10528542889550829
v 0.06127892619791282 -0.13045850528206004 -0.12086249056404864
v 0.030239750869489455 -0.12711242704480025 -0.11898683878594161
v 0.001285714476690409 -0.12678117006508088 -0.11371875671432241
v 0.019535338639567197 -0.16795932234656857 0.1291078578515604
v 0.008622494827764874 -0.16159999531810992 0.13372494021867373
v 0.015541418384089728 -0.15981075949379703 0.13474148345725837
v 0.0001916844667056812 -0.14860107197740002 0.13876161148043326
v 0.0006073736716204473 -0.16284111046560112 0.13189010656989436
v 0.009324621079786901 -0.1740719958481824 0.12510036967417085
v 0.0009374873262753059 -0.1753329955842438 0.12247678257624
v 0.0008883457192998062 -0.18852148440753042 0.11230261952375752
v 0.07716449718154399 -0.04497628175366522 0.14165688360570527
v 0.09891044749498196 -0.03832542175956627 0.1285558300518039
v 0.015344843038676862 -0.056154151707098726 0.16042123784982934
v 0.03446677416865662 -0.053924659551698645 0.15752289946674564
v 0.1550455239553805 -0.013263834125219642 0.0736538027224206
v 0.055154244536368885 -0.050415579884036166 0.15152099459939525
v 0.11983093280599345 -0.030777760679936872 0.11349618647414307
v 0.13971459073504364 -0.021934137261010594 0.09504392149675685
v 0.0014937665435258711 -0.03680178769929146 -0.10830174986705528
v 0.0014241244489044689 -0.01564525328620439 -0.10000629832983057
v -0.002647288720641892 -0.05777639264506543 0.16038275956055378
v 0.0026617822036802143 0.5011607963365741 0.11027819519522786
v 0.0029896340918619674 0.49560646222429805 0.09500191279132197
v 0.0006049919175067665 0.6890666460805212 0.09214715763450256
v -0.0011279556784738508 0.4973221975683275 -0.049228344780197636
v 0.000685615281825646 0.6338917985421815 0.11217519315325476
v 0.0021311468530096286 0.5488984625771341 0.12080621631498412
v 0.0014959335965747255 0.5734934293885383 0.1267693159428639
v -0.00041707098921875765 0.43132282295427876 0.04994409725769992
v -0.0010064137661685275 0.41991513081655685 0.05000408824072997
v -0.0008410102918471698 -0.20135294109764762 0.012859900304302695
v -0.0014613047710871781 0.4091127444972722 0.05632915699740122
v -1.1654803479048506e-05 -0.20101345056532766 -0.0008587400012603868
v 0.001952770198843039 0.16012593357935584 -0.08065830032690119
v 0.06909254312029883 -0.84208157938712 -0.02717737234994112
v 0.06742266879817667 -0.8400220146442937 -0.04244874578893473
v 0.07052020273596589 -0.8692682386563156 -0.03781960520944299
v 0.0697901864548748 -0.8703064155201706 -0.022898554079217277
v 0.08615646804951446 -0.8353327695698062 -0.07106334679486181
v 0.07444145741448922 -0.837343651008971 -0.06305273795839125
v 0.10116250626917311 -0.8350459906877837 -0.07251205896048081
v 0.11454031663272528 -0.8365679626673136 -0.06673442132941747
v 0.1094910802044871 -0.8660418109166189 -0.06389978362858115
v 0.09832509649058116 -0.8650421704263073 -0.07097720239945475
v 0.12284762046112464 -0.837773511478879 -0.05718917473880963
v 0.12510992503108218 -0.8679407039338042 -0.044143119141640576
v 0.1289287054735948 -0.8388398249509393 -0.04554558741759655
v 0.13178097300742067 -0.8404244265618571 -0.02708246800570436
v 0.12662997491316308 -0.868253824954312 -0.02658204271891587
v 0.12495236161301074 -0.8443348957649582 -0.007268241270523091
v 0.12003473513173082 -0.8712707816569562 -0.007205707409270607
v 0.11002865404980133 -0.8468418701554085 0.004213182518205327
v 0.0753327573159323 -0.8446988135653181 -0.011819185642318434
v 0.07399234883068516 -0.8721017693214491 -0.006906265629709845
v 0.0847808352042264 -0.8652428380127656 -0.0696951743244479
v 0.07587144838230941 -0.8671949998677088 -0.060164669984502366
v 0.072494092732178 -0.8683346823815493 -0.048685284820295736
v 0.06956200802068982 -0.8388716956223091 -0.053696845954502116
v 0.06936212807301731 -0.8972979360353811 -0.0329821146449067
v 0.06469797013620586 -0.8972625829438657 -0.017196790914889303
v 0.08277675719910625 -0.8945860716761008 -0.06936391036510653
v 0.07706203192224192 -0.8958894491360455 -0.05521517579789402
v 0.1047661814780886 -0.8946496325528214 -0.062437259897767494
v 0.09579131927763268 -0.8938302630936042 -0.07219256289898059
v 0.12518751209003529 -0.8958854997912048 -0.04401028142416504
v 0.115426324959535 -0.895339776614099 -0.05378918156577507
v 0.11768296544621441 -0.8669499611452219 -0.05473112213292023
v 0.12563042306453956 -0.8956039080286952 -0.02675897735615115
v 0.11939364332538731 -0.8965546173155824 -0.003961348852717387
v 0.07008222763950539 -0.8976718040223207 0.00031504399830156976
v 0.0732824753037929 -0.8970164979172909 -0.04405055652263547
v 0.12431745950391394 -0.9903523542054785 0.15321282756804538
v 0.12305100906486514 -0.9857372753501107 0.15300214366655152
v 0.11852708070093625 -0.9857379115601427 0.1535593323264826
v 0.11727756215388947 -0.9911351284721054 0.15394853692638405
v 0.08311258549724823 -0.992752171554199 0.16240088208485276
v 0.08113991641618902 -0.9823018895635628 0.1654544706731891
v 0.0726760250495148 -0.9836938111293859 0.16246518267923168
v 0.0716923445084131 -0.9956872686674728 0.15934491921312438
v 0.10124531555623711 -0.9924253544050766 0.16231169711115292
v 0.10268901611390108 -0.9955259206341861 0.15865631713507666
v 0.10774627557978558 -0.9954346252219085 0.15837524052279572
v 0.10958833449918601 -0.9922080883515675 0.16249350606401766
v 0.14755343851573444 -0.9837886113529558 0.1229067026371803
v 0.14776282935437252 -0.9881456666265526 0.11994846728122285
v 0.152213194892377 -0.9876196959205993 0.11847358501725756
v 0.15341721307157938 -0.9839773493800225 0.12014649771158183
v 0.13279509048420032 -0.9892655155241509 0.14120386901187823
v 0.1331318536649291 -0.9933438798267392 0.13778739461196526
v 0.1374079997478981 -0.9925260888023962 0.13659907412282604
v 0.13918046396383119 -0.9894202298219427 0.13868021134678685
v 0.08509588757598488 -0.9758750467425902 0.14225151774011238
v 0.07098257930373057 -0.9743248906059391 0.13916357772020033
v 0.07123116981042663 -0.9807022710705989 0.15293606548212485
v 0.0837988750903457 -0.9785774315893129 0.15605561109240157
v 0.06526395839619926 -0.9895300329089688 0.1478953497738071
v 0.0649694104009828 -0.9847804973688962 0.13298444398355536
v 0.07216191487975897 -0.9927416948661002 0.13100619612960185
v 0.07247278677299336 -0.9943513784307635 0.14490948942917733
v 0.08495008981525513 -0.9931056643190984 0.13471771254984274
v 0.08409832400971927 -0.9944745425197846 0.14723452220440916
v 0.09166298500622701 -0.9863985965497598 0.14007868535791082
v 0.09238928809655576 -0.987578541906789 0.15428538082233156
v 0.11137817295500504 -0.9849823551318587 0.14259742738861064
v 0.10657455287416993 -0.9776077555492589 0.14391520906748467
v 0.10784229486491495 -0.9826915022906902 0.15611156699110068
v 0.11412540433654218 -0.9889672616895989 0.1548202124896827
v 0.09539308909280779 -0.9785639011902257 0.14516031889023204
v 0.09946333455232848 -0.9832029686511373 0.15683181396119641
v 0.09161467257692714 -0.9887711084075791 0.142986096313626
v 0.09721956940575217 -0.9933511979026889 0.13906600100634284
v 0.09979434423556938 -0.9948690095458564 0.151722075584793
v 0.0939682926844196 -0.9904228104349967 0.15599515136993797
v 0.10680490281974828 -0.9923919448465973 0.1388395986832915
v 0.10913514281877039 -0.9946823201412712 0.15111789587405855
v 0.12476670570210241 -0.9769599911837957 0.13697925738709985
v 0.11387914973065506 -0.9782702520209178 0.13898696891130416
v 0.11656527364108837 -0.9834659944548744 0.1481121126550099
v 0.12423012193979306 -0.982819248372586 0.1473464450055806
v 0.11210961464437838 -0.9913107908444202 0.14722008567945188
v 0.11052372533306674 -0.98830517249653 0.1376554316569106
v 0.11609491452506107 -0.9924121306752659 0.1345941097308795
v 0.11768730333784427 -0.9941045297346914 0.14504241463997683
v 0.12567079869651915 -0.9911568077362255 0.13373643642776353
v 0.12528860729795008 -0.9940243918464745 0.14470730553622052
v 0.1297531906509112 -0.9834458091419785 0.136406050190527
v 0.12914810210877034 -0.9883865660323755 0.14678725085132574
v 0.14543996878121895 -0.9817816313181177 0.1227451246409779
v 0.14176119488055414 -0.9749166719202819 0.12405212779377812
v 0.14039410086761248 -0.9809622760714422 0.1333715727427133
v 0.14345201319649353 -0.9870131617459253 0.13186447740397036
v 0.13359184690837714 -0.9760137316837046 0.1276549207929467
v 0.134164656525083 -0.9809088496935116 0.13535617457570073
v 0.12934747459828133 -0.9856469317502204 0.13577084295615582
v 0.1302245704679691 -0.9821319860071683 0.12902228104635996
v 0.13284166751274132 -0.9901897875800275 0.12430075210310651
v 0.1315808140677675 -0.9928066332298292 0.1323626533476131
v 0.14136157515593797 -0.9895959954404058 0.12100741076479854
v 0.13939654291715856 -0.9927044641193689 0.13065143072731739
v 0.15704529634792538 -0.9728030355869822 0.1075414756802251
v 0.15539226117024188 -0.9765393157269481 0.11585913336137404
v 0.15730377377926727 -0.982304956515288 0.1136804916216995
v 0.15847668970950887 -0.9795546722512 0.1036361891378065
v 0.14988567313921886 -0.9727698094150409 0.11248420058947951
v 0.1492455550504755 -0.9764162814883143 0.11848691690346784
v 0.14511031583522835 -0.9814545252810282 0.11801245562043972
v 0.14687263497849742 -0.9786935605978632 0.11326129973250121
v 0.14708507011265728 -0.9868985030958083 0.10879098860934598
v 0.14607736506245605 -0.9884617653333981 0.114788540754289
v 0.15396396311691374 -0.9858470799585878 0.10465720841366327
v 0.15358642850709495 -0.9881744596396776 0.11277670394968149
v 0.08996162926860775 -0.973511898863746 0.1285182438750756
v 0.07206782526420945 -0.9686338790996353 0.12531241315329325
v 0.07408754174187965 -0.9952635817113623 0.1546500770961255
v 0.06627661130756042 -0.9807248661637274 0.1191492809490073
v 0.08073312500403759 -0.9953918102575688 0.15583593405256047
v 0.08990894940688927 -0.9914010941771069 0.12334035309720003
v 0.07413610201034394 -0.9900116289387687 0.11724423513321297
v 0.09087116894704972 -0.9853876540707919 0.13437872724695035
v 0.10771398242752286 -0.986335076557526 0.1625332243323951
v 0.1103248353059035 -0.9907215253339062 0.12249755561263609
v 0.11001623451096786 -0.9854728211197786 0.13249529457414544
v 0.10261663029303929 -0.9864683404230793 0.16282941602982787
v 0.10885831943592275 -0.9734216689695331 0.12771847881285417
v 0.12750600078158622 -0.9732159312187173 0.11938102005919606
v 0.11925185721803225 -0.9947069771563856 0.15098155210267908
v 0.12332586456871353 -0.9946579398241634 0.1507219390996149
v 0.12950512128179428 -0.9894941030764836 0.11628433769967075
v 0.13071153238355493 -0.9808291442424463 0.12721468324813506
v 0.13862524837601425 -0.9846567339733528 0.13887259970896804
v 0.1450091591723967 -0.9875117925672999 0.10550753733825383
v 0.14726300930524552 -0.9785390762758545 0.11357548915821129
v 0.13489268337661217 -0.9846418940698202 0.13994604601661306
v 0.14503753231023578 -0.9702253552748407 0.10826264990403427
v 0.1525697009708291 -0.980475109825724 0.11998525228567078
v 0.15550160450379494 -0.985663690543709 0.09391571612107173
v 0.16093361818387042 -0.9776753087543929 0.09097549237667607
v 0.149402475926712 -0.9799924646775774 0.12184017293692732
v 0.15771162905350442 -0.96913053451418 0.09647855189135982
v 0.08314917271887858 -0.8734862262996003 0.004580415939220108
v 0.08412315485481243 -0.8470264141675287 -0.00031889686979258696
v 0.09568083142341592 -0.8481752777604671 0.0052446923305536864
v 0.09441709175174783 -0.8744158505828431 0.008851572612928857
v 0.10709960294734354 -0.8733309761634734 0.005648685319856674
v 0.08112069741639291 -0.897600564167408 0.01259257777635412
v 0.09412687573834787 -0.8974668557349675 0.016294497252364915
v 0.10654651323406128 -0.897901590439785 0.010624285273585969
v 0.12925840663122504 -0.9178216991659517 -0.028052021853680723
v 0.12628164540134657 -0.9171856591339754 -0.046172997377271555
v 0.11423652302130348 -0.9168758501886659 -0.05590783909399756
v 0.10499167335036749 -0.9165657003503503 -0.06640165723422538
v 0.09500897691726841 -0.9161690367328928 -0.07591494907611761
v 0.06935703065260754 -0.9199728571993363 0.005713421460862368
v 0.08040204243823718 -0.9168902371486815 0.022522889110288758
v 0.09472211075758628 -0.9149665509237713 0.028348715184468243
v 0.10963366731289989 -0.9162396562029312 0.020339802054761463
v 0.06922176893427782 -0.9613168040297572 0.10945068133745053
v 0.08785968553720826 -0.9596511020401851 0.111307743680693
v 0.08510151262163795 -0.9495311056830392 0.09218040677698877
v 0.07036892553972364 -0.9593475705680526 0.08855373322023094
v 0.10614193060025062 -0.962309111485759 0.10831683194953573
v 0.10451348249096533 -0.9494974171761036 0.08873388872472318
v 0.12437027830826536 -0.963343815210448 0.1006597656558621
v 0.12189066510536241 -0.9530434556146833 0.08070676798372647
v 0.14174303285811948 -0.9637723349553912 0.0904756251760383
v 0.1378208100839576 -0.9571355620795542 0.07084610492242376
v 0.1567592308072363 -0.9659150768452568 0.0807233882147459
v 0.15220624979823766 -0.9632076893028275 0.060771610406530965
v 0.16350221638418508 -0.9759823070125792 0.07511199414531491
v 0.16050730289364365 -0.9739085587854769 0.05482523344240688
v 0.06384616728403332 -0.9775797700926901 0.10287501604428934
v 0.06669593676538534 -0.9748782331041569 0.08239489599733725
v 0.07386198977240142 -0.9891853794587707 0.09926048767672943
v 0.07623377031004709 -0.9880884918572551 0.0792573311472462
v 0.09084819493046334 -0.9891516102144121 0.09852836032347109
v 0.0922429294118278 -0.9879039043050061 0.0775328993057196
v 0.15551543383448108 -0.9859424004571254 0.05700312814726821
v 0.15690705878574632 -0.9867012323794279 0.07760948354252634
v 0.1101441994731925 -0.9884271747129781 0.09497480375803595
v 0.11082960006783686 -0.9867230403142416 0.07334678535612744
v 0.1283316330455192 -0.9886452635131989 0.08942193017264252
v 0.1282234114646746 -0.9874070335883093 0.0676123227129156
v 0.1439335163763499 -0.9884789297173061 0.08315111950400692
v 0.14323123492575862 -0.9880635370299503 0.06175578987235431
v 0.08198367828313859 -0.9423668188475177 0.06822900838580542
v 0.1014094071688302 -0.9366068261493466 0.06738298299239696
v 0.11765808742476337 -0.9415930228599366 0.05824790007211117
v 0.1324462349690148 -0.9488808347876648 0.04719983025566251
v 0.1456817756499464 -0.9593898691804118 0.036784349697918085
v 0.15478550238030248 -0.9710841039001649 0.03145008097952631
v 0.13090667774361855 -0.9378730842012227 0.018583238963975426
v 0.13915833661566807 -0.9578970216353043 0.010543194254468086
v 0.14565308311305417 -0.9707742682716972 0.007891694228265494
v 0.13891645468695696 -0.9702284198294903 -0.015653255260999137
v 0.13542462754831314 -0.9565312477389781 -0.015263507621432233
v 0.1252178826588103 -0.9568433886472457 -0.05638361737539061
v 0.13034961744587445 -0.9559525163978936 -0.03836489687001819
v 0.13455388754085593 -0.9698948699851965 -0.039128634466668755
v 0.12949491485392123 -0.9721307790152011 -0.05819335029450871
v 0.13142241358350928 -0.9384460621945622 -0.009974291417514778
v 0.12780471848957234 -0.937496841998014 -0.03326785471425192
v 0.12131616689426498 -0.9368521088578533 -0.050188571131305856
v 0.11198284446440333 -0.9728073213729441 -0.08024330452187332
v 0.1110350745024008 -0.9562818289052407 -0.08015492970247108
v 0.11952415671310329 -0.9570976466120572 -0.06912511375676576
v 0.12292073387714315 -0.9729322421838799 -0.07099294862978343
v 0.0949246720407246 -0.9742724740597001 -0.084479165061402
v 0.09462332473581579 -0.9572055204505489 -0.08695425820805347
v 0.078229700543845 -0.9593512483610004 -0.07553084520494567
v 0.07792482383186704 -0.9756877871406163 -0.07506111125281503
v 0.10771672523308541 -0.9358279123001093 -0.0728938063049178
v 0.11415751584213728 -0.9366464249796077 -0.061951378601361524
v 0.09500027078786463 -0.9360028391888543 -0.08047280021164269
v 0.08026774743526238 -0.9374121006126815 -0.07126992637863952
v 0.07154794516046736 -0.9599130819312122 -0.05632806664693319
v 0.07473123625374199 -0.9389105266331873 -0.05430455063886224
v 0.06992485172676384 -0.9758477681787333 -0.05689826570069709
v 0.07172500272015875 -0.9582021482453879 0.06368759218121627
v 0.07167467532353428 -0.9712874553607783 0.05887918425152648
v 0.11460035821499527 -0.9280875494988069 0.03766342113053979
v 0.09732058687945294 -0.9252058474617687 0.046192917652097806
v 0.07840385330151571 -0.9333133701876722 0.039142503276740334
v 0.06959429766975826 -0.9558613252653708 0.03678179517189975
v 0.07343072692934219 -0.9704592859676268 0.0325973654840979
v 0.06697036562354991 -0.9576207202988724 0.011372923294777133
v 0.07287017486401956 -0.9708224480565829 0.008922463125458913
v 0.07985525533271307 -0.9816563985249495 0.055717347916305664
v 0.08212657446371081 -0.9775066479624631 0.030011918472575755
v 0.08072497686429254 -0.9776208928526612 0.006668504078887804
v 0.06630380011658525 -0.9586336687731817 -0.0102525910880565
v 0.07041361621501317 -0.9721500195248 -0.01177789516431103
v 0.0684789895396635 -0.9585315418203603 -0.027587495269256454
v 0.06945414432827428 -0.9732802872727954 -0.0283789342224112
v 0.06885599554263128 -0.9746060512117015 -0.04201719077760888
v 0.07019405522063894 -0.9591276342852239 -0.04127494406351855
v 0.06910498637963162 -0.9390884094134907 -0.028689968855741287
v 0.07174671663430963 -0.9386019895022794 -0.04098487539434593
v 0.06686548163719673 -0.9397712362386136 -0.011024554734777882
v 0.06843984729040799 -0.9385563254511905 0.011339001499573715
v 0.15151902843423565 -0.983777794588068 0.03308055297770184
v 0.14426376428341464 -0.9817001322224966 0.00916465786767088
v 0.1365463162833389 -0.9801848029651855 -0.014060599581805397
v 0.13116095724988025 -0.9817568112860285 -0.0370693895207131
v 0.12441602973301683 -0.9837302886834901 -0.05468937531243838
v 0.11775987406022602 -0.9842430465483917 -0.06581045353663893
v 0.10857979830159756 -0.983745962697051 -0.07391987320629033
v 0.09471184976396244 -0.9832680453147357 -0.07588917514032004
v 0.08221872475354737 -0.9842852367914717 -0.06977818573191098
v 0.0761895305813187 -0.9855573123517155 -0.055709428713483874
v 0.07460247318954924 -0.9858842969387861 -0.04261160741076828
v 0.0775885653494747 -0.9807811468302815 -0.013795932010837859
v 0.07502576653043472 -0.9843232789167627 -0.029544952315351047
v 0.0643201796377916 -0.9201789748608001 -0.013259830535702196
v 0.06696551481392513 -0.9195553974576777 -0.030416370554872348
v 0.07115854238088849 -0.9187771685261877 -0.04163986910608339
v 0.08141819944578685 -0.9168007768207317 -0.06821872255837819
v 0.07610460198517698 -0.9179456632527375 -0.05271816921579322
v 0.09374948614857014 -0.9854891467001595 0.05277811302333263
v 0.1109815011618271 -0.9850806742058525 0.04833713076692085
v 0.1271866332492865 -0.9857743146516132 0.04267940430128539
v 0.14072264230607914 -0.986494689094556 0.03732575564852909
v 0.13584258223640758 -0.9851999065723885 0.012566276968594213
v 0.12360017936629819 -0.9847294424223944 0.01685568959244427
v 0.10825115269742965 -0.9843968944916951 0.021911217571556774
v 0.09346890599986585 -0.9816788953166139 0.026927187649103828
v 0.1285428535267165 -0.9849334162162541 -0.010534518104532722
v 0.1177469755616435 -0.9853789243542622 -0.006356480683924155
v 0.10353907715452083 -0.9850406808399447 -0.002283722512012191
v 0.09080707367401074 -0.982783762509332 0.0031972319748266027
v 0.08645632309023737 -0.9863145443731983 -0.017399144050937263
v 0.09761981032035398 -0.9873129004985902 -0.023248264531552088
v 0.11055674074691356 -0.9870678815411505 -0.02708654696967996
v 0.12095485286024378 -0.9860785348601558 -0.03213957027287438
v 0.11475676875614 -0.9870069820674233 -0.04873480714325915
v 0.10493498445787085 -0.9875361578779777 -0.043146130608975014
v 0.09341156246885246 -0.9880913326532953 -0.03891032529929791
v 0.0839639460780621 -0.9879127402495466 -0.03360964248859336
v 0.10990686898493579 -0.9871309755495944 -0.05845733269884647
v 0.0951409005783501 -0.986798879687696 -0.06815109495767269
v 0.10384680964392254 -0.9868848502147968 -0.06517120556710441
v 0.08677935484580418 -0.9877593327303674 -0.06480581482405799
v 0.08369897395304363 -0.9882804027816078 -0.05496801549999535
v 0.08316623947682862 -0.9884440865135934 -0.04465689341545331
v 0.09085159941570771 -0.9879256686212 -0.05567564381139265
v 0.0917704901623293 -0.988094609527069 -0.048234863616923654
v 0.10174732310085002 -0.9874929983286077 -0.052492342178318614
v 0.09860686611188499 -0.9872466920743069 -0.05899754996830708
v 0.09094088721808179 -0.9875468816956755 -0.061339141682623215
v 0.09492465439963589 -0.9871939418389398 -0.0629181429870072
v 0.12133927488759218 -0.9199203814404963 -0.0003888656605955398
v -0.0025161572391729048 0.4647893203910278 -0.06815019582616609
v 0.0008579346578131627 0.3965530349375761 -0.09425521971989621
v 0.07849461246190904 -0.5664964189103029 0.04176923629768281
v 0.09343516983379484 -0.5692776855106657 0.04664930378301388
v 0.10913100940606107 -0.5675903997596033 0.04716615567396636
v 0.13016427632119898 -0.14763128429758626 0.11718624179985818
v 0.08168718481402842 0.08497667008878425 0.13198212806270207
v 0.08871505165249444 0.12797417998760546 0.12470934088387574
v 0.0849849089863492 0.10580900980293642 0.1281849058420604
v 0.13280410419333763 -0.17734040070557772 0.11951309010419008
v 0.13624307045758016 0.1518908430662469 0.06999431790103466
v 0.001085121200402802 -0.14350967330994224 -0.10697057195122006
v 0.0005938538286282294 0.3553795531509826 -0.10268234872754174
v 0.11046666026453977 0.316707201413836 0.10757703124979195
v 0.0016085191208372789 -0.0589957555323668 -0.1146883271006041
v 0.0804046701217453 0.6000115388384715 0.014749611095795293
v 0.07808644334121695 0.5982429140752592 0.013320041475409786
v 0.07757078748225008 0.5947700942203222 0.012405676598544626
v 0.0766980285702573 0.5930137136550968 0.008456429649462324
v 0.07629856294235214 0.5912719670678643 0.005231888530124402
v 0.07588839209621426 0.5902117871051146 0.002904969416848251
v 0.07918929618176408 0.5953259362194983 0.010043832458863422
v 0.07730067213612497 0.5979740716331595 0.007119387274117208
v 0.07857819728388438 0.5979261162905234 0.010474210502359789
v 0.07957929452990924 0.5971967877824658 0.011569013727277441
v -0.0025755185416155737 0.345600345495224 0.09313306317166573
v -0.0016880116791140767 0.32959250936393003 0.10284701884887464
v -0.0009118911367069404 0.3185782857995842 0.11533234369001244
v -6.880228273211213e-05 0.3026203544624584 0.12442069332773278
v 0.002185833097341067 0.5446180452240147 0.12313949200534599
v -0.004948947512494401 0.029833259461618467 0.1629790574152369
v -0.004329435580090675 0.0444602498258736 0.16050104490205114
v 0.0004319882236022551 0.08756943095058242 -0.06549122390630426
v -0.003926184046507739 -0.01471960249164489 0.16647605532460175
v -0.003725425106998393 0.060834850781547545 0.1607790306951828
v 0.0012952844678603176 0.22726952505367493 -0.10289799527383661
v 0.0007943886851898595 0.28336264275505857 0.1311707047243189
v -0.0032459504127666694 -0.035901598221304315 0.16477178902699052
v -0.0004731244112438004 0.28981570153173464 -0.11264890594678936
v -0.0024152598618840727 0.08329241927185618 0.1608241063532281
v -3.0696836603599065e-05 -0.12985581126863893 0.14444660399479664
v 0.0010825146960149268 0.15055064306757124 0.1490348813000184
v -0.04279497713275539 0.659534928015107 0.08817351133630526
v -0.053924584458536776 0.6497173775828602 0.07882484477996779
v -0.048224811207252465 0.6412087037216929 0.08977465266504792
v -0.03772602752264575 0.647234556783138 0.09847458968699456
v -0.04521673137440684 0.6335585930286824 0.0979668664608568
v -0.03499469577388302 0.6365161424739973 0.10385556725110379
v -0.060270149061637475 0.6380781382939706 0.07004241010609467
v -0.05517340549145479 0.6331086491085308 0.08128303341955229
v -0.06069317714275845 0.597045987913864 0.07704203701964586
v -0.05874708513722337 0.6061353397334706 0.07597523467839692
v -0.06394772288738257 0.6030895829154033 0.06779712148927525
v -0.06496146198919633 0.5907893869009648 0.0684782156662781
v -0.0600403493437801 0.5703343228820776 0.07867995548911685
v -0.06171044551253274 0.5602649306352103 0.06889900151886916
v -0.05663895366115349 0.5534573414079735 0.08019902092279343
v -0.05400697154152833 0.5637737224567843 0.08784934371336799
v -0.022132097300591284 0.5818320527590879 0.10854543578893476
v -0.025390415336880995 0.5875604603497013 0.10616209484873945
v -0.031181824226219887 0.5817452792991955 0.10607364651905841
v -0.02721973395339087 0.575207779248046 0.10840987708907744
v -0.01338501263185536 0.5929119196178843 0.11264550757302612
v -0.009026393050485327 0.5970840550601382 0.11818484404814983
v -0.009515929204512323 0.6020515888824962 0.112775186406468
v -0.014467109491809535 0.5974119484088285 0.10852756698484906
v -0.016896428046223697 0.5765221957381357 0.10994471940278014
v -0.021973006801095325 0.5695419704123316 0.10917292951654549
v -0.015838480255254507 0.5837865045965689 0.1123919983525515
v -0.017724331553532282 0.5877871694921883 0.10923892630126963
v -0.012428780456556736 0.5794714578758332 0.12354281463071809
v -0.009458113572345888 0.5805973833938689 0.12814487670527966
v -0.010482916121488566 0.5862696182535143 0.12766351267536585
v -0.013828834091187016 0.5841713240233433 0.12146432086032309
v -0.015708258232952226 0.5770443153975956 0.1145348836236183
v -0.012017476882445012 0.5742753608640405 0.11702974309846903
v -0.013456644878429732 0.577214023355441 0.11960230531494506
v -0.015730329467334034 0.5807443409212165 0.11689805846436843
v -0.012794992271247585 0.5885177270528519 0.11692797248956874
v -0.009313368374325162 0.5919667115109852 0.1231975746663032
v -0.005299127234981135 0.5942435281271232 0.1296517900322863
v -0.005865279243772414 0.5869082886625998 0.1342298806547134
v -0.037424179896748254 0.5610218405033394 0.1045016756443472
v -0.0320797646230623 0.5576495390281646 0.107114115662867
v -0.027429318590794605 0.5635469734932884 0.10866794888111418
v -0.0326326702337778 0.5681989823589999 0.10722079866537328
v -0.012836116869256065 0.5708246054689436 0.11402794559135127
v -0.015463363905918584 0.5550147986334584 0.11762969610991035
v -0.009833789169803838 0.5566537267153874 0.12103739668913985
v -0.009847889575237367 0.560721098976156 0.12027400584929565
v -0.01604088205736347 0.5591191531055848 0.1166772292422558
v -0.042826407045770766 0.5453265260653236 0.0977286696365164
v -0.04295172856360106 0.5366586783925724 0.09543245824506852
v -0.03640729152799448 0.5377915289491528 0.10169741398996084
v -0.03664472413001273 0.5447369210842065 0.10287881029404447
v -0.03396653958394417 0.5314929032955908 0.10180034798109217
v -0.04035912721725426 0.5278966046214744 0.09458571402194435
v -0.030108074952437232 0.513024366823366 0.09911021139587976
v -0.024807599140598033 0.5209181424367904 0.10779225290420522
v -0.02979200276776192 0.5259675783434157 0.10365324373209078
v -0.03589387590536703 0.5200584877002322 0.09582100870879068
v -0.013093106856197714 0.5274846954694923 0.11528570290311342
v -0.018635673513439824 0.5167011250241745 0.11340506535162842
v -0.01160110781087341 0.5137890827506216 0.11818624711133498
v -0.007282894524829682 0.526489625160544 0.11809679909298483
v -0.014624473418625234 0.5485333677862096 0.11458863359605552
v -0.014931347870171294 0.5515052486785608 0.11672972279593409
v -0.019018925029801396 0.550111116567432 0.11360584822878335
v -0.018509005214531214 0.5479217475020595 0.11206267684840882
v -0.022717280904541923 0.5472878722636625 0.10950629967923331
v -0.0226668880139534 0.5480508386700274 0.11015236028308592
v -0.024276219659055766 0.5487111734246806 0.10993053661816633
v -0.02448184162760032 0.5470297383235161 0.10881706214500182
v -0.02086736888105431 0.5475606538457531 0.11055882253143665
v -0.021655452452387872 0.5463810116591644 0.10990612176999578
v -0.019456888233828462 0.5457243695162186 0.11142564869139154
v -0.01612248635806674 0.5453520227824886 0.11448701386104673
v -0.002978115963613822 0.5447119934394986 0.1222138438353947
v -0.002099386640535836 0.549099794502133 0.12033063880211523
v -0.005278000052133012 0.54902810188207 0.11919654897224542
v -0.006842560679643558 0.5448623894701123 0.12092913334153672
v -0.022759060133745585 0.5505569822804566 0.11158022152750925
v -0.02000046098154837 0.5527040310740888 0.1140104473702286
v -0.021374027533223802 0.5559374510980567 0.11352184118962884
v -0.024942958084474845 0.5525540420050209 0.11108014215079623
v -0.027931081781497266 0.5549857424906846 0.1095642220321352
v -0.03024486491574579 0.5503534314651484 0.10760374800595461
v -0.02678107997692864 0.5494845195089582 0.10926959206705503
v -0.023398025477159565 0.5451813099333394 0.10872183653564443
v -0.02723398755191315 0.5464091116581822 0.10779019715050685
v -0.026254737757279663 0.5433513333723834 0.10705107146108513
v -0.024043759807204846 0.5404631678847416 0.1083273730996536
v -0.0211989227982302 0.5435410361459523 0.11035674176812253
v -0.017915717867045777 0.5422396163979857 0.11353068853514053
v -0.02063966720644606 0.537999983612093 0.11130568454686103
v -0.01571755447575324 0.5361504121104244 0.11480019800409481
v -0.013370009483270058 0.541037447622104 0.11745451746252222
v -0.023630393435016057 0.5596317792022629 0.11169298553855157
v -0.03122318709532175 0.5455498673080764 0.10582676044584141
v -0.03492959479393001 0.5515182865647075 0.10490743530714006
v -0.030691939405231832 0.5405778333810456 0.10494666669956222
v -0.02833542560672811 0.5362534221594869 0.10575464716706558
v -0.019294564534282275 0.5295106557809681 0.11181539901749023
v -0.02456617266392387 0.5324195977979486 0.1083006639872673
v -0.02263740363473937 0.5067698136910386 0.10432439931229126
v -0.013770630779738504 0.5028883109057597 0.10848933496451896
v -0.04123846792660858 0.6272129663186997 0.09937821853770323
v -0.032704864013009254 0.6292164317068492 0.10204968165240676
v -0.04138813305056471 0.6190024863718822 0.09627512175528063
v -0.037605317542331256 0.6202965830235978 0.09846285972567838
v -0.03842916557590683 0.6232056684928953 0.09842520934798504
v -0.043116969384649345 0.6210625302304486 0.09571633614680658
v -0.053326739153250605 0.6090540168022927 0.0815588078996026
v -0.055078286708222936 0.6024902615760688 0.08209178824118578
v -0.04935106134380695 0.6076798933183034 0.0855563968353417
v -0.04877474258514928 0.6116350115616458 0.08620307228488377
v -0.04212439213241036 0.6011280558155838 0.09357629016491285
v -0.0397216047268538 0.6082930320184472 0.09447233978178318
v -0.04268374662044934 0.608812767150896 0.09196818484819567
v -0.0462673369526036 0.6019773397813706 0.09030395480210986
v -0.03612397288382876 0.6081804434295696 0.09666191510462482
v -0.0373684056073787 0.6016254858769348 0.09628945763965971
v -0.03255460140616165 0.6030430731836653 0.09820719297902446
v -0.032064645735165945 0.6086884010274851 0.09810546883288758
v -0.0318168965608876 0.6244378433874525 0.10046574241768579
v -0.0321825146965896 0.6210588294547539 0.1003945848516554
v -0.025830086934036652 0.6208253029304458 0.09985417494244998
v -0.02430463791586233 0.6241283749606812 0.10030790724222682
v -0.015680472184401828 0.6137359656979786 0.09618355487037895
v -0.01267447209232173 0.613643252099865 0.09790032497933532
v -0.013326338776597205 0.6179564276940521 0.0979713088489282
v -0.016655116785498848 0.6162641644353317 0.09664147224048614
v -0.017032636828237063 0.6119737122421041 0.09689605574438988
v -0.015102944463480164 0.6105137671936002 0.09833792520012273
v -0.03520518392733933 0.6813638815169452 0.08249322780620441
v -0.04892979018012358 0.6715813674349499 0.07286137392634635
v -0.030009288309156553 0.6657465709021229 0.09663499592852784
v -0.06022230803270098 0.6581954327295747 0.06480695392112072
v -0.06530020822093167 0.6436099401301765 0.056296720261677896
v -0.057912384267004124 0.5434016035875388 0.07365656239216131
v -0.05060037206298849 0.5385550797189445 0.08579258248938122
v -0.04971795487717851 0.5483452191357089 0.08992215881410916
v -0.05608591624666875 0.5324152978786647 0.06954660799369329
v -0.04830783919729549 0.5278221302263636 0.08380945539175594
v -0.03441155923277936 0.5083390983883473 0.08416873811865146
v -0.04307302963156392 0.517190018080927 0.08311265978787184
v -0.06178126770345967 0.5396508149629063 0.05285982094081662
v -0.058583703750837206 0.5310302794353445 0.04691568361875356
v -0.05083359772175181 0.5214980234680331 0.06522450511649092
v -0.06277493489013346 0.5433220897291596 0.03187858198902452
v -0.06048907977846828 0.5398108281682803 0.023584283993135974
v -0.05388569450536242 0.5221517795345092 0.03751845053531223
v -0.03786170528122518 0.48999702035352305 0.04604071941200768
v -0.05045932027681999 0.49518389659922474 0.0326616467748777
v -0.0521159364467851 0.4844943530115809 0.02903192947358845
v -0.0399899458623411 0.4799822467777972 0.04277700545370962
v -0.06304773814045418 0.54986606804062 0.05921049343416535
v -0.06584830542915268 0.6130178493367296 0.0581958692685753
v -0.06811193019897904 0.5989246391383909 0.056692909705606684
v -0.061660221811397346 0.6144953723255867 0.06984282113454754
v -0.07032472773565669 0.6707756958114516 0.02791864268604009
v -0.074974002551628 0.6528089995294883 0.026282946093637734
v -0.07067613640074358 0.6485950815134752 0.0418041492205568
v -0.065332365373967 0.6661637227167407 0.04757112150050994
v -0.04226003008606511 0.7062267356276727 0.03309659971180353
v -0.05860934152062101 0.6906921723261142 0.03076048393413404
v -0.054059399249332 0.6827708229103169 0.05398584013568965
v -0.040068139522148084 0.6966230169819452 0.06101249849838667
v -0.07783925983466256 0.6535713501888709 0.0101847832562323
v -0.07219010781777213 0.6716389732351812 0.006492241383243262
v -0.07399487508330879 0.6656498295444232 -0.014643971178684023
v -0.07890171535966577 0.6503560455218975 -0.006103876944513171
v -0.0607442319024767 0.6904168384990685 0.002277172341252057
v -0.06213845239078967 0.6836943483862418 -0.02371465810015598
v -0.061396731316089574 0.5428590543519425 0.011529931629646557
v -0.059472351103372366 0.5262015211652882 0.01617808906148812
v -0.0580001516202793 0.512175875181833 0.0181567499613342
v -0.04977578679565102 0.5076010485609672 0.0359818417971887
v -0.044313541523823614 0.6976590555018292 -0.03079394925109282
v -0.04352127122265011 0.7063370573898144 0.0002366699538767317
v -0.06675835831520438 0.620619564338881 -0.04839755997636649
v -0.07294489065550923 0.6133706764956991 -0.03298113691472284
v -0.07633617819399939 0.628878305913616 -0.025868569906435938
v -0.06992132607714589 0.6395989837365543 -0.04267507397542161
v -0.05587545420671687 0.627866836250492 -0.06323884124050089
v -0.05733498011275093 0.6500983759552358 -0.05734712289127002
v -0.05425629887953802 0.5671955416430741 -0.04024565269342207
v -0.044968623075657556 0.567701312689534 -0.054310913583951265
v -0.04029336660086043 0.5521899162515304 -0.04507453952144916
v -0.04860530398675417 0.552811600197668 -0.032755603594897015
v -0.05176124698936824 0.628285259803969 0.09106630414977811
v -0.05526204157340873 0.6221017531356148 0.08410492969157408
v -0.05022154906776382 0.6200002482074038 0.08971929908762317
v -0.04702671768160512 0.6236478594431982 0.09506269144791621
v -0.063318908855364 0.6262550824686357 0.06312974277341647
v -0.059124933977931504 0.6241425530296999 0.07456802502655924
v -0.07333626954483423 0.6328942384802488 0.037953790746285264
v -0.07707016717073661 0.6372614481735674 0.02513780297246911
v -0.08076161349574974 0.6368580961408821 -0.0010258774381509792
v -0.07990471001059761 0.6384112735524803 0.012172701550225904
v -0.075058092825118 0.6073962753572042 -0.02120659777961027
v -0.07756271019286597 0.617377540070395 -0.016532214976233854
v -0.062006586425257706 0.5510658289121559 -0.004918810946530955
v -0.054865410837827776 0.5523353616596971 -0.020528973394309084
v -0.053574729083207574 0.5344641293758425 -0.01583704597773062
v -0.060109556530937955 0.5312864891116241 -0.0012560644790343828
v -0.03710695347925471 0.5377259942229615 -0.03752761929336701
v -0.044762925131253704 0.536758973228876 -0.027983877750569208
v -0.05760684494286439 0.503370804961428 -0.0009398774001917196
v -0.05225922658258998 0.5064352297268033 -0.015467026065053558
v -0.05392558665763381 0.49525820960334616 -0.01880071102231933
v -0.05776772266205768 0.49228346351133456 -0.0035809381274163146
v -0.045732997083689865 0.49586321712511616 -0.0312249585041375
v -0.04443567855902212 0.507632573910301 -0.027881111307564373
v -0.035443672839276574 0.5079953536251679 -0.037254213851830635
v -0.036423073912429965 0.4952825824582775 -0.039555275069029006
v -0.016284143922036642 0.4727187677310355 0.05897524794027877
v -0.027164602916329012 0.4760836461260991 0.05217257977053641
v -0.029879526213456076 0.46701757078963607 0.04875406759136315
v -0.017897135239120794 0.46414655935837557 0.055091639466622176
v -0.0590253043266735 0.48324031351377544 -0.007510491181378935
v -0.05634033288760135 0.4877005464626564 -0.023014543545656053
v -0.06078595960474504 0.5663114547318601 -0.02747799158989393
v -0.06451375208525388 0.5695293239099886 -0.0150726814267533
v -0.04900399782620869 0.48780078003114524 -0.036149238492445626
v -0.05201866537524425 0.5191242302766377 -0.014642305371929197
v -0.04428977429115676 0.520672032622061 -0.026137817448701965
v -0.026010235112191686 0.5378967160437994 -0.04548151871110962
v -0.02900120782773471 0.5530624962831054 -0.05474661862741137
v -0.019767705970553807 0.592590340654389 0.10633609950336508
v -0.022829735100693437 0.6067184199949693 0.09921545840850536
v -0.01861675082354083 0.6083849278047733 0.09885528992622922
v -0.01969995275224542 0.6112265000852408 0.09782028235898296
v -0.023441014579735672 0.6103714834312983 0.0985187844542262
v -0.01246382427792588 0.6491155721260932 0.10885112822972175
v -0.02532743134479015 0.6500059061182095 0.10537817771819555
v -0.023543670817123927 0.636330718108696 0.10835172998282562
v -0.010732232713477686 0.6326410051434936 0.11030163681809649
v -0.04926802744908034 0.577049711932978 0.0957159620658617
v -0.043439532617256006 0.5670981534525585 0.10091065082708144
v -0.03739864258438086 0.5750272947124746 0.10480058722478706
v -0.04024260364712788 0.5837800594524736 0.10143378037111789
v -0.045943004437100636 0.6132764975262445 0.08906924595099439
v -0.04515606898321188 0.6153748160752558 0.09130358887129532
v -0.04752562986443788 0.6153870461747255 0.08888047199651945
v -0.040741555853758084 0.5535063009844094 0.10109693718438119
v -0.047291124220930555 0.5576781372526058 0.09534555799630465
v -0.06767099686119774 0.5839936630445802 0.0566850126529441
v -0.05667765162923239 0.6149952149935709 0.0783907902936981
v -0.02139196511575278 0.7163128945093512 0.03661731532583754
v -0.020751434842741265 0.705112866068371 0.06758504821864898
v -0.02196862182795802 0.7172274460576564 0.0007613311690896864
v -0.02242939296919403 0.7082403115153951 -0.03310354518813731
v -0.0424530475927405 0.6600408235550519 -0.06944872327194519
v -0.025564628936517435 0.6676858764386236 -0.08047747014141306
v -0.021479262045432122 0.6430281751035418 -0.0857838405481806
v -0.04102966742883748 0.6348835827980687 -0.07577967973078792
v -0.032341635974581756 0.56933976842018 -0.06554831255240426
v -0.025127219078378393 0.509180970823488 -0.0434006328797593
v -0.026044832130305878 0.4952295166434528 -0.04465549557176495
v -0.01921550569629693 0.686750468731639 0.08886875907809536
v -0.015797999126637204 0.6678211503076418 0.1014217198185717
v -0.06844861022466911 0.6281913596829862 0.049913212969207636
v -0.060339633931808224 0.5886391497298151 0.08062534336669591
v -0.056830081753793206 0.5816742111396234 0.08667962291789025
v -0.052568253726581 0.5926767407563069 0.09011214634717735
v -0.05516053602264745 0.5968391999798751 0.08516562114865917
v -0.06351604779303532 0.5792397207656992 0.07176865946904101
v -0.06505108577503278 0.5700357683599462 0.05969372390805909
v -0.06678082825392802 0.5611602150460828 0.045254224171528606
v -0.06527173895754519 0.5496026143054602 0.038309168152292496
v -0.07139875066103354 0.6556795532247042 -0.03345554448959809
v -0.07762015723052719 0.643114087498488 -0.019402990583189735
v -0.04503856384686669 0.6816593480584738 -0.05533505932058806
v -0.06330818872745105 0.670187716967812 -0.045485086465237815
v -0.0794103600659204 0.6327963058499444 -0.013087011643421428
v -0.024587558230277674 0.694323628981654 -0.0627246310730735
v -0.009588330423090388 0.5651123531032491 0.11901711644702795
v -0.008148942366626779 0.5693312212431467 0.11840237911275683
v -0.016776160672178537 0.5646879305941717 0.11406313080636486
v -0.008439865165245662 0.5401776799585218 0.12018912425866086
v -0.010298169320199389 0.5348271587840443 0.11755547727935785
v -0.005066980385550559 0.5342560265902478 0.11881695352894608
v -0.003815845774682943 0.5399153667276921 0.12153915988403563
v -0.013462908293116173 0.4974482958261664 0.09322200271058352
v -0.023604444964539256 0.5017238599452816 0.088856792358667
v -0.014914504174412986 0.48075291424418437 0.06474106791540563
v -0.02548026657979697 0.48455859655633104 0.057172891063523065
v -0.008333419093655377 0.5778386039568242 0.12235642394073891
v -0.008642856505868842 0.5769939252282719 0.12032461762160365
v -0.006710938778635844 0.577394012529855 0.12077287152747286
v -0.006772044244031239 0.5781992340741603 0.12274210851539111
v -0.0214055993798126 0.5490746959115993 0.11147997017868498
v -0.005020482979584837 0.556913722388789 0.1230120292996845
v -0.005143043002509742 0.5530285911633062 0.12177060351138293
v -0.0019599259450388327 0.5527752490923324 0.12244065292293575
v -0.0018784607537852714 0.5565720488959149 0.12370877769906695
v -0.04060859682152743 0.5084952001916911 0.06249435087306149
v -0.0377114033960221 0.4999975224675941 0.05168159061841637
v -0.057591296579388385 0.48823423350016765 0.012645973711354442
v -0.05767216359090022 0.49958763072619056 0.01614917706482217
v -0.05826154270857414 0.5162034144564334 0.00032439213092839135
v -0.03644857137824375 0.5219020201245037 -0.03657257479822857
v -0.025648242773827837 0.5233269694774929 -0.04374426920083178
v -0.012843479439627235 0.5249738423521979 -0.047524805689313165
v -0.013866689117142086 0.538203704357097 -0.05219091083652355
v -0.025226581783800814 0.4979015952583056 0.07391864661897522
v -0.025114287912018113 0.4924216432697335 0.06360560077267573
v -0.014463242642382464 0.48829942306226526 0.07092437288067649
v -0.013795691495632215 0.49338455725799124 0.079971419710242
v -0.002566924448417289 0.5752803190399275 0.12412265526246558
v -0.0035136175997504833 0.574043950485273 0.12201693391740122
v -0.001523826494141494 0.571838466929484 0.12293298891431817
v -0.0011396833214214147 0.5741543190475491 0.12575402397159738
v -0.009488043163640535 0.5751297921369518 0.11868549563173586
v -0.0073783384953322395 0.5722214651906534 0.11859793981408766
v -0.007105421673160259 0.5742404349545834 0.11860809638384273
v -0.010371702393539451 0.5764406313552937 0.1202781577291119
v -0.009815850794827956 0.5778890286256372 0.12288049930431548
v -0.00506724884847202 0.5787417901694963 0.12764762711471198
v -0.004729956957788557 0.5795188567929582 0.1326433115642961
v -0.00797118770389174 0.5786868981249962 0.12590410805536545
v -0.004435286902556709 0.5765920518201728 0.12254708023211816
v -0.004749639728825479 0.5752682859708769 0.12074358188535056
v -0.006724486881558382 0.575978707439258 0.11907476520967368
v -0.008469290514432121 0.5761410760238528 0.11905976162892902
v -0.005329118824041221 0.5785861062883071 0.12551023861565844
v -0.007147473995400562 0.5783413059271549 0.12421337232450076
v -0.004589966870785669 0.6001985729462171 0.12385355414974611
v -0.005484662173496278 0.47901488496396066 0.0681804650228101
v -0.0048921967764575846 0.48657362259806697 0.07382146692006904
v -0.02202795897107646 0.5476018868139897 0.109946599721959
v -0.02333620316470493 0.6288155962553055 0.10363246641678003
v -0.04683754901467568 0.5912560731479359 0.09535981714050944
v -0.027012671540871808 0.5933516047327143 0.10318983063332832
v -0.027464843174254704 0.5991150134102052 0.10067658367610254
v -0.033305085335135154 0.5960602607436449 0.09978732271753803
v -0.033125038777959255 0.5888629485806876 0.10275363210897821
v -0.014518240086372753 0.6255071498989258 0.10361906943289889
v -0.009241020177822478 0.6197734356649507 0.10239571154364914
v -0.005326272346327293 0.6218639771815725 0.10858644000883798
v -0.008895318692260375 0.6133177903283275 0.10243698633604487
v -0.012060800375644875 0.6081343092221986 0.10129190783778777
v -0.010324915741472407 0.6058635641236612 0.10698290769055008
v -0.005561953093735894 0.6126878691935009 0.11052329822783817
v -0.0457595995802065 0.6184765264389862 0.09222677181674084
v -0.04370710692693883 0.6172234595259669 0.09380696177722202
v -0.015391558534806945 0.6011758335051476 0.10433266052919848
v -0.016725195470872152 0.6046920083076787 0.10083266452281645
v -0.02188438510615186 0.6019769931173407 0.10084027762520831
v -0.02100431806015302 0.5971866799857566 0.10328581704621839
v -0.03968335909666894 0.5931666660307837 0.09822733555701704
v -0.051798899612827 0.6151517572852452 0.0846744032201808
v -0.04861608637113823 0.6042442228757341 0.08730402336961332
v -0.06512235708882583 0.5638819170597599 0.00045250408027556685
v -0.06813213422109812 0.5745561350300248 -0.007086108261416949
v -0.06681799557102795 0.5560314697826995 0.019974260746674577
v -0.06617058476957625 0.558192100450717 0.015840304660205348
v -0.0617827517335751 0.5525072701192172 0.017992153886854947
v -0.06445963572715671 0.5520843548828454 0.022978995543430338
v -0.07844639909369784 0.6080757133724635 -0.00020949695144780595
v -0.07755471433522511 0.6085993517367292 0.003945920304588782
v -0.07862580556044667 0.6148908342840618 0.004544777239176098
v -0.07834549363072107 0.6138954352800606 -0.00332586526322754
v -0.07767348727343026 0.6112189430264168 0.010645252715312775
v -0.07708799670986294 0.6076919877171403 0.010890636630012692
v -0.0768455330639582 0.6071281593408098 0.014196218143467464
v -0.07743636646989048 0.6142737215500202 0.012628135642450453
v -0.0762531754329241 0.6118403906214298 0.02033922655407572
v -0.07701885817467811 0.6229227834231161 0.02301812660723921
v -0.07944208686507775 0.6248415456462117 0.012943233079935728
v -0.07049077259426056 0.6101693362472347 0.043862970328276484
v -0.07317987675020102 0.6177158633886161 0.03284652901100908
v -0.07370162488313291 0.6062196481370845 0.026459933986759526
v -0.0705275931608785 0.5988886735735276 0.030976866362279896
v -0.06717532547952078 0.5639159460416792 0.03070014310848522
v -0.06707586193836082 0.555398466651527 0.027574360836304365
v -0.06234503688912118 0.5561058041302405 0.009807234211845269
v -0.05253971177826092 0.6070951195454954 -0.06367665717238237
v -0.06278966841876364 0.6021142941856198 -0.048894853351093025
v -0.06976117171246378 0.5975845443265368 -0.034474947906858455
v -0.07234151549423172 0.5949929434045225 -0.022150813396026838
v -0.039293044111839155 0.6122313905912358 -0.0764344221118325
v -0.021823793884911593 0.6130115700757225 -0.08350058483937937
v -0.06981337359075215 0.5933222295590703 0.04411481863921973
v -0.069506709393896 0.5871337623045603 0.03222529687226165
v -0.05931385907735327 0.5837028884188029 -0.04671840295996946
v -0.049097765272133664 0.5865350684919994 -0.06095767337753578
v -0.0656207197249973 0.5818112596601138 -0.032241123157151455
v -0.06879592767505964 0.5822578372900583 -0.020285140313743955
v -0.035394261504670024 0.5915706215321701 -0.07348954182346072
v -0.018435762189076905 0.5893319418664388 -0.08120276927960159
v -0.016768958793864912 0.5686618385161467 -0.07227784589498927
v -0.07128671562750434 0.5647774349098191 0.019991641077021362
v -0.07227568361573516 0.558826656860461 0.021193664984568816
v -0.06961616485844578 0.557627279579852 0.022894597417760756
v -0.06909983514027095 0.5637072906243339 0.024014840388283106
v -0.06868047664578414 0.5750558671710573 0.031705503465994385
v -0.06856329634578226 0.5779862279975738 0.04364766602695937
v -0.0049880307799038785 0.6062150705413039 0.11799333095653723
v -0.00446986158290564 0.5125738230110495 0.1202285964292386
v -0.0025070764830496263 0.5264387775835118 0.11967516406007922
v -0.004532780679106213 0.564942437996247 0.12173175235821357
v -0.004951825600416903 0.5608845754526748 0.12254690675068154
v -0.0017532417460669946 0.5602569243293848 0.12327676601718715
v -0.0014962129312188852 0.5641609095096676 0.1225059557753901
v -0.017679522991336478 0.6219039035930654 0.09897979451037088
v -0.014926973385500497 0.5532054176504372 -0.06124323714884351
v -0.013018621700706275 0.5104632465582245 -0.046563858103277574
v -0.01427796374401701 0.49598611183983654 -0.047775997121673436
v -0.038980914910912 0.4854897067363764 -0.044911005863111954
v -0.027762825541670498 0.4838344571610009 -0.05030364317251283
v -0.00124319992376499 0.5681305403195869 0.12225715828602185
v -0.004101199179691687 0.5686928824014934 0.12108720625552746
v -0.004747058206572081 0.5779886035061059 0.12431983614995254
v -0.00975450696744367 0.5526031566999005 0.11994463329409755
v -0.004833049810300168 0.5738443780668121 0.12035122674365527
v -0.004052479411259911 0.57165341536229 0.12078933962835263
v 0.000534640457402186 0.5712911990618961 0.12378756295787162
v 0.0003639013153256557 0.5677445000621678 0.12259734283200627
v -0.027604949216276955 0.6050017578245823 0.09924354043701013
v -0.027721747210435896 0.6095174399485503 0.09866664708834139
v -0.003163785614973451 0.5770508266863753 0.12655198789706376
v -0.0020695672977073653 0.5761303559719169 0.12927296162013147
v -0.043013139868094345 0.47035298251338065 0.03910157810536938
v -0.053999304310613006 0.4743921875942827 0.024914754352222256
v 0.00025744547406449754 0.5526666637595254 0.12267949205543775
v 0.00021417515290220906 0.5563818569311603 0.12393185177636437
v -0.07099166681241853 0.5913259791940826 0.023056167489376327
v -0.0731035608266129 0.5984867832973476 0.021030586149587506
v -0.07448810303345048 0.5932157123371928 0.015921597526226634
v -0.07217871572002005 0.5872543042248379 0.01735788551725967
v -0.006805471760688159 0.47082791983926103 0.06284729535876984
v -0.05818610411450993 0.47847145589259027 0.008570732411196857
v -0.015610984809627554 0.48416675523515634 -0.053374910322148604
v -0.04479621538340217 0.6099164336991327 0.08972879504710593
v -0.0458540857994193 0.6114378986070581 0.08865867285157866
v -0.020304637799534394 0.6191766078791938 0.09802841189377748
v -0.011537921789237564 0.5450600907778318 0.11838388815713474
v -0.009690796373554333 0.5488972995111249 0.11742658777746523
v -0.004699177256772692 0.4916658190437706 0.08248536895805039
v 0.000478472877749739 0.5735807406495408 0.12675359975466374
v -0.0752073514335914 0.6010775807357868 0.007137559158886822
v -0.07465693452948384 0.5975224874640047 0.007949951103360137
v -0.07739356974413523 0.5964977532035756 0.010121244888327849
v -0.07775111362762288 0.5998145769947993 0.010685633986980135
v -0.07955707517890206 0.6033009053130657 0.015471733052653796
v -0.08082424594295604 0.6067251270737346 0.013735987898653986
v -0.08203220502968503 0.6031238970903319 0.01219612036840015
v -0.08033956280840723 0.6002703237711715 0.012968955400807345
v -0.07618427138327027 0.6038624749899394 0.018130072602293944
v -0.07716714784090124 0.599123397669451 0.01606748039347359
v -0.0831115884217859 0.6081821818197297 0.011911357032756326
v -0.08285012358596715 0.605391723636935 0.010686677958668199
v -0.07735000281135755 0.6084249008906499 0.00824769962682197
v -0.08029040346027692 0.6094264191124542 0.010657225679801036
v -0.08178951559898638 0.6109312915697815 0.006090419858051091
v -0.08585578897338977 0.609263422977912 0.00817897234078561
v -0.08408477952168815 0.6105862472245062 -2.273751846160519e-05
v -0.08876939364546396 0.6082736351086311 0.002856486693303601
v -0.08477247752541825 0.6061682584858452 -0.005102691197013543
v -0.08999155164654504 0.6046477103783228 -0.0026133041794748533
v -0.06910354110031632 0.5724814574897568 0.02403839561087631
v -0.06869646103023036 0.5725762126084759 0.01721840614319268
v -0.08456856722073752 0.5999853429385433 -0.007426448455468022
v -0.09025913140585813 0.5991779230394589 -0.005851037437600302
v -0.08329009635591639 0.5926224648548983 -0.00896803926860888
v -0.08938557403354476 0.5922324268823035 -0.006994753601324527
v -0.08222573479835936 0.5850278921626251 -0.00857878243682409
v -0.08774821060090161 0.584809894670529 -0.006467734122741445
v -0.08040977009907893 0.5763254559129563 -0.00640733130966473
v -0.08555326608747225 0.5776228214086463 -0.004089496278916122
v -0.07829087326169347 0.5671282505662385 -0.0013978212553290529
v -0.08315656233179898 0.5707261837575195 0.0005017141016297295
v -0.08585784950931337 0.6026994691327456 -0.0015941528070119247
v -0.08453282965057334 0.6059113511947781 0.0021691501410923304
v -0.07753260070982236 0.6042131640331778 -0.0019175599354747644
v -0.08347481257406116 0.6068988582288449 0.0070604436793928
v -0.07379039592901104 0.5914265028157188 0.0007295577750368315
v -0.07299086198624168 0.5888362539722232 0.0019593529659324336
v -0.07600052766288384 0.5897782879650062 0.004982613191155889
v -0.07366389685013591 0.5920670250574822 0.0032523357903045725
v -0.07280483521857121 0.5852404010750145 0.013730431410851231
v -0.07253503681091134 0.5797110441003797 0.013759041440664227
v -0.07129123613493792 0.5798652357370788 0.0179765880730351
v -0.07065710055857292 0.5755925847120029 0.013450356050394005
v -0.0700098226443469 0.5802364033755091 0.012207865062176148
v -0.0702066020350672 0.5769430533026235 0.011990344521822238
v -0.06932475614999521 0.5841670443409264 0.011758979093610565
v -0.07061734890678174 0.575225137534792 0.010687481124358546
v -0.07145949083278438 0.573496886409212 0.011959297117276158
v -0.06967303063831137 0.5762353604323489 0.010048329253668654
v -0.06927934716363209 0.5772618439284085 0.010804823927336418
v -0.06845530197118632 0.5790583906509825 0.009931693859290967
v -0.06846287104219123 0.5818534213659712 0.007630007157963312
v -0.07053595779559733 0.5819227117878972 0.023787021426496455
v -0.06886345747276895 0.5704820170534213 0.0030185121716266904
v -0.07225484996369444 0.5782513111629118 -0.0012333106724160276
v -0.07988558025929955 0.5655640749958113 0.006336566809825102
v -0.07602785034651287 0.5600016285130934 0.006038396061556806
v -0.0738719522995242 0.5560770028457249 0.01930466253704228
v -0.07535091578285241 0.5562231535479963 0.013834352846645585
v -0.07619560790462165 0.5993151712398187 -0.0029391165555162847
v -0.07555088806691275 0.5929946596605048 -0.0046174532567149675
v -0.06658967789027044 0.5640690479994594 0.010286588502094428
v -0.07419843045811965 0.5862210421952071 -0.0037355507369814934
v -0.0813423577732143 0.5744529889128727 0.002009981084930349
v -0.07852056518030265 0.5707123032559356 0.006090944959377242
v -0.08418322256696932 0.5794344662189745 -0.0016141574193666043
v -0.07236950635187223 0.5699828600086465 0.014198696043892909
v -0.07565683305235679 0.5692713734006315 0.010402951386949076
v -0.07721789088436853 0.5639115414033828 0.012399155796975897
v -0.07468570571808832 0.5638084748113155 0.017134598365599513
v -0.07622870161742223 0.5743912524840122 0.006220209262942882
v -0.07965124838235825 0.5772479137399282 0.0035885352024956426
v -0.07281430174511766 0.5765759098121247 0.00490744297104274
v -0.07595274934146976 0.5794366681959606 0.0027608620831475416
v -0.07142809713317769 0.57533260861125 0.00829407565556242
v -0.07330436886296879 0.5730239024063254 0.009220132570876605
v -0.06904009095228629 0.5785560891990387 0.004424922166831525
v -0.07191811766709062 0.5825426082493814 0.0015138600127813458
v -0.06925777040677945 0.5768568520909563 0.008119006834834927
v -0.07910586041264075 0.582937572434904 0.002337216596359666
v -0.07584657345872796 0.5859355429942755 0.0013372316614041224
v -0.07950802223998414 0.5894372443797353 0.003135140254047057
v -0.08202565059967358 0.5869494342145398 0.0022989845034367407
v -0.08262921249751362 0.5810458201782511 0.0013306967547852603
v -0.0848513515970331 0.5857482072646616 -0.00016906022938739293
v -0.08517459437513317 0.5855174798325855 -0.00389241252087338
v -0.0854050986159686 0.5912050092016792 -0.0013358742845089075
v -0.08591565131977626 0.5920978932408149 -0.004657962614104181
v -0.08322094160166653 0.5909824921198401 0.0011746393116636475
v -0.08164398283809655 0.5919508452198022 0.003283760221488341
v -0.08643498685314702 0.5982186711944342 -0.003962721962703747
v -0.08516439416257894 0.5963826456316963 -0.0010117984729067907
v -0.08454421412181266 0.6004380441503167 0.0004254128390717752
v -0.08378591497103184 0.5949461135997036 0.001407072440057734
v -0.08301561655296803 0.5980922003287541 0.002519100494208712
v -0.0824694072389133 0.5942104926562343 0.0029740594854071635
v -0.08168864198295842 0.5959126005815165 0.004094772970965373
v -0.08016038447453706 0.6044129630406287 0.00908576179295212
v -0.07892528344278285 0.602493569485292 0.01053281631983451
v -0.08167301151536291 0.6044566452655087 0.006370745995686825
v -0.08014491501461386 0.6018432427122921 0.0064410913046149335
v -0.07912860545163722 0.603047361296495 0.00775219828576216
v -0.07763491501068474 0.6019609511036446 0.007986667937083978
v -0.07904478306795842 0.5995091589439612 0.006987010295732793
v -0.07686644718522245 0.5976586087707098 0.005412542875543643
v -0.021688980341792303 0.4440532344488465 0.05046125656481254
v -0.00983305693791496 0.44238896500643043 0.05259038304271713
v -0.008774921702213851 0.4521683675824019 0.05543439456067997
v -0.019829506575059806 0.45439943513137476 0.05216675699141449
v -0.0816092548313623 0.6002542287161663 0.004451424760809732
v -0.08049962797979436 0.5975843369626667 0.005903754583161409
v -0.08295088755578238 0.6031476103137445 0.0030051816194443556
v -0.07816648580549085 0.593643665239705 0.003245349904468525
v -0.07905448378628162 0.5953564590151194 0.004967558654275361
v -0.08049817224928542 0.593700978444962 0.004398559208558949
v -0.07952971966308836 0.5923107329234786 0.003602476055367745
v -0.073128819011566 0.5890448751205732 0.012674811965325493
v -0.07073003147252598 0.5873431807564363 0.00915690217625092
v -0.0707347038462389 0.584557976651711 0.005230830735757365
v -0.055722269364192584 0.43280668962193336 0.03385369053547466
v -0.051256380355002636 0.4414203040037503 0.031031720152990157
v -0.06467435329181545 0.44861339205310286 0.018428600341161384
v -0.07094351350130775 0.44186351231994675 0.02153085445827405
v -0.0681623217014638 0.41108357051996214 0.051729875492164415
v -0.09042978888117534 0.421241486737316 0.037904430985319676
v -0.08954054973823695 0.39792521068893083 0.05718576235601132
v -0.07025210832946936 0.39259758019764596 0.06299932712105391
v -0.08750024550812678 0.3784436907042855 0.07191934589708304
v -0.06995236028158529 0.3751320144661845 0.07456814767190094
v -0.08211155343797072 0.3282954881246627 0.10576108168691986
v -0.06610222573241012 0.3281892930366882 0.10857665599436994
v -0.06718645594596737 0.3432420450915125 0.0974007161054871
v -0.08374392334865932 0.34395418906287745 0.09474392423275509
v -0.1016031203142803 0.2503533844242362 0.13589784052182854
v -0.0961175729623867 0.23214680007334287 0.13332031515242176
v -0.0829638193119215 0.23612101880486314 0.13864469246073152
v -0.09002118143979926 0.2525033720475157 0.13977187141432823
v -0.1487998834188758 0.346961422839024 0.07022432223734863
v -0.1514120879970337 0.3667590774689451 0.06152990720612511
v -0.16005129909345006 0.3555488710006726 0.06000645153820168
v -0.15659164677172674 0.33603703900525683 0.06702368019118433
v -0.10705275649345246 0.4620083338439558 -0.006790848329479447
v -0.10094438555219641 0.4454262144291316 0.016675001453767636
v -0.08949169795139292 0.44842020867825466 0.00923937599502605
v -0.0971783394685712 0.46332608520834684 -0.010387041607040312
v -0.1442687824385559 0.26471161752893746 0.09056594780086172
v -0.140084059497661 0.25201700913522235 0.09851654168282074
v -0.13510769706473313 0.26183360445872345 0.10625303054953304
v -0.13820429206340487 0.2741778367305822 0.0992071531369875
v -0.11636262955741879 0.1727360287123175 0.08834917306538215
v -0.11775437748229488 0.15392850599035474 0.08731734921431633
v -0.10252962722538057 0.15246562170852884 0.10380862300578365
v -0.10168524970884499 0.17163016349356586 0.10336670366909985
v -0.15279184643061866 0.1972669512402388 0.024305293733756853
v -0.15500880221300078 0.19621124894861663 -0.0032072848425615565
v -0.15267275030537864 0.1805610568814092 -0.004221996049302689
v -0.15165103241061667 0.17968691407452048 0.022724230669419473
v -0.11022821425456253 0.32619494938738214 0.0975163944223354
v -0.09693439229894528 0.32772519714537307 0.10189403055389389
v -0.09905126571644164 0.343502610649972 0.09136616082357867
v -0.11292222460698516 0.34203407241357886 0.0871323623846587
v -0.20297198669969843 0.22389560780391454 0.020714186758390735
v -0.18735805451505894 0.21986262576271365 0.021632601505788385
v -0.1834717944429616 0.2428994556821878 0.024840707308173705
v -0.19873760058979772 0.24745447130290485 0.02320226903048381
v -0.15446989166191755 0.08693050837520758 0.029418724772868596
v -0.15348590823195968 0.09158979724221747 0.004109693958467302
v -0.15667496342326986 0.07341563242297876 0.006631017480317755
v -0.15682602321290032 0.06835065132101116 0.032590310136489456
v -0.20062336652101145 0.377946457016211 0.028201358874062242
v -0.1961413040386823 0.3951429714447515 0.02928406248703747
v -0.20391503341473477 0.4086391408559263 0.009870900708567115
v -0.2102087062667068 0.3898365147617994 0.009767964889101104
v -0.14808587437671533 0.3083343062708545 0.07801503664580478
v -0.1408094435529884 0.31615090228682086 0.08386382013830813
v -0.14513764357210746 0.3304386704233394 0.07727363866749214
v -0.1522177890178306 0.32052212495170834 0.07253054796323438
v -0.16260802490579307 0.22413898296016332 -0.006501740658905002
v -0.16051500145455996 0.22675876353088642 0.0168896392707891
v -0.16390168637308272 0.2409610459954754 0.010539793018642574
v -0.16618732037017925 0.2390791493575537 -0.010850220763072014
v -0.15733702289633453 0.21153154880425631 0.021514435714152222
v -0.15894501992514348 0.20966907495920387 -0.004116636340671793
v -0.1320856652707031 0.32117556457648455 0.08830431112268801
v -0.1219263630100503 0.32409954944651914 0.09304455006679181
v -0.1252392341166741 0.3400689126185702 0.08320633564693004
v -0.13556084413101524 0.33730875608922994 0.08001715958526728
v -0.09058765672920728 0.21634648481745916 0.12696507326589906
v -0.0746414072360765 0.2215176050428183 0.13409782050877528
v -0.15087315181628155 0.06272630671957204 0.057525049061917764
v -0.14001821818606766 0.056959982118732225 0.07931166948663483
v -0.13874195841845005 0.07716869720321765 0.07619231679402995
v -0.14933012791845998 0.0821468119512218 0.054196543976120184
v -0.0849008162028314 0.18896036855726853 0.11453506084256163
v -0.08621853716709088 0.20371537178516042 0.11929170572645256
v -0.10126196668429889 0.20268007151023293 0.10996970978241649
v -0.10028333445813116 0.1884073951747866 0.10358918460150526
v -0.12462266311387228 0.05142940659591891 0.09876765562795396
v -0.10723125920014742 0.046620549958248464 0.11750679428660465
v -0.1058596035798794 0.06852316335879834 0.11397870729590333
v -0.12342549790301248 0.07227857641860522 0.09583199565200129
v -0.08550213587228721 0.3606070375529876 0.0836231732348915
v -0.06861612677772146 0.35895112661205325 0.08627829001071796
v -0.1205115979256491 0.25007097241578924 0.1228676225345742
v -0.11820490777529649 0.23247438574255036 0.11946373740168584
v -0.1078203849496981 0.23130356449540299 0.12684057455071518
v -0.11199511203609532 0.24976715137062755 0.1299073438141414
v -0.16304032559285567 0.3056096538699319 0.04835781950377048
v -0.16152871740249206 0.321433238344794 0.06005735945235917
v -0.16587971031063434 0.3407967257464747 0.05501979326261681
v -0.1654973756683045 0.31727214358999567 0.04428273705587298
v -0.15998720037104658 0.05531871225171481 0.0090618875762677
v -0.15966566292030665 0.0502098578015162 0.03518544595030744
v -0.12585743527320922 0.03031738605114337 0.10163017970318346
v -0.1079309245396882 0.02472569187189172 0.12005458241457187
v -0.16167198626652257 0.3077187920356475 -0.030078729544743915
v -0.1647067163757496 0.30150781018611217 -0.025472443698272132
v -0.1668512852047278 0.3022623831278469 -0.007056900044290908
v -0.16315570451717468 0.3106620061610896 -0.013553388091981514
v -0.05160360343869025 0.25484329141798 0.1426825546879987
v -0.06661460441951 0.26393196852903966 0.14237136553184057
v -0.07239047318039435 0.24667840766097787 0.14250039915304652
v -0.05999488690176578 0.2338372164188951 0.1402380838318714
v -0.11610977610288455 0.21651675881348703 0.1111378246786716
v -0.11498824208064601 0.2039584999730419 0.10075747763582223
v -0.10430843500841663 0.2151601285615804 0.11909576409190614
v -0.03561767374162144 0.244851255828735 0.1395440741017998
v -0.045747477689965864 0.21803352700326775 0.13482534759762574
v -0.05197143005073565 0.35585458876513304 0.08815384092533801
v -0.05088254751280931 0.3414448659271303 0.09967764427317394
v -0.05221279663652083 0.371229176425678 0.07745807437251484
v -0.0348582942610033 0.3680064109621252 0.0804221898030486
v -0.03320062860437153 0.38450661213047105 0.07119669454266578
v -0.050858037018554327 0.3878570251943546 0.0674130852461295
v -0.03023362612182979 0.4009822667227414 0.06343143494949616
v -0.04786444151602457 0.4048335771721977 0.05930516868143886
v -0.03896371515543397 0.4267131381871967 0.04323081449817025
v -0.03635266168535796 0.4367610304783133 0.04172665804171378
v -0.157438178606644 0.3083303408270873 0.0646193259185727
v -0.1533554456729787 0.29772865165996765 0.06908728695180089
v -0.14152751109007858 0.036716966773404885 0.08199521455688102
v -0.11027859865202289 0.38782219068194224 -0.09926166544711759
v -0.10814610559903944 0.3689620847661803 -0.10408483020018966
v -0.1260730106162664 0.3742508354953754 -0.10003377447558978
v -0.12864069486869717 0.39267108598221134 -0.09519535081703846
v -0.11818418549823191 0.4633908142793551 -0.004823971453976571
v -0.11512519665438126 0.44837058593449886 0.020503874793810876
v -0.16276495603916719 0.32426979608541334 -0.07994024703220456
v -0.15958002258465204 0.3165914710377741 -0.08344434914586754
v -0.15994590356263913 0.304894231222284 -0.07691047612942438
v -0.16180638701685857 0.3151097555632443 -0.07449135969700134
v -0.15713611938545216 0.30980537753956383 -0.05436764956096758
v -0.14921446885849424 0.30438850944304063 -0.056808082891942904
v -0.15025883945406088 0.30900057744301246 -0.0644329111095033
v -0.1562229728081939 0.3157171562661963 -0.06183526315960965
v -0.14975704704871548 0.07722316614085492 -0.016630237145321775
v -0.14572807488281259 0.09494953708719117 -0.01965154562151957
v -0.13107914682700536 0.2096675859755372 -0.07123858586609898
v -0.14293722139509663 0.20243600381253746 -0.05080236003174631
v -0.14928933924497434 0.21693474584678216 -0.04947643864611772
v -0.1392232913656244 0.22510668273810552 -0.06846344157562279
v -0.017148331812825428 0.3576617782393789 -0.1042957766340165
v -0.01758700498135079 0.34188653862422375 -0.10653375375203036
v -0.03603294882349747 0.3451860736586928 -0.1099893044641813
v -0.03610929192333954 0.36134253665192867 -0.10764186379771905
v -0.0739400771795645 0.39214842908711744 -0.10424122898046438
v -0.07426950738809875 0.4082836071377415 -0.09875075047614612
v -0.05427296371567233 0.39852896947938266 -0.10180625542972359
v -0.05472461596613524 0.38373500550322615 -0.10634530843627353
v -0.09152574508218557 0.3817832732056296 -0.10452414062169246
v -0.09035076893070824 0.36339083929818794 -0.10872617311615532
v -0.16453740064852437 0.24073221301204595 -0.030766715276867047
v -0.16055707007640987 0.2264149300635132 -0.0285128150811266
v -0.1673184432845985 0.26093809400844536 -0.035092277285935544
v -0.16846578026911074 0.2606334668653917 -0.017929658872906963
v -0.1689235674155553 0.26867791807116204 -0.019601893725640727
v -0.16803454172040916 0.269416566024172 -0.03581963623941136
v -0.08855565823025546 0.46656968402230836 -0.013257637325975576
v -0.08764721703061916 0.4710283242771267 -0.036036107833699677
v -0.09814068826456442 0.4679451396193194 -0.03367865419889173
v -0.05296511899298247 0.4470974736346537 -0.07964361466301094
v -0.05261624637727651 0.44113478144840523 -0.084106526784389
v -0.06653637142493649 0.44684835775622 -0.07875505249450594
v -0.0632570865969442 0.4518538249497264 -0.0750054563318602
v -0.04036610168003903 0.27210631986251366 -0.11296592261884134
v -0.019259880782869415 0.2709878922731855 -0.11225963250962204
v -0.01904302874437657 0.2498007764445145 -0.10915483672910678
v -0.041602329501350156 0.24973020909475102 -0.11060605469015242
v -0.1651222109910345 0.28090666601379716 -0.04984795000916241
v -0.16438858607406948 0.2906532941681921 -0.05056970471869625
v -0.16273135890949839 0.297458974876764 -0.060281281610917954
v -0.16265396551921738 0.2869635502711737 -0.06057155574995939
v -0.1612862652728924 0.27816954725159637 -0.061144134558696515
v -0.15906675053667738 0.270128786212268 -0.06160169802740356
v -0.1636933450815042 0.2644066597518299 -0.049229332752036115
v -0.16474896270366998 0.2725576729616828 -0.04967627020797803
v -0.14717826529338143 0.23923229318022798 -0.06565637912281558
v -0.15571516711137487 0.23173846958551633 -0.048366322829575696
v -0.15970688977639252 0.2456462140465488 -0.048369433835487474
v -0.15310841986677431 0.251975920850004 -0.06391123692101959
v -0.015875152684918407 0.1803164656648897 -0.0947266825214523
v -0.0358080121437405 0.1787008889369468 -0.09754587552230358
v -0.0371426455813507 0.20250168325852758 -0.1024817598237851
v -0.01651630755329554 0.2031841522722821 -0.10061267207662913
v -0.16012517225703363 0.31295211549574686 0.01564370108411938
v -0.16060411258259316 0.3169843410549441 0.03141829137805187
v -0.15636294112141455 0.3073482509831282 0.025242092813414607
v -0.1538621765641793 0.3020956278062489 0.007568783267939406
v -0.16236805234412613 0.31464225478703556 -0.07729349050576512
v -0.16538641943729074 0.3064007592622995 -0.07768271794575793
v -0.17054880291517902 0.309826566873466 -0.07884131463210081
v -0.1676407246703932 0.3193298026902018 -0.07919415413910219
v -0.14497018774936632 0.2826073510101869 -0.013455860033165307
v -0.14962293016358805 0.28831369075691676 0.0023629254075127346
v -0.14785675529813996 0.27108144476992746 -0.0010902726800113528
v -0.14230129728753735 0.2662038534069273 -0.01759925703671172
v -0.1281981352299418 0.4647821293826324 -0.03420763402706155
v -0.13036668252531908 0.4650805745410079 -0.0035028590515978324
v -0.11779262728116557 0.4656605297934901 -0.032871321098846044
v -0.1440178378919841 0.29103327900542 -0.0374049058813588
v -0.13911173476524138 0.28000300932634725 -0.041833085089984304
v -0.14031835275314755 0.2819742021875344 -0.05387419881141345
v -0.14250366185980728 0.29316108108183203 -0.050131369656205155
v -0.2175584501466335 0.22843702706723096 0.012180311096637987
v -0.21284426379272817 0.25199574641944483 0.0136805716916811
v -0.14086949663223997 0.24626666269825376 -0.034516982152880835
v -0.14368767613705677 0.24572533063479524 -0.04767093890609848
v -0.13788524213403652 0.26372463393967394 -0.04540497953249721
v -0.13810567519561306 0.2637727281306996 -0.03233143317973129
v -0.12339536541245338 0.19388880465220237 -0.07216190261203312
v -0.13746132873200137 0.18763083699708843 -0.05242461154199322
v -0.12171137234566344 0.0813007871528994 -0.053692800483741025
v -0.1377478656027905 0.07965252332374696 -0.037245649078741526
v -0.1328813549693952 0.09814593218097865 -0.04029522016695452
v -0.11714783591750301 0.10072095417460893 -0.05686512396979402
v -0.15328791976915568 0.05887430684110674 -0.014809973826967512
v -0.12520066917295317 0.061651923634894926 -0.0513288830217386
v -0.1413013925311189 0.0609154805910897 -0.03504438201466856
v -0.06901061668329507 0.4779135656809684 -0.032573775395280065
v -0.06031444203881694 0.4762880064496841 -0.04781377248566202
v -0.06739441437268269 0.471364109052747 -0.05262162047770462
v -0.07788806978661825 0.4747836014846154 -0.03523895098109051
v -0.1764143140325393 -0.05755512210209193 -0.015143786371256893
v -0.17623591814426456 -0.08726442617632252 -0.0188345940123596
v -0.18266960957346434 -0.09058433149050443 0.010739395035493912
v -0.181500193337748 -0.06209785947533733 0.014674909455711205
v -0.036656838662446414 0.4587573492138119 -0.07130723327907332
v -0.05334849088297023 0.4650633436857496 -0.06408969292525243
v -0.04774754309712148 0.47137349405167794 -0.05815995558368346
v -0.032807241894334045 0.4667498880967109 -0.06390756736283842
v -0.17893732615931035 -0.03604740145175864 0.015428854496023235
v -0.17513911432433715 -0.029956976443932887 -0.013568800036172734
v -0.0718018080933805 0.47188760181882944 -0.013346522125246838
v -0.08026480224121864 0.4691627093100627 -0.01407770743061826
v -0.07477572201906832 0.45818062551100897 0.003234554073341459
v -0.06701915673144491 0.4625941652435423 0.003195955618200962
v -0.05891820747516583 0.455677441136871 0.01837306044670675
v -0.18347965532256846 -0.09840780576486896 0.0392520363114934
v -0.17971166657238255 -0.07113845675771904 0.041876299852387514
v -0.05324339173330964 0.4813780582787515 -0.042279240630424
v -0.04199822887370052 0.4778470049791392 -0.05145543886600405
v -0.029755466490645 0.4749086170453191 -0.057200650662746176
v -0.016643592007816427 0.47395984407180225 -0.06051278549184177
v -0.1571701946460244 0.04104475421397599 -0.013651633463094582
v -0.16320779260040852 0.037370206076259016 0.010966905706385373
v -0.12237332452411426 -0.191438097461346 -0.08798211055669294
v -0.09513081070353609 -0.19426071955222346 -0.09646037640835606
v -0.09247387251871239 -0.20899241537458146 -0.08571041791045016
v -0.12471694601567603 -0.20964799467408463 -0.07766798081329832
v -0.02593882547552401 -0.18000214884998217 -0.09823071075719476
v -0.023611016790114642 -0.19384084274590074 -0.08325365573715475
v -0.05772557112883714 -0.20406082208106752 -0.08646816021292691
v -0.06276315450924146 -0.19041380161901356 -0.10029873810939478
v -0.03185398697824839 -0.05901429184347487 -0.11537469341147315
v -0.061967520587169415 -0.059000332842282455 -0.11539938398440568
v -0.0620998845509186 -0.03758185431535263 -0.10747936392357381
v -0.032801022194538856 -0.03731148188980987 -0.10834829952473794
v -0.12981709729336544 0.043299692821342536 -0.05158491064321839
v -0.14569293359072935 0.042802930378808834 -0.034816194612767554
v -0.1618622884695371 0.03176364634816281 0.037270651126774766
v -0.18146098484892992 -0.23335999501767185 0.05140083347906747
v -0.18741084851026096 -0.22668317740357868 0.012011444075251199
v -0.1826992313339627 -0.26187632840234526 0.01043128624584122
v -0.17850369182706075 -0.26839265248428007 0.0480371941520002
v -0.14943694062104396 -0.25676055860844593 -0.04904224809825284
v -0.15350511168569753 -0.22782949432453786 -0.053213422782205304
v -0.12267169482118344 -0.23101389859748278 -0.07049495158944197
v -0.11924264301296064 -0.25610131990419943 -0.0643471930203841
v -0.0895469190210776 0.01995935946457922 0.13733549794261699
v -0.10799178675074055 0.0033688696635773563 0.12091023019685561
v -0.08897346213735137 -0.002294869691568946 0.13733982614519566
v -0.02895879291182391 0.009768141104158773 0.16512191180053978
v -0.05158271459080143 0.01264668180175138 0.16019754264998978
v -0.048321215238219896 -0.010349448262404859 0.15953328856906746
v -0.026598922984021917 -0.012864864151433342 0.16461005534117962
v -0.02669643497570628 -0.1299477105647509 0.13907100895866992
v -0.012321052625717085 -0.12972369587136923 0.1430336022536402
v -0.015327319402712673 -0.1065712905307683 0.14713975463073123
v -0.03225903108558324 -0.10583936326742477 0.14254257466581463
v -0.1708551312188088 -0.08101764874445513 0.06680853860214359
v -0.15298764602884904 -0.08910889318787507 0.08843347684732338
v -0.15136691153964466 -0.06672013939638347 0.08778255284877277
v -0.16779657286647912 -0.05711130182276489 0.0671673597683692
v -0.021065797809897133 -0.2038429401500612 -0.06588711823686215
v -0.05258438818766712 -0.2165411810225657 -0.07210425788907962
v -0.16249306732976979 -0.27489636734031425 0.08457910204002045
v -0.16372618445417106 -0.2385858063391127 0.08773649572100654
v -0.13417180605898185 -0.2783502717251527 0.11261935668342411
v -0.09916849044108189 -0.27667821938716947 0.12293853984206383
v -0.10210275997746546 -0.24427536031232694 0.1266157058107899
v -0.13630309048537986 -0.2440467438080346 0.11490174455171477
v -0.0103250336774583 -0.2000854179037792 0.08633633882364579
v -0.02164711856137771 -0.1829260609796502 0.11155537684031872
v -0.026373518975867007 -0.19342706111084457 0.10733563807177038
v -0.010991979458801766 -0.20617416754958812 0.08349501603565145
v -0.0282007434517791 -0.14701043978590256 -0.11552344371875245
v -0.02776835159818788 -0.16470762889659624 -0.1084196165168691
v -0.06220677136959275 -0.17219492368885703 -0.11094396159683889
v -0.06142472578228888 -0.15226326624339248 -0.11817849306984833
v -0.10657233867411366 0.06192783288544827 -0.06270590895524504
v -0.11086562466249776 0.0425036310164594 -0.06410001478250658
v -0.08710477091711633 0.06155029875409923 -0.07003694856563678
v -0.10352619197606841 0.0820845487667374 -0.06555499941814559
v -0.08392158681110112 0.08283565990841914 -0.0722241583063474
v -0.08566775745016285 0.21187977170003017 -0.09793599240183593
v -0.10596204498820185 0.20182660668248362 -0.08723744947383075
v -0.11456027265188898 0.21853159811082337 -0.08746047778760349
v -0.09448607204253878 0.23060318073080327 -0.09912408363258185
v -0.054599887937179056 0.35062683404665207 -0.11237184472097514
v -0.05481915529285102 0.36756309498825607 -0.1095063105197208
v -0.08204619301410687 -0.24867248795393493 -0.07041951707843085
v -0.040560971136938864 -0.23461973423942872 -0.06116879730952356
v -0.05122799031063166 -0.27213780955252836 -0.058474892543164465
v -0.08610453505284474 -0.2795041917169628 -0.06430608712674309
v -0.14502546816192913 -0.286972409218646 -0.0462014353782009
v -0.16571382343061997 -0.28955629551077366 -0.02335677917255349
v -0.17215820320375924 -0.2571671814321885 -0.02400787043034478
v -0.17651853441788648 -0.2952588555122314 0.009173633540201889
v -0.17356931146879664 -0.30222254608812604 0.04673045983963387
v -0.12968974391782215 -0.31130520189366284 0.10984197835536269
v -0.09494293141941948 -0.30906953856963987 0.11807253798663256
v -0.015815114391728564 -0.2679948052547484 0.08142077240542171
v -0.03645136194337923 -0.27189044334078416 0.10163693831385785
v -0.0344541214385513 -0.29764155139662046 0.09330318805570084
v -0.01539968483659844 -0.29230111639268347 0.07083182267784115
v -0.06631984903847327 -0.1322902933374847 0.12406902892396443
v -0.10128616029601203 -0.1135784952150189 0.11498225481425178
v -0.10341468034558703 -0.13692580522380254 0.11673775085932855
v -0.07364327218321257 -0.15394811658887786 0.12279720425816597
v -0.03413203605253187 0.03248752698674684 0.16334049416846966
v -0.05246383462538205 0.03615059410243249 0.15884398083544712
v -0.07044016165217298 0.01611553499341839 0.15112350562141974
v -0.07052498515141908 0.03952756463997614 0.1500746475778469
v -0.08902264499995649 0.042748737636310846 0.13562680475199215
v -0.045978044011436736 0.1302201353422205 0.1480474889079216
v -0.06759802746209351 0.1303908241530603 0.13732644811121453
v -0.06703281540929912 0.10871667145664504 0.141415912092599
v -0.045673892390501306 0.10780652160923643 0.15207564067277557
v -0.04636883407080491 0.1526052719595932 0.14270972327108608
v -0.06802138704635628 0.15237278952634872 0.13297075743004594
v -0.04490831714492244 0.19515861468287177 0.13000996263321432
v -0.06796548172654829 0.207753032347488 0.12781274884511423
v -0.06637165258702167 0.1914355906951901 0.12356724818118507
v -0.034851246456112074 0.3523837823825388 0.09051722820103088
v -0.03417966262409936 0.33802411584677694 0.10125128888830107
v -0.17462433725569068 -0.10702505241861182 0.06626632373286763
v -0.013292944393174508 -0.24083647239303607 -0.03416487024423561
v -0.0026993020666183 -0.2494056640379519 -0.004454370385503805
v -0.007413054873984191 -0.275477385425661 -0.012819882181269575
v -0.022638942720560308 -0.2714010698255625 -0.039781354472420816
v -0.1763343014402767 -0.04579928204964562 0.04259364458701457
v -0.15285902207945432 0.04368989459994661 0.06022115918559753
v -0.15430511454667897 0.024600758476489598 0.06220738213796556
v -0.14383966897797168 0.20113406063338513 0.055756526702027784
v -0.14316231340542943 0.1789774620265318 0.04943437101023985
v -0.08006517703252765 0.26980644624465105 0.1402292865114487
v -0.081339208759447 0.2567413975508903 0.1418660768351882
v -0.17743093483477212 -0.2237164798662054 -0.025245747879691017
v -0.12495710871405445 -0.3427182450873867 0.10457408642147367
v -0.11876152636261705 -0.3721384890324795 0.09891131049625512
v -0.08584260483055463 -0.3701699862290443 0.10454501633460872
v -0.09032673910031519 -0.3402928588008871 0.11195523861230959
v -0.008984059771711852 -0.31509069643916743 0.03421679660812815
v -0.016626316550011705 -0.31979339455002015 0.06002717621003538
v -0.019069397434865045 -0.3484889175381717 0.04957307271727443
v -0.013321488612437036 -0.3448768838710293 0.02434319148598177
v -0.01803730323656534 -0.3747185298309189 0.01668495935269208
v -0.02208865534641052 -0.3793050177293168 0.04160391099594895
v -0.02242384430120044 -0.4087685930820455 0.03262599954745339
v -0.020435208545840994 -0.4034900420483929 0.008646091985620025
v -0.15775862339044783 -0.30956351030136237 0.08323964602785064
v -0.16151543711500957 -0.3653465062223554 0.04533141194878852
v -0.1465063910469462 -0.3711843890928045 0.0774462697439508
v -0.15257102254189187 -0.34157732140591557 0.08023556571890285
v -0.16753783872333008 -0.33491182558096855 0.04669777170886703
v -0.11837225870334021 -0.28529946468651834 -0.059753736145582874
v -0.005076658115891914 -0.28738494700398437 0.045054061520514034
v -0.0035881850461611502 -0.2643140987198663 0.05630019365741282
v -0.022702091744965545 -0.33960585968306845 -0.024755315360520853
v -0.039723548800093295 -0.33860513042428386 -0.045480305766510236
v -0.03199364954261696 -0.30614573982428517 -0.04324170376633706
v -0.014654452927977235 -0.3077300618598755 -0.0194098665218889
v -0.14201677550319391 -0.34515550134721584 -0.04189511088420395
v -0.15771963571284206 -0.34964318755263235 -0.018602441322447868
v -0.16181868737957325 -0.3205024033240416 -0.020242396756050628
v -0.1436234550501426 -0.31652319526150413 -0.04356174893665129
v -0.17005337547975793 -0.3268091382856757 0.011231837599332039
v -0.1640105842588151 -0.35693210896273253 0.01172315281021383
v -0.1504418703078131 -0.4231017033586111 0.04341906464789286
v -0.13370138208848784 -0.4278708240669973 0.07056002867810214
v -0.14035440671346736 -0.3996559495222316 0.07410655319264531
v -0.15573656745796277 -0.39448002251492686 0.044384818077056395
v -0.1546513312172587 -0.4146164152468469 0.01176614116064463
v -0.15900259036762016 -0.38602647946985524 0.011804731504020853
v -0.15429151187491374 -0.3784049771890714 -0.017592930889703203
v -0.15111554424650273 -0.4066625722649443 -0.016139121332349515
v -0.13750229826187965 -0.4004736788258083 -0.03743215338719494
v -0.1401651395485232 -0.3727013729580334 -0.03998288636677581
v -0.11928435585299864 -0.3697090774396614 -0.0550232255015095
v -0.11897389913903018 -0.39658235724211055 -0.05213232658767871
v -0.09448693723334416 -0.3678905610787485 -0.06072433547048169
v -0.06902498552293322 -0.36711884972520636 -0.057395720783714015
v -0.0740009126241885 -0.39421712707764156 -0.055576319416958085
v -0.09695667752984054 -0.39478626062064015 -0.057970865538429346
v -0.03548054439385034 -0.3971440277615197 -0.032678579847058666
v -0.052322459478681485 -0.3952064135444414 -0.0477207827667579
v -0.04619437096451737 -0.3679118390704412 -0.04669007762328246
v -0.02982479763034463 -0.36954290319460115 -0.02874615698503733
v -0.05580344863684448 -0.5043092196927447 -0.047148183379084566
v -0.07382290015392547 -0.5019610786477359 -0.0507297794023472
v -0.06766052504664394 -0.4743863337053986 -0.05059010255608434
v -0.048561636209593785 -0.4765676499014536 -0.04561788750294617
v -0.09083342491127906 -0.500283296609357 -0.055466373464620966
v -0.10890556323079333 -0.49977404732425856 -0.05559709330913308
v -0.10406342561024129 -0.4733221497850474 -0.05301893686731429
v -0.08600110157758889 -0.4735174886426414 -0.052866716595007524
v -0.1348633591408674 -0.4795067035956678 -0.03139795393812396
v -0.12115397285862296 -0.47506265214414356 -0.04650315614044167
v -0.125441227734488 -0.5014189181473909 -0.04850168091378336
v -0.1380709389687468 -0.5059583958052806 -0.03323008510317973
v -0.14966749577992958 -0.5119352782622789 -0.014523365238167064
v -0.14904720369436097 -0.48601345181575095 -0.013444139109982808
v -0.14799049462736713 -0.519301239533105 0.009597528696771378
v -0.15054358526955933 -0.49402881848658176 0.01056376559374642
v -0.1355570906070214 -0.5006980091391499 0.03662983334835238
v -0.13498488086371513 -0.5256378337386858 0.035324591490555536
v -0.02494705440022663 -0.4906803229766039 0.0030351553527860754
v -0.02929251288558577 -0.5179843171079119 -0.003304811820209293
v -0.030135099407871582 -0.5120195682370775 -0.022742581421921353
v -0.02417549633641195 -0.4848849035464444 -0.01592817286412458
v -0.050103998069835044 -0.49970102583259846 0.04417459418250825
v -0.0662275251231592 -0.5022953544246179 0.06743442978366332
v -0.0668902129447573 -0.5277581142281469 0.056481579071663034
v -0.0526518929439282 -0.5250918618055729 0.034013133263677414
v -0.15140543408539658 -0.4415583509046531 0.011372876586012555
v -0.14545677595975978 -0.4499750607684575 0.04216334241609178
v -0.13482613401021432 -0.4274274606476697 -0.03436881958911248
v -0.14856778817798746 -0.43370409756424544 -0.014590094496406554
v -0.03968466051657324 -0.42360462673785015 -0.037340609132178876
v -0.057448745278120945 -0.42147717614730074 -0.04890239440637206
v -0.023114034507165867 -0.43685855919578653 0.023152619779475348
v -0.02122350596803624 -0.43138615230298605 0.0005766289710867671
v -0.09661157027438658 -0.4807060615509371 0.07999019312340463
v -0.100920145003903 -0.4547178248846542 0.08302742619376512
v -0.12746254464263868 -0.45451064095755567 0.06833803612058391
v -0.1226136903430403 -0.48028688234104355 0.06584148798036386
v -0.15135847324969579 -0.46806604484429637 0.011297137143260349
v -0.14776973576900126 -0.45989162053744304 -0.013854375538750692
v -0.13394865674146575 -0.45360167583802724 -0.03197360845266519
v -0.11919385388480101 -0.4491410222583302 -0.04683425825876293
v -0.10117368977274578 -0.44724993056369944 -0.05285292049111495
v -0.0820850561147262 -0.44681183382330014 -0.05231565819475496
v -0.06250446634667035 -0.4475019052309894 -0.04985756676050882
v -0.043818968955335 -0.44976104092825864 -0.04162440657757531
v -0.02232012191800923 -0.458199642027758 -0.007965106029546719
v -0.024020363368434286 -0.4643391613076745 0.01284672909120285
v -0.0923649648960348 -0.5294298464997158 0.06587446033334335
v -0.0935447741407536 -0.5061993320120276 0.0753659841424122
v -0.11979426039740967 -0.5050151273532567 0.06178343741198573
v -0.11861366608130207 -0.5291230049913015 0.05702041519508733
v -0.09215475775915878 -0.5507518438918193 0.05405953692728881
v -0.07101723480291738 -0.5501316900449946 0.044942663126852925
v -0.09608956767194786 -0.5279819292368647 -0.059322186944687744
v -0.11374873102723261 -0.5273262295222694 -0.05779361718303894
v -0.1297176090134541 -0.5290985516662781 -0.05075362418819106
v -0.15168643776967675 -0.5382510592177892 -0.015947424039328084
v -0.1464379568048131 -0.5457082747556842 0.010123687854833311
v -0.1321320021323084 -0.5512498152148311 0.03443678058905097
v -0.11513597919873568 -0.5504876563635513 0.050489511886044766
v -0.04464550401991316 -0.5673958752932323 -0.02901596395118261
v -0.03897609044403756 -0.5391112551639857 -0.02550253928960481
v -0.03766129771326954 -0.5437938931779878 -0.007910068476962231
v -0.044204053155951946 -0.5712041660656609 -0.011857528747779832
v -0.06592006200300093 -0.561351111272584 -0.055969164485970016
v -0.0820906701234282 -0.5583528544648836 -0.06521592289643285
v -0.07929051532113414 -0.5300725993979086 -0.05346662595774
v -0.06323316475712296 -0.5323083858747858 -0.04680340554872669
v -0.10106214895741061 -0.5564861311619963 -0.06837072557833887
v -0.11956663362281963 -0.5562640946724563 -0.0649407435560403
v -0.1366083138192688 -0.5570167702463649 -0.0567926714393156
v -0.1543739119299184 -0.5662993448105456 -0.016637960686625007
v -0.14385646201166447 -0.5321526356534784 -0.03632912646588385
v -0.1499449636185559 -0.5602785171580302 -0.04043850039100436
v -0.14751041188949288 -0.5737434538550026 0.013418823444663856
v -0.12613588170443252 -0.6096204559208812 0.0329604482707858
v -0.1244499587306962 -0.5796610528773111 0.03604674402178525
v -0.15050801499468344 -0.6034847218127244 0.013402123451317489
v -0.10051582654706798 -0.707537060755425 0.019763931625564383
v -0.12696865755099326 -0.7056179721500124 0.019964943446958348
v -0.12370760745005167 -0.7403591061207747 0.013419485580049217
v -0.1007489935493702 -0.7424725032582806 0.013406375229189658
v -0.04657674514527619 -0.600485022773656 -0.015978385611404144
v -0.045547650040083515 -0.5977116966249595 -0.03614340193583149
v -0.06551591355267798 -0.5923256985933508 -0.06603768115192658
v -0.08430572927744522 -0.5890726970805353 -0.07495274658780887
v -0.1629272103080215 -0.6271198841307558 -0.021552698618899517
v -0.15930648900878447 -0.5960667140817866 -0.0170807974103587
v -0.15525278166498552 -0.5905706480630976 -0.0433527656806317
v -0.1585047950941734 -0.6221695500104517 -0.04789667601638816
v -0.04654989498062928 -0.698535233109861 -0.02814825016407299
v -0.04615436914031742 -0.6970359114704575 -0.048043454969454696
v -0.043528999920411406 -0.662769616161253 -0.04632647351198164
v -0.044084790955704695 -0.6648301620269009 -0.024686652837139694
v -0.08279304634809473 -0.6220467167405486 -0.08306121347094858
v -0.0638947060775301 -0.6251902530012731 -0.07306412000279883
v -0.0641476773923595 -0.6586617374579101 -0.0775013786096421
v -0.08303634685261102 -0.6562114080795092 -0.0867339961592028
v -0.15887442686409953 -0.6966614621075754 -0.0264702646501871
v -0.1627205145691233 -0.66075683984248 -0.02451770130265625
v -0.15925701881094867 -0.6565182576287882 -0.0504677647973615
v -0.15617628870593991 -0.6933777195949117 -0.0508348382843376
v -0.12810207742488502 -0.639495838476231 0.029954318924982494
v -0.1534119404519871 -0.6337996937565639 0.009165339174764532
v -0.15296767137106917 -0.6660562080748305 0.004778236947841039
v -0.12963138716498507 -0.671723056305253 0.02492889255654977
v -0.09924439323528243 -0.6411524840504758 0.02864816526083111
v -0.10079701969302331 -0.6730884589324267 0.024594140110615965
v -0.05970472097179295 -0.7708907425649709 -0.04663872172868665
v -0.0525955013237918 -0.7333070743793154 -0.047685196257115633
v -0.053134716914485104 -0.7357184547154962 -0.03004841511720292
v -0.06018539269350608 -0.7743352999256193 -0.03109551201699686
v -0.08520165604809203 -0.6920082964473178 -0.08577257956910857
v -0.06666326201212287 -0.6936298900040305 -0.07678675040613248
v -0.07120554276549369 -0.7308198076738001 -0.07351886063866321
v -0.0876708176971884 -0.7294135841216162 -0.0811466096416508
v -0.1466275415549131 -0.7739253477025139 -0.02904790903224084
v -0.15310753242784292 -0.7345513943436373 -0.028205065553008807
v -0.15043863766205173 -0.7322638263135323 -0.05041014737883231
v -0.1433785690592769 -0.7715553188088072 -0.04997087761114383
v -0.12082227081371155 -0.7781645136716543 0.006913840940258976
v -0.14485117958174082 -0.737396691770926 -0.002454882178058154
v -0.13995604212524831 -0.7762220431045568 -0.006835589959265436
v -0.11640144002034618 -0.8157171885792193 0.003606520872645157
v -0.09879808453332983 -0.8172035643464806 0.004132404510995363
v -0.09997686618822182 -0.7796691108601731 0.007260818911789412
v -0.06656602384525045 -0.8103512972317737 -0.03159547144867167
v -0.06463480771128144 -0.807777342289059 -0.04571175925408002
v -0.07559605485265099 -0.8049901432133972 -0.06623943331145211
v -0.08831715218794879 -0.8028445971882655 -0.07336290876993833
v -0.08883646209713235 -0.7666119700693155 -0.0764801077263298
v -0.074676311030141 -0.7683401845778091 -0.06939583515900667
v -0.12245497946773894 -0.7693536633676251 -0.07458744663588913
v -0.10581370236363317 -0.7671084603428563 -0.07844371338167545
v -0.1039457458093821 -0.8031996560863708 -0.07510117923627152
v -0.11886047556069522 -0.8054006011730791 -0.07084310922395047
v -0.13557805720188684 -0.8074595750390879 -0.04867746821644499
v -0.13529438220788323 -0.7702679141951456 -0.065197114777499
v -0.12895810243856007 -0.8062662371686382 -0.06205893945797056
v -0.13964334184689609 -0.8094810770079391 -0.029377531785658145
v -0.13386052982875896 -0.8131950489735389 -0.008219124764271009
v -0.001921944160677334 -0.2146799025174596 -0.008538898901972545
v 0.0001472715447256816 -0.22393018766396883 0.022079712687832476
v -0.0008015962741359172 -0.23277017982227832 0.007527694477170896
v -0.0065341449447419535 -0.2210588421425554 -0.0233543750390825
v -0.0338351698654083 -0.356637336125078 0.07519807156149158
v -0.03400217040706349 -0.32614274256838294 0.08482525772111102
v -0.033471982444599264 -0.4154615443128389 0.05693196160385442
v -0.034430527891140095 -0.38726634312702735 0.06664473061695081
v -0.033845588477541884 -0.4431528977385456 0.046291149454228096
v -0.03447063511046674 -0.4698414372327928 0.034860146633844014
v -0.03440595592323415 -0.4967161674289885 0.023763601081466443
v -0.03781385694748133 -0.5230377807387969 0.01518493899025995
v -0.044985830035957734 -0.5488686939019186 0.01018809857883092
v -0.051225664336281326 -0.5762109859445613 0.00787108898844683
v -0.055697965851879166 -0.634251719456023 0.0009226232669103696
v -0.04544291422427495 -0.6320691897572877 -0.021143425786531573
v -0.05556302425682926 -0.6043540879454683 0.0044590675053504635
v -0.056747012228642674 -0.7015575930371941 -0.0054184741046399655
v -0.054927582609800595 -0.6666271616312295 -0.0019868735453119016
v -0.061753701391078046 -0.7393740851038401 -0.010101795448418402
v -0.06767778333950539 -0.7777749123811291 -0.014024170546026511
v -0.07357006068195197 -0.8136173459151608 -0.01592716289829083
v -0.07154164556079354 -0.21842379620395747 0.1253319434234258
v -0.04252549070736603 -0.2247748986060925 0.11488922847255796
v -0.04630215118718047 -0.20639264682165503 0.11896440230818436
v -0.07428151745864535 -0.19479108251880267 0.12604098183476695
v -0.00297209391663302 -0.20758121783119848 0.052866527549199384
v -0.005211272574535748 -0.20660274039032028 0.06774388663003166
v -0.005261557544423797 -0.21034249461005466 0.06507850181902303
v -0.002520964895842046 -0.21009059594396123 0.04916585983015201
v -0.14070888472148868 -0.475437905680706 0.04017292752620857
v -0.11868497578189441 -0.42321763183005034 -0.04877247054336768
v -0.09892041409951637 -0.42125584730777277 -0.05440673719309882
v -0.07812854472768511 -0.4207166778870559 -0.053550669372944636
v -0.04759500943596183 -0.4753957323022243 0.05728831476987225
v -0.050093023877210374 -0.44878230081484327 0.06748533359781451
v -0.07207609274740684 -0.4523612730657941 0.08194742417773732
v -0.06869742616911412 -0.477521155697768 0.07492253885114815
v -0.09680080096096046 -0.6138613119840379 0.032512979348373924
v -0.07521113008952844 -0.6384303210760678 0.017022558979730103
v -0.07319394811154342 -0.6096274900917733 0.021536429983124963
v -0.09572987863846928 -0.5889801728694088 0.03725135107265326
v -0.12541529474340782 -0.5863339837710746 -0.0737689601026622
v -0.1432391395498821 -0.5870656804746605 -0.06304394326506417
v -0.1057748655012822 -0.6192678978497181 -0.08571644009770034
v -0.1283919161889564 -0.6179881849197115 -0.08207789896217484
v -0.10497029930504924 -0.5868918986235515 -0.07658605437429433
v -0.05463002207759248 -0.3953416667639529 0.08650326169608803
v -0.08139214981808338 -0.3990293287183627 0.09654823769307457
v -0.07677031975119918 -0.42641289606078203 0.08867156062470201
v -0.05165254698270653 -0.4220385563093836 0.0770547445575106
v -0.12792796049094476 0.11617346055577805 -0.04409886979602787
v -0.11248636486345964 0.12024741825732758 -0.06010983935662376
v -0.13691604952884148 0.22844108323225326 0.09476542565998936
v -0.14008071480633028 0.21555806921823628 0.07846207066678841
v -0.12817108244008985 0.20789600047517587 0.09025197975159498
v -0.12710873057582314 0.22083281279713818 0.1031244523040608
v -0.148454143583643 0.22706274590201725 0.07000374608672849
v -0.14419232801500187 0.23918016780341722 0.08718616049917327
v -0.14903320737753423 0.25271170499258966 0.07902069734675572
v -0.15335811303122307 0.24085172717263692 0.06252791172579925
v -0.16527841246095074 0.29537164724712306 0.032811246395021886
v -0.16684426774478248 0.3041840855166636 0.029561806866551923
v -0.045910970082526696 0.17441704867457125 0.136563133810793
v -0.022539312051981675 0.17321209101066226 0.14116817544980506
v -0.022166817450650505 0.19356561095067754 0.13420262026632274
v -0.06913772124333047 -0.007023573393446753 0.15055698148965507
v -0.07544860951197965 -0.10056900915490213 0.12682727593499862
v -0.043089335779345275 -0.13131443791469044 0.13287360380494412
v -0.05171965480019689 -0.10442050217188109 0.1356296042845549
v -0.006487912621161394 -0.18709455610840076 0.10996956381945602
v -0.05655446123206262 0.17457831684369987 -0.0960186165047447
v -0.05882199855113934 0.19820277582378126 -0.10010005376014755
v -0.03566387164444256 0.3766711750329851 -0.10489684861853626
v -0.01712021749109663 0.3725234922758471 -0.10201938317677
v -0.03473996448632367 0.40384818240078646 -0.09785252431861084
v -0.0339953276269865 0.416185456689515 -0.09397385398071402
v -0.016551733562042967 0.4108658218946085 -0.09210209733513901
v -0.016709001168767914 0.39888892073959337 -0.09605432792385209
v -0.017514352487674318 0.46443186646996126 -0.0672315520487348
v -0.01873760141957414 0.4546023499128092 -0.07385281799516175
v -0.0012709219486543976 -0.20778071236570106 0.032683289715245936
v -0.0014798244730992232 -0.21380544537555402 0.04377450533835722
v -0.0006194707445790253 -0.20917992725549805 0.022195151544198093
v -0.017621090257977853 -0.24702033681365404 0.09055326003909667
v -0.004490124684774018 -0.24610239917338106 0.06708237367883613
v -0.006650802502726415 -0.2318992973161485 0.07493146470753742
v -0.020305521219871173 -0.22988939233268385 0.09762239799059516
v -0.18214802638128239 -0.19914474518025377 0.0561790513693986
v -0.19061912086648902 -0.19161722608136694 0.016884231484798902
v -0.08795135995510366 -0.22720991535622553 -0.07653875673590055
v -0.15839270240346032 0.20559182115100066 -0.04968845118436265
v -0.16675737250301242 0.20597994919735313 -0.05986415594626737
v -0.15886462626287592 0.2264921450689715 -0.060325475103830975
v -0.15052148236301324 0.22632496097338034 -0.04912139234798684
v -0.0629519183111822 0.27430252047763204 -0.11219722622699564
v -0.07085070181281349 0.24771285608749244 -0.1076383995998415
v -0.08176634618938389 0.4537704380163584 0.005016810336711887
v -0.15795356766404434 0.46081153005719067 0.0005092657064242077
v -0.15629959335471447 0.4472293920946297 0.026898097512685196
v -0.14310122239721668 0.45044888712883485 0.024350466869258586
v -0.14351916119476912 0.46429606543049873 -0.0018444744937332772
v -0.14667100095464683 0.4125353091540781 -0.0815875088150626
v -0.1493034014534359 0.42950058930662305 -0.068643259075247
v -0.13470846742729534 0.4304376803024535 -0.0749221922901647
v -0.13180659003801168 0.41141187177145955 -0.08719333162786282
v -0.030080562941971537 -0.08113694936215132 -0.1197979174261011
v -0.0609717977662432 -0.08146680174247278 -0.12117408960575006
v -0.03817817935982881 0.1082515552628312 -0.07994375976927011
v -0.0590811689060165 0.10603242818980352 -0.07985399333133122
v -0.05595546933057143 0.12816841171117685 -0.08573927203544131
v -0.035611538369516 0.13127160638032417 -0.08604245323974795
v -0.0933344177551593 0.2620258200468071 -0.10526617942147655
v -0.10928152345379306 0.24665614567835303 -0.09637369892804812
v -0.032444507095538686 0.2707645490422169 0.13802750345015427
v -0.03228238436763841 0.2915184471011403 0.13109705380185854
v -0.04903854306341825 0.29522176608626816 0.13061483419269945
v -0.049096992146517866 0.276612878839977 0.13833680847505814
v -0.17492248403116767 0.2612819969526886 -0.07437286033377993
v -0.16057996831243024 0.27635308378691237 -0.07310711323404133
v -0.1524307352889974 0.2689818666964881 -0.06730718717848623
v -0.16238155302427695 0.25085875401845503 -0.0693689835545521
v -0.18059013253223644 -0.18491076196389356 -0.027833587641993774
v -0.15503451370145047 -0.20115584182745472 -0.05987891623650423
v -0.14150610399165536 0.14911404519556193 -0.02995676375757382
v -0.1289546104336937 0.15335908436993528 -0.05245649196081782
v -0.1268759146182615 0.13455271007380754 -0.04886746309124723
v -0.14015520919091515 0.13052801813959122 -0.02739380744104473
v -0.15103963175386556 0.19809480996765208 -0.028048962295340218
v -0.1473306523102416 0.18301832201961934 -0.029471875208212678
v -0.15595160254454282 0.21166059413921154 -0.02769023113258074
v -0.16148845479559468 0.3069153910404817 -0.05030280852209281
v -0.16302454434099609 0.3023074281600473 -0.039804824285056994
v -0.15850133115650408 0.3076289730944592 -0.04319164629434333
v -0.03900468940722183 -0.24637238479663875 0.10941732228858753
v -0.04797870017236092 -0.1742531629601063 0.1217241148413225
v -0.04173957504620679 -0.16125453591574423 0.12249879675154418
v -0.0016962505989373653 -0.2056940734927405 0.03900868603545725
v -0.06063746742097916 0.4696841775946754 0.005070468276915348
v -0.05580022740105257 0.4649918260072576 0.02095895173752536
v -0.14763835687331975 0.29212704572178705 -0.023092390013954057
v -0.14127899014253945 0.27976398194387797 -0.02824473673557663
v -0.16903034166585826 0.27680800689838336 -0.02055349552609735
v -0.1684019715222924 0.2803063737808983 -0.0028379863079601034
v -0.16829793386315395 0.28856820471561795 -0.004360208611586081
v -0.16809465055581585 0.28598027064682735 -0.022699210599643305
v -0.16641249066873068 0.2871276226505846 -0.038353572000223386
v -0.16759461533250544 0.2769785186518491 -0.03681977147669734
v -0.13932538444755688 0.35511334019622065 0.07213468128969958
v -0.12790211729890935 0.35875735842282874 0.07386517456813463
v -0.1293983596007589 0.3790042846124758 0.06349931631223675
v -0.14092881515238634 0.37473160248455006 0.06256116945520784
v -0.11536140753251618 0.3600184743097964 0.07649186434675674
v -0.10122108772751476 0.3607589863900129 0.0802679164561132
v -0.10336131459525287 0.3797095988703949 0.06839063382738693
v -0.11723745247977081 0.3797169836921838 0.06536572318555744
v -0.07870141324599148 0.43468164125737574 0.02778969992826036
v -0.06227771089007857 0.42498154725135207 0.04193011839725423
v -0.04336569358892313 0.41773263375580344 0.0508907887963793
v -0.027367121648876357 0.4134319771956819 0.056192216957093075
v -0.018845670095058494 0.444563308573931 -0.0798416937450541
v -0.017878054538747922 0.4322625620913025 -0.08399837492908778
v -0.03671358523852635 0.4367855423575778 -0.08509692815077667
v -0.04116253895123627 0.4489106954096621 -0.07842101015577564
v -0.048674972343118954 0.4511657704522795 0.03225671555670142
v -0.03516654692354325 0.4472801939199957 0.043582843287918886
v -0.02307936390243364 0.4334345050942477 0.04945092696998562
v -0.22804635569798742 0.23023702946889948 -0.0013597403006146388
v -0.22355862311998925 0.2538038391372095 -0.0012687311361687414
v -0.06065767276455762 0.4820605795968013 -0.027908343893409838
v -0.06337599685569995 0.4769821494191465 -0.010787003477177969
v -0.22990718849205885 0.2546473793231755 -0.018989536318738866
v -0.23374628146532755 0.23093264402390634 -0.018193178183319808
v -0.12547149486362924 0.4269384376465143 0.040407021854979276
v -0.1295837348856878 0.450699755547447 0.022485722120309422
v -0.1390037159587059 0.4279900425297932 0.04131465344540734
v -0.04634996130794344 0.460912316138993 0.03509049144592912
v -0.033056062568578536 0.4572961807975055 0.046061766433636235
v -0.18989047448156696 -0.15834286338085712 0.02481708223145314
v -0.18046192298286085 -0.1662892436467624 0.05964187438443525
v -0.1473452882887518 0.10137908654062867 0.05116374595877715
v -0.151544007366766 0.10522493056075044 0.026455341229476136
v -0.023040544925056385 0.1294281803069258 0.15381423414589776
v -0.022968368630169045 0.10674707984876923 0.15796841866972489
v -0.007929900154754041 0.46178852687804134 0.0587160968372367
v -0.049009297551397435 0.060623579840556385 0.15750199263168585
v -0.02667425206966631 0.056210636611429624 0.1619500340726877
v -0.02402873878394682 0.08238378348452745 0.1602237221894416
v -0.046578456316259065 0.08480988455280544 0.15510914223456573
v -0.01954361431994226 0.03022625615939492 0.16420392458785896
v -0.018116314946063646 0.018448839969422648 0.16504072680883075
v -0.021097398349504665 -0.14894299860714055 0.13423668777259462
v -0.010032506485367656 -0.1481996132484258 0.1376250725561134
v -0.1917776801510655 0.3104409059072516 0.030672735317130346
v -0.19108868312919045 0.3297125728503576 0.03360670828227474
v -0.20379337146049067 0.3410164501452673 0.02285859681592166
v -0.20515146828625663 0.3195263557672124 0.019213426546749394
v -0.06877661740482216 0.06373035077734045 0.14767849550339868
v -0.08788926297779676 0.06588589052383276 0.1324565441485232
v -0.1601617838552642 0.29557967739615765 0.05204769201498263
v -0.16233710385907 0.2863051040209054 0.035982261465585544
v -0.02151054638997785 0.2147187171794089 0.13540902934059745
v -0.06470338259053782 0.2815514224357243 0.13712309400100436
v -0.06474508317746092 0.2974355384682863 0.12892889918272457
v -0.0798688174639211 0.29884888672628807 0.12607835687666616
v -0.07952981644060209 0.2842542337127336 0.13443100215294027
v -0.0010911089030927097 -0.20596663221818973 0.03114935390352369
v -0.19914798753377114 0.3353125435548889 -0.07149701770763069
v -0.19543959988827853 0.3485043243798408 -0.07395589500641608
v -0.18876580685294927 0.3405592992662092 -0.07829709953075589
v -0.1927318978189775 0.32799657052624687 -0.07571641132039782
v 0.0003142798873174412 -0.2420539148001999 0.038497286155471565
v -0.0005969825479333688 -0.25844362706211776 0.026737057781484105
v -0.01474819912537142 -0.20861785112485015 -0.046739346572564025
v -0.003705985333332859 -0.20521658530254305 -0.029121038464418714
v -0.061366530550245754 -0.3045508425468651 0.11112276478187684
v -0.06504600296444309 -0.27404952606756605 0.11773132563407909
v -0.058778923628674706 -0.3349708719797291 0.10399737570293126
v -0.05672133194597476 -0.3660325710032134 0.09529224536546246
v -0.058827280557072564 -0.5510476234791879 0.026560828210017075
v -0.06943168260262705 -0.5798183964524474 0.027613293466674314
v -0.07661063281920226 -0.6705897465027824 0.012979454746273846
v -0.0779172979850489 -0.7049859688084105 0.00822497384021293
v -0.08035501732138495 -0.7419603222238014 0.0032891905088709068
v -0.08248842289764903 -0.7800608029549646 -0.00199268990968994
v -0.08442079146684582 -0.8165873607607402 -0.0034985738886465696
v -0.23313411111090676 0.2290188254148447 -0.035188497194188206
v -0.229711620669879 0.2544840299614338 -0.037684402995809094
v -0.2227602042139381 0.24915732970999874 -0.05209387317946756
v -0.22755594735362183 0.22475439175067902 -0.04915645076383092
v -0.14332946132815994 0.24799818431606735 -0.02030863123821133
v -0.1493586107313617 0.2514780630321768 -0.0046856612071991145
v -0.15263761960646255 0.23136893121720192 -0.007074152401227819
v -0.1479834541264601 0.2288753792492075 -0.022245317867068497
v -0.153093550051166 0.20841839647153346 -0.024085809581366115
v -0.153619939206191 0.20662569652335452 -0.03765513140793467
v -0.14707626645335897 0.22730550999397553 -0.036229715735871124
v -0.17876626507561344 0.2091455526988341 -0.06715109307892117
v -0.19201799315008214 0.2131913529064863 -0.0700409068557946
v -0.1842900079410301 0.2360087843506924 -0.07184776364918177
v -0.1708282875480124 0.22956631501538874 -0.06826983412533359
v -0.21799046578362752 0.2206978098029359 -0.060449873583159036
v -0.21258405180956302 0.24361496735447102 -0.06248141476188589
v -0.19967145816662024 0.23952305898026846 -0.06954714841381819
v -0.20575698206584725 0.2166122802079929 -0.06785937991642824
v -0.17355985476234995 0.21620667933241336 0.015255746707068835
v -0.16324700606621342 0.21315097898368432 0.004040700589836367
v -0.1601113588142379 0.23510519592846985 0.007287448215672773
v -0.17028207777852694 0.23862627586004695 0.018681886258651248
v -0.2151807997102406 0.3493393099078971 0.006794762692108266
v -0.21589543415732737 0.3258183413780409 0.0034709708540090903
v -0.1660986309295647 0.3273008744279585 0.04069077852164052
v -0.16989759565713855 0.34008049367881044 0.049828388675734005
v -0.16966607823328606 0.333721634749298 0.047655197900177554
v -0.16489864072468924 0.32663818591184596 0.03650210300669594
v -0.20839605380331538 0.27564746857879396 0.015399266762158248
v -0.20624248602687462 0.2979811798761885 0.017314465507226193
v -0.21717991048303126 0.3019764853872903 0.0011529348186290055
v -0.21976984417209358 0.2776603399170413 -0.0006953444463471366
v -0.1662038969746032 0.2600964987461707 0.02282886206235331
v -0.15682058381556369 0.2558930941217097 0.01062238219641372
v -0.15468672073204212 0.27620655896119795 0.014720048659581793
v -0.16329074838317695 0.2805236909308541 0.02788745786588066
v -0.15078342353541235 0.2466706495583281 -0.059628696379072324
v -0.14321146417785643 0.26549547889806857 -0.05712172889839517
v -0.17654817630484454 0.31792414048905493 0.04012446511124841
v -0.17584188163853137 0.3011701035365556 0.03576891317642179
v -0.15683109215557517 0.2861306052699207 0.056092419341761235
v -0.16673323551842997 0.26361266500901726 0.0017674686299802187
v -0.16771367746727706 0.27237331412843063 -0.0010186960524888834
v -0.126875203554315 0.23586774782704917 0.11240371953745233
v -0.12747279151915786 0.25123563599927773 0.11599242604289448
v -0.1565395784748422 0.23245979911739956 0.04099813503305254
v -0.1596764065775651 0.24622577014572286 0.0333589650254482
v -0.1342726232780077 0.24207027788671875 0.10541577052516851
v -0.1323083316307183 0.25232546558718544 0.11013093218455802
v -0.08563902998619095 0.17182723022094115 0.11677828973184896
v -0.024405510785030567 0.42316004121940853 0.05028288605761573
v -0.19235659308417952 0.29092154293874234 0.027977765034124757
v -0.176692976951703 0.285216705907782 0.03204933060509216
v -0.15267586314772694 0.2896936538673217 -0.07059608709106865
v -0.1485627049736231 0.3008426206851802 -0.0677196129874081
v -0.14449683433888627 0.29690876136245936 -0.06039962973715405
v -0.1460359639169734 0.2850069630887136 -0.06379999591817433
v -0.1255599177537333 0.2852361340993075 -0.09593194522582116
v -0.11080300488151902 0.2738610846958579 -0.10118696551790513
v -0.12318511218640417 0.260050903167539 -0.09210929136007823
v -0.13492010676632063 0.27257773278047437 -0.08717755192455018
v -0.2102961226538236 0.3408623129767345 -0.05863589606763485
v -0.21603833705701367 0.33880112106195354 -0.04844901882161885
v -0.213143520455729 0.35847630640153405 -0.04786615961489271
v -0.20702987283255922 0.35694827214947566 -0.059487285895675646
v -0.2184560857473585 0.35806854408830086 -0.03291957290470167
v -0.2210014204623651 0.3352233563504554 -0.034256435051986035
v -0.22173207908742548 0.33034396213259254 -0.015969145960218326
v -0.22024316968063964 0.3547576784335794 -0.013788229409392314
v -0.176009869381503 -0.11577599189677712 -0.025803773516802037
v -0.18523417331953893 -0.12001946902500094 0.0030846820283821465
v -0.14229848833458625 0.01652953775899421 0.08360746375508551
v -0.12633008097129006 0.009503164611636528 0.1028662310048518
v -0.10288158734049976 -0.08938699531923644 0.1161156831519006
v -0.025055132747963626 -0.2045994411351965 0.10607924125993774
v -0.009351530910352316 -0.21392141012036092 0.08204503215528924
v -0.0031638068660129266 -0.2819875304746428 0.016327694718567848
v -0.18663489702314104 -0.12616773564573924 0.032072326086217316
v -0.008255602799342678 -0.3111300552343631 0.0072873984106628245
v -0.014739653923510593 -0.34167481100932195 -0.0005132153099770055
v -0.06446523807527636 -0.3387462684925656 -0.05795204026060781
v -0.09200868541217974 -0.3401898727867001 -0.06202499843981613
v -0.08943547093317902 -0.31061324897564474 -0.06298564471756453
v -0.058932037791399806 -0.30712310736672027 -0.05860236943025795
v -0.11916266204199334 -0.34234705374732965 -0.056563098309691424
v -0.11903730785465876 -0.3137296301230317 -0.05769868386149172
v -0.10672447176229828 -0.42797003133684763 0.08699185294106852
v -0.10577308082579304 -0.6543609703340146 -0.08964402097853601
v -0.1272043943050992 -0.6911210714106878 -0.08350873786439039
v -0.1283921170481247 -0.6528413751887694 -0.08540136362643103
v -0.10630670121018591 -0.6914142890131186 -0.08815019910706666
v -0.14702800313437545 -0.6535702035992476 -0.0717968607994767
v -0.14663451962560453 -0.6187043365593929 -0.06883628366337308
v -0.14953413940033097 -0.700513599400056 0.0016867464191333706
v -0.10674352575996404 -0.7290698001064555 -0.08337270574623408
v -0.12531432018241975 -0.7300611968501567 -0.07854275410134899
v -0.14493460656673998 -0.6911607022012973 -0.07037179890318508
v -0.14065195018444446 -0.730672179375779 -0.06758574217983404
v -0.0008925609356271696 -0.2303915465016778 0.04976577968983167
v -0.16298074366079066 -0.20436812769759133 0.09027131671332048
v -0.16122346255205827 -0.17360133149103724 0.0926067494929643
v -0.10481433745178703 -0.16036270812038522 0.12160596522643669
v -0.07539546505141906 -0.1735528613905754 0.12479297454392015
v -0.10463300326449713 0.08925180140939622 0.11026687001035884
v -0.12229478392239586 0.09231412118140873 0.09275855977650216
v -0.11887125922223561 0.13362536519785842 0.08789111943042031
v -0.13347512569232456 0.13667876947711138 0.06929093989367045
v -0.13527386411702133 0.1167877939011697 0.0710697650474671
v -0.12061576075032919 0.11285272252306938 0.09012769853744758
v -0.14979058798730197 0.14258003457516394 0.021828060066145585
v -0.14893881206656945 0.14575147630293012 -0.004905740929032047
v -0.1485308747722991 0.12708879283764674 -0.002779112111085748
v -0.1501554863201931 0.12384450677263045 0.023639082672056572
v -0.14969562679027132 0.10886371018740738 0.0008372833200185748
v -0.1414160288833865 0.11231549885131803 -0.023393194082500693
v -0.075923907480451 0.14715374335001113 -0.08591573817027404
v -0.09447731471462134 0.14319338844657584 -0.07754409381649607
v -0.09591499517210263 0.16450602406665005 -0.08235783689328488
v -0.07699990732771128 0.16971446850747968 -0.09067943065586366
v -0.03145379719903403 -0.15244298413011625 0.12859034816595105
v -0.003641295565262394 -0.2159894940277059 0.061911214843677405
v -0.06869539812453714 -0.24479806546871258 0.1226168237739586
v -0.10348885800809854 -0.21356814427226595 0.12735928273509417
v -0.13645558445022782 -0.21068402001294123 0.11571167694053174
v -0.1509702683878125 0.29590065619602374 -0.008210447029180605
v -0.15365721161536502 0.3076323625503539 -0.08650642257920836
v -0.15566543157353524 0.29562673523402444 -0.0793517221264793
v -0.22323376453854843 0.3122847869246192 -0.036786431629942766
v -0.22361734803440678 0.30681138109545636 -0.0181152607984764
v -0.16222282379419053 0.297387013444105 0.033449975078408016
v -0.2025012694998133 0.36002938489825465 0.026208604118824624
v -0.18982202064846512 0.34711374271472795 0.037199804221175206
v -0.18861498937252072 0.36306763337503756 0.04085814627661737
v -0.129719111127092 -0.10145355881806473 0.10309790112595629
v -0.1562387563914408 -0.1158291573807203 0.08976277479149529
v -0.1319346379777544 -0.12534064389597915 0.1067337646321734
v -0.001209269990218639 -0.20479349955120518 -0.011033832681005959
v -0.04855933161037003 -0.18977023571624518 0.12092098243740658
v -0.02016808620487837 -0.3716042469740368 -0.006968500960058145
v -0.02420148554409867 -0.3999334394029679 -0.0133826993976175
v -0.02696466988542048 -0.4269017869709716 -0.020188920000639456
v -0.029683206371068593 -0.4533712341287589 -0.02697285105807892
v -0.03325767056989878 -0.47998451763251493 -0.03323279819064617
v -0.04021344130171898 -0.5069242961456557 -0.03788379532223097
v -0.04877995469265207 -0.5346483382257394 -0.03850047696469958
v -0.053135698144459086 -0.5639866280616196 -0.043811883993852656
v -0.044251407730867255 -0.6296804921521412 -0.041818627992928174
v -0.05110500768715472 -0.6273389102595024 -0.059509672157600745
v -0.05245912674587025 -0.5948780690751181 -0.05307665214299403
v -0.0509084686185042 -0.6608980876792628 -0.0636327589673225
v -0.05332391049427332 -0.6957320522538493 -0.06452686629463472
v -0.05954942278385317 -0.7319892598900216 -0.062056863123939404
v -0.06510306297904259 -0.7691078982749865 -0.05922738299921795
v -0.06799610561553669 -0.8058270857616364 -0.05682744102332241
v -0.0009667369930091978 -0.20348615878157494 0.01813655649625889
v -0.0009821273026223078 -0.2039059393983721 0.0046771994405503175
v -0.11003250383944257 0.4234330303821453 0.03883040115258924
v -0.16661282738244812 0.2874058062514794 0.015189590916666622
v -0.16746143093002852 0.2955350276233455 0.013163038040305951
v -0.16308880787342775 0.3108917051072606 0.038636198227292556
v -0.20641127790648292 0.2648448373602953 -0.06585298941668745
v -0.21691298024204414 0.2723453521483526 -0.05700585946271134
v -0.15408651076046084 0.2938428677930404 0.019777934469508505
v -0.16644658320357034 0.3166721352856323 0.02744132566403254
v -0.16431099163417218 0.32277404809079385 0.021003378487873533
v -0.26751402060926743 0.033663720094737365 -0.022893351674990285
v -0.2700476782534209 0.035815615441014 -0.03706825600315648
v -0.2698539947180011 0.014589088668196304 -0.03606169022737511
v -0.26639677271069917 0.012698404739110436 -0.022805429919287072
v -0.25907467882319096 0.031629469142979705 -0.01136052363165498
v -0.2576251170585804 0.011113819632159377 -0.0130848816395909
v -0.196796672599171 0.0241848349106647 -0.026054672765726948
v -0.20587210671644446 0.026317366034918577 -0.014526595663498666
v -0.20902643218023456 0.006020846650838713 -0.019344250440752577
v -0.20078468720877204 0.00422788267242008 -0.031224942189258333
v -0.24497798739295956 -0.01025460840361811 -0.009451502365918069
v -0.23272588984115342 -0.011039581177200497 -0.009987658165423753
v -0.23218963517172964 0.008815675738049839 -0.006235366932353726
v -0.24563520664767918 0.009647575959012361 -0.0070438459788078785
v -0.19646663001205403 0.02423596831819963 -0.05684430626681083
v -0.20515178249318058 0.026954492106794126 -0.06815628126344084
v -0.19854769816452222 0.04587173810040726 -0.06489068839994848
v -0.19046451497530545 0.0433308391784378 -0.052400286327438664
v -0.18721357596100152 0.11020670066361443 -0.00496686675261444
v -0.17770833718154846 0.10505982091383456 -0.015727976759252537
v -0.17559437102251818 0.1220631999706215 -0.01027193881168566
v -0.1860791438402624 0.12750725386205852 -0.0010191281273420755
v -0.268823240740616 0.0773467714706733 -0.022268935537961932
v -0.2684547348796699 0.07958197660679722 -0.0374233838932171
v -0.2695792845817818 0.05755742600158645 -0.03733845981783795
v -0.2682624934764055 0.055324415464103036 -0.022528844610498436
v -0.23173959163289018 0.07331302076140145 0.002517506109523957
v -0.2156296293711137 0.07182744742606775 0.0002532027419995421
v -0.21518706544257776 0.09590791261424716 0.0014070340821667514
v -0.2315301882323495 0.09764170770435611 0.002928708018247997
v -0.2686900270756149 0.10077981788070678 -0.023523107822460917
v -0.26543792806605065 0.10181385248589582 -0.038171044263148615
v -0.2319866113366083 0.02893378739844235 -0.0024957048784144367
v -0.2177683205560313 0.028113174897020005 -0.006593314888341399
v -0.21656061700870693 0.049255764106619665 -0.0024696774802648465
v -0.23207663695901412 0.05013078902687976 0.0006110289961445381
v -0.2091443986526437 -0.013282669434955513 -0.061849620652417836
v -0.21837239894652513 -0.010890062532841305 -0.070902095693583
v -0.2119779657255439 0.008057331642505466 -0.06997660221817104
v -0.20276955531188698 0.005524661894555194 -0.059971152157849705
v -0.22179527796725437 -0.011965088764361226 -0.015275308045472077
v -0.21252957425036198 -0.013587253964629925 -0.024004787074813266
v -0.21965981860361455 0.007874268066744794 -0.011074970683293293
v -0.2642511257906873 -0.004538728014885418 -0.060082458998018756
v -0.2690346649261812 -0.005027027888591634 -0.04825380768801377
v -0.26835733852741733 0.016177320535586126 -0.05003421975484761
v -0.26194433546024004 0.016641364908823036 -0.06219728236089707
v -0.19063941813137908 0.06651155295126504 -0.015599504980791871
v -0.20127056222868656 0.06959935943975352 -0.0059006872529738475
v -0.2031282648030341 0.0474101541208001 -0.009724533321471048
v -0.19344435584505706 0.04497698771330029 -0.020716488661915174
v -0.26122513262265823 0.07598571319697214 -0.008616004922570749
v -0.26013637116856797 0.05313652478511996 -0.00997802414243061
v -0.25928356061322855 0.0372010581467733 -0.06318496867280861
v -0.2672740879233471 0.037689573510228586 -0.05113779111342478
v -0.2650114388837891 0.05914257856322222 -0.051520174099013064
v -0.25529353399142896 0.05884060991993867 -0.06412100883558296
v -0.23520810987561405 0.07621835215813479 -0.07133139174396243
v -0.2186323497781261 0.07259040536932007 -0.07173315346153693
v -0.22568481813831573 0.05362479740968025 -0.0739415692940485
v -0.2413561164391006 0.056641812618057105 -0.07208136332906374
v -0.18876628778407975 0.08862513558854605 -0.010584343068415263
v -0.1806541568913104 0.08471855623805324 -0.022935418364390923
v -0.18522615314959345 0.0625409121043401 -0.04662939752537859
v -0.19214262481560096 0.0647575447895869 -0.06035578741457982
v -0.18579582789289692 0.08365926709558964 -0.05461405745872177
v -0.179470249361439 0.08229266196531562 -0.039822770633508434
v -0.2473702495420613 0.13949023791971277 -0.0032235981984892878
v -0.25989043614803886 0.1398616300145846 -0.013316579881175088
v -0.2620902346967996 0.12214723437969513 -0.010311501824119116
v -0.2487953382001826 0.12164022445281067 -0.0005523868681955403
v -0.2664284343783985 0.12323206589798363 -0.025691336372342135
v -0.26295873099182504 0.14159580316765843 -0.028846114228601734
v -0.2475715998695797 0.16385252944819603 -0.044281503168354094
v -0.23583341599218902 0.16206714169509892 -0.051311503541870924
v -0.23881859679567355 0.15076380420377206 -0.049206807289167
v -0.25192044973455213 0.15286241226726088 -0.043272991472625345
v -0.22000538441549458 0.11225670510054442 -0.06877794031821537
v -0.20303161581218437 0.10947477168820342 -0.0655725738318166
v -0.2110888021853664 0.09148476649089092 -0.0689587642632322
v -0.22818472664984482 0.0947183569776306 -0.07022719065349628
v -0.18227234032563855 0.12099128630101577 -0.05490114011020182
v -0.1727759430635868 0.11696386047094634 -0.04276880009344322
v -0.1787123963551374 0.10149928675604171 -0.04844590462801821
v -0.18909786647793905 0.10539303836976688 -0.059309810839203427
v -0.1648430555857879 0.1703385824645854 -0.041694777315234285
v -0.16147257057427084 0.17035315932558792 -0.02906617430106629
v -0.16373524422542082 0.15545447885698133 -0.031299391359289205
v -0.16813734669486408 0.1563043352214923 -0.04392238399087685
v -0.17147848655634812 0.16053717706539103 -0.0029808288005784326
v -0.1692834700132298 0.17508410989640666 -0.001137657794937301
v -0.17989957808173773 0.1776661286800599 0.008981334019618497
v -0.1823925045811083 0.1637009733862095 0.006636193165546833
v -0.2385316989529954 0.1860691249988486 -0.0040984366352123085
v -0.2452161775016293 0.18742126407202436 -0.01978894280858898
v -0.2501149597227788 0.17527779158083046 -0.018592200133795235
v -0.24198332047905588 0.17360421783912844 -0.00433802439574747
v -0.21303458576742842 0.12676176686275625 -0.06671607172545654
v -0.1958571567891087 0.12644738951110812 -0.062009157596366785
v -0.17287756775067747 0.14814233514541555 -0.004701137732449009
v -0.18396173532098406 0.15208051373646897 0.004210501473104243
v -0.18511100096888683 0.14092673306292072 0.0016398834309861278
v -0.17385800230163234 0.13634479335861915 -0.007207255205385765
v -0.21312833237399686 0.15976401073942267 0.004726220569820442
v -0.22907417020130844 0.1616554480084659 0.0020844042668697995
v -0.2297108103607707 0.1510320045647952 0.0005961895615569754
v -0.21377507336359805 0.14884720568755813 0.0018239835876576304
v -0.24436247471980563 0.16329531583481047 -0.004325579516741647
v -0.2541584470059404 0.16465369909465036 -0.017192210348206567
v -0.25686383637588683 0.15407821122716597 -0.015828186462396216
v -0.2455572412842739 0.15256845347406608 -0.004039763296975307
v -0.2093935708485755 0.13748611882600378 -0.06601372659922254
v -0.22162743688289138 0.13989027383096117 -0.06357419149846
v -0.2166623282545109 0.14907298926489046 -0.06323395437769166
v -0.20473589913186183 0.14663448363586817 -0.06560914285060844
v -0.1763294184431334 0.13359709712221113 -0.049972518967824175
v -0.16891339515439863 0.1303300104095865 -0.03761085915913865
v -0.21454532763235595 0.1358176007905384 0.00011452822052931121
v -0.19968594309876653 0.13178027533335568 0.002178150055199573
v -0.1991493672047689 0.14492771214973202 0.004654304503665966
v -0.25909728043153424 0.15472868103895823 -0.031095142312603404
v -0.1711210478288326 0.17074237002730486 -0.051873025289088256
v -0.1791387320107227 0.17244636710498534 -0.06024030768849608
v -0.17381623997112866 0.18649709596268532 -0.05985355171608853
v -0.1657373543840847 0.185168872237947 -0.050761388187151195
v -0.16042457997524887 0.18507038784855478 -0.040002246425185455
v -0.15835629256336095 0.18626497154440647 -0.026992855967666828
v -0.1666345775365504 0.1916129556426146 0.0010541788787411307
v -0.17713425839058286 0.19444344562893734 0.011705629498642803
v -0.19096337314042744 0.197671789670548 0.017433754575303745
v -0.20620452685797733 0.20152036466525866 0.017186130484782937
v -0.2094063683053801 0.1840189616332032 0.012846137357793438
v -0.19414983385549722 0.1806619232763098 0.013850105134460937
v -0.2329572698737545 0.2066749124491745 -0.0023083033244722254
v -0.2387152240604725 0.20731234918465258 -0.018821931785454656
v -0.243760314304988 0.1873071864582391 -0.0341354400897831
v -0.23778854168280103 0.20517833900493296 -0.034361374930941345
v -0.16573111542541574 0.14437000935357427 -0.018571418309404834
v -0.16448618618682898 0.15724191370188595 -0.016559557368132024
v -0.24666931705009504 0.03644428556223844 -0.07231303383221843
v -0.23196300742612197 0.033798158575065324 -0.07520195008550343
v -0.23753958381724677 0.013889116767298593 -0.07510301240360974
v -0.2508188539352967 0.016248019035309452 -0.0712660962990039
v -0.2299503524870916 -0.008356934176691061 -0.07471337820783627
v -0.22409395034047852 0.011193318605089736 -0.07483980467254933
v -0.24658915128855177 0.029975536305495487 -0.004287809697423707
v -0.24731890652815972 0.0513847503281285 -0.002023075876255567
v -0.25650682386785956 -0.009178707389952828 -0.014016874925381357
v -0.23057961983259836 0.13784124256480249 -0.0005229013560173661
v -0.2314838856913516 0.12122403789184025 0.0010001967565473004
v -0.22433908855606935 0.16052718403483013 -0.05819380841762659
v -0.23206984662703198 0.17267145063075195 -0.05358216063514301
v -0.22072428513514766 0.17050843316684966 -0.0609875381910042
v -0.2288340616120377 0.1299296887254422 -0.06342685837655469
v -0.2373178930661287 0.11587735190173805 -0.06340062256644859
v -0.24933296280133455 0.12014330089730794 -0.05051935269144143
v -0.24089462224970734 0.13664568054473392 -0.05095025056548997
v -0.20004561587349473 0.15536445638654106 -0.06543371978668928
v -0.21240613695291255 0.15821935012015165 -0.06416088065872136
v -0.20824765230229625 0.16759393638563352 -0.06573930058525133
v -0.19559198606513095 0.16443789021162744 -0.06556043400961731
v -0.22493746902956713 0.18505029986551608 0.007131050221229363
v -0.2272651063266606 0.1718199735809147 0.004292764962843158
v -0.22289071830827517 0.19912042495844234 -0.05821065956128164
v -0.22762876672656282 0.1844136939540205 -0.05557706961085285
v -0.23698927971666714 0.1858237806230875 -0.04589962991854878
v -0.23177002340624642 0.20141887580167997 -0.04751916417423901
v -0.24220577582294922 0.174465425222539 -0.045054636330136774
v -0.21142072901977021 0.19665691335519883 -0.06574087703406756
v -0.21655221668903593 0.1820438696298426 -0.06348864783940318
v -0.22120244505560577 0.2047881318469827 0.010600695744832153
v -0.19067853065502044 0.17567220473332598 -0.06601985259739035
v -0.20387150213305996 0.17888044066212067 -0.06717907464304858
v -0.1984267123638066 0.19329210655533088 -0.06854248574031936
v -0.18508895519266266 0.1897275545670359 -0.066112750697485
v -0.21780808666032844 0.030559808560657153 -0.07394025135938082
v -0.21107665258665806 0.04977858255581148 -0.07172221192229891
v -0.170040707385084 0.11749527089046892 -0.025870596653338837
v -0.17372297760093855 0.10106504638677367 -0.03220037384494347
v -0.1673850107802159 0.13191515879168347 -0.021433900049381942
v -0.19296916312885629 0.02315428729409358 -0.041573464811082796
v -0.1983884763733908 0.003864112873101677 -0.0461938819908137
v -0.18427623971819931 0.06347636470491176 -0.029628265833893764
v -0.188345391057456 0.04295924120025467 -0.03599170271739794
v -0.25079488199000716 0.07874203235105046 -0.06349813352910395
v -0.17962813376352552 0.14801538688689883 -0.05504448601951372
v -0.17186803716647586 0.14445643361170224 -0.046160873219847735
v -0.18543046900236532 0.13801518186578843 -0.058286660330901796
v -0.160354400306835 0.1890770400665865 -0.012329035993396922
v -0.16288882800882865 0.1721921367318433 -0.014657021115930903
v -0.1990436506725777 0.13602435830513762 -0.06440103815930467
v -0.15551754513642696 0.21062027956282176 -0.009536998637867156
v -0.25576345295049197 0.14032316633375658 -0.042242089289616314
v -0.254789734015641 0.16535207057807505 -0.03219559855740994
v -0.24957823871125104 0.1754474585471122 -0.03336276811143279
v -0.2695324282332411 -0.0064539558509130734 -0.03464651569201217
v -0.24794696708537203 0.07412735161183062 8.784530835970554e-05
v -0.21505916032005912 0.11896434262691472 0.0008453375395369768
v -0.1999546314746086 0.1149934565928363 -0.000258111754273703
v -0.1885346509402728 0.15171379370919322 -0.06214568975349047
v -0.18381580876309467 0.16107390166537958 -0.06111500773978116
v -0.1753340024496475 0.15843960249493969 -0.05333739092928234
v -0.21164439596314832 0.1702114645109347 0.00853752551886775
v -0.19661309832070434 0.16687289181927856 0.010569647394571297
v -0.20445554746523056 -0.014951979274975963 -0.04930319494809816
v -0.19856869810922426 0.15551242930401013 0.007713999539928181
v -0.2616640239175486 0.1219156382009892 -0.038994016516040286
v -0.017143995648909918 0.38618224804004053 -0.09942627405217239
v -0.15205021574822533 0.21751409468323257 0.047882281305282916
v -0.11497053483946731 0.1901960990172606 0.09146261257970287
v -0.12953281042689413 0.19403397709177272 0.0762468730045256
v -0.1634742358082804 0.2693318420889194 0.02176481820949915
v -0.16532858688228366 0.2789242268434954 0.018012236326777543
v -0.16709721412731307 0.3074275104792137 0.01143380187434496
v -0.1638532231323824 0.3169049818525198 0.0038672729979351275
v -0.15594354235868793 0.25361952414492195 0.053697242117954666
v -0.07725094188324542 0.6096947184421186 -0.008334430211259819
v -0.07538216662949115 0.6029213846314685 -0.011100889476617823
v -0.07970483631878725 0.6229033234139693 -0.008199225198243438
v -0.01691633435805537 0.04335395120867859 0.16238386439743188
v -0.07476394673293708 0.5958048577882515 0.002594485724695846
v -0.0723620789874589 0.5873562743436225 0.0003347821850602867
v -0.0774720550641732 0.5912655342759148 0.0021690063578416567
v -0.07413962237699974 0.5970329436295816 0.004331631962908063
v -0.074182903451542 0.5982275300028459 0.004955126490671722
v -0.08059354670701827 0.624973098904412 0.0023679118444295886
v -0.07309068615578053 0.5944033234349364 -0.01193230187186014
v -0.07067866558680191 0.5851558959287526 -0.010481424047777582
v -0.07776489018415964 0.6117050540249752 0.008183660348363035
v -0.04973338219855584 0.03800219518835837 -0.07748728363899726
v -0.02585488674871159 0.03702659469819608 -0.07724798235227703
v -0.028177467045207297 0.019149065265839565 -0.0843353226726148
v -0.053500981916777185 0.019949346204183982 -0.0830278514316361
v -0.030197884266204015 0.0017813611008579422 -0.09208019533388737
v -0.1477941149215069 -0.032844238177726165 -0.06431796973442845
v -0.1640035834320268 -0.03088284392649837 -0.04061408042658462
v -0.1601342205732912 -0.009306279362813336 -0.03857526953284223
v -0.14427793418978888 -0.010710820845890034 -0.0606018123836565
v -0.1660567794293324 0.00698665036784149 -0.013053089047525189
v -0.15444894267075127 0.008840851775134634 -0.036895810323880104
v -0.1713979191153873 -0.009691962050598496 -0.0124452123830211
v -0.17535354898733255 -0.014830127721825043 0.015406207311012042
v -0.1706245060994418 0.0028879963417260124 0.01406817570320234
v -0.17271905833082582 -0.023821116985934282 0.04205886590815311
v -0.16821890119157787 -0.0044072153431700956 0.04081457764419395
v -0.16394873915229874 -0.03461730600214652 0.06569632975919852
v -0.14943958109617675 -0.04485392053599083 0.08700763831024251
v -0.129011348686404 -0.07739080086116498 0.10330050847774828
v -0.10538298820572392 -0.06443942366801447 0.11893687112063991
v -0.1292023664796005 -0.05519881747658978 0.10422714153107542
v -0.057858835893519193 -0.07721541810811827 0.1408970745030132
v -0.08083731738513653 -0.07272509650212766 0.13102247876391115
v -0.01856487521759716 -0.08108295369904539 0.15271085662511727
v -0.037160728505115904 -0.07981743162031463 0.14823418414340755
v -0.10614869205304026 0.4009485388436762 0.05437364895408006
v -0.08885339492746694 0.46323102214650586 -0.055151222368645406
v -0.09835318125302443 0.460370941786039 -0.05508606468177952
v -0.10792379339655689 0.4662921472972947 -0.032237862763180455
v -0.11395092156794862 0.40718959218800677 -0.0925711214140778
v -0.11679482123221842 0.4272241511847948 -0.0815415896360198
v -0.09625432192748204 0.41854424644064137 -0.0918141966211215
v -0.09387849795349376 0.40037883254714923 -0.09919745234933423
v -0.0785272785561002 0.45438159449657717 -0.06967442108478705
v -0.07338719978557691 0.4571213987580054 -0.06858836447084216
v -0.08459057740177352 0.4509209970124913 -0.07196888309827729
v -0.05232809265802276 0.4327093317034196 -0.0883492588123418
v -0.06911907636068627 0.4412755725423789 -0.0829930383724619
v -0.15533197467115611 0.4596749610986671 -0.028141919961744487
v -0.15181620052530984 0.4469056316511791 -0.05180157618162203
v -0.16446986917120404 0.4428142194037706 -0.04738231152133752
v -0.16999017684491025 0.4543226053693066 -0.024398144563916105
v -0.1439910109979383 0.39566298146472834 -0.09086908115314354
v -0.14139457641088923 0.3781608358359907 -0.09686941841312932
v -0.15392719097628593 0.3802603956822366 -0.0940566396188118
v -0.15620162598763923 0.3962770157529267 -0.08747177030358459
v -0.2046839417469275 0.4155901174523931 -0.013835897292976018
v -0.1992265804943603 0.41421792700546345 -0.035811304752616804
v -0.20821883576853595 0.39811981713628103 -0.03351972390792141
v -0.21244291654504818 0.3969325286602411 -0.012465378257055128
v -0.1585131988378978 0.4117154758480023 -0.07718109819983972
v -0.08343594030510224 0.2813345812414036 -0.11053627231649693
v -0.10153174457786206 0.2895230651702603 -0.10749737554791848
v -0.11720234688193305 0.2988164009292005 -0.10236547763445267
v -0.1521436683759441 0.32072426483275873 -0.09209596471745908
v -0.14333553272287677 0.3138520505800394 -0.09517415555109286
v -0.1462377291288534 0.2995405700469571 -0.08953901072443014
v -0.15947132287677318 0.32798023077442007 -0.08924280100623577
v -0.16388312299474198 0.3329280145134768 -0.08482743360585973
v -0.178002140547773 0.34773626061764945 0.04820325487972318
v -0.17590821683979443 0.35761879247696654 0.05188684605728309
v -0.18541324226667166 0.37741804628379133 0.043224072906725065
v -0.16274419129929926 0.3310664489453706 -0.07505141523221927
v -0.16402926424280515 0.3331637572655878 -0.07607247977215195
v -0.16168258408059497 0.32697854000323856 -0.072026671873687
v -0.15960079520626894 0.3259393362421221 -0.07160759607966728
v -0.14071363967307993 0.4627774315031716 -0.031745062247603796
v -0.20209473504436187 0.39390095736621444 -0.049837731723147226
v -0.1932296084790074 0.4068865673917816 -0.05200802692323103
v -0.18836912619431137 0.3968934074425647 -0.06512605430350593
v -0.19631771583145177 0.38578296395202466 -0.062369765928527485
v -0.1912098731888819 0.3792710736312066 -0.07252100286457086
v -0.18432906616100744 0.38758880169985704 -0.07611077300620325
v -0.18015034881612743 0.37778726536200985 -0.08332432760810912
v -0.1863735684719133 0.3716203455206692 -0.07955450919678707
v -0.16628837509843827 0.3371681083106005 -0.07842499145405045
v -0.16660029155911557 0.33949752129337324 -0.0797723048014949
v -0.21367758885243868 0.3701291228335401 0.0091297857766107
v -0.18433244217102832 0.4428660390636572 0.0072722734759777035
v -0.17886964348633785 0.4273045594319526 0.03060472088844535
v -0.16791330158930123 0.43932186920066457 0.02964104550343759
v -0.17153283136154607 0.4541446752285096 0.004327503312483744
v -0.15651252439563226 0.302742940716468 -0.018351968941050747
v -0.1592332513935405 0.30785791716653144 -0.0012747682141355486
v -0.1523380818776787 0.2998855207220402 -0.03360756975957828
v -0.1607174141989022 0.3130210148836344 -0.06011966246754668
v -0.1497726063846904 0.30069809139510384 -0.04676612425454228
v -0.1659345670113644 0.32298300850091677 0.04349040475941413
v -0.17780657994049168 0.334162539283531 0.04404770018650897
v -0.17069376213968596 0.4034939847970024 0.04362885343123005
v -0.16117269631506587 0.4146704859564917 0.04340282969699623
v -0.2176812960592729 0.37641867751268565 -0.012508112616462619
v -0.2147675341550859 0.37862625229494784 -0.032547780996068504
v -0.16133747971958226 0.3229256869448921 -0.07593109310398918
v -0.1569580832326775 0.317851581599636 -0.07292210928491363
v -0.1577946254514868 0.30968590252835004 -0.07512272842345365
v -0.16170498117243545 0.306041878289923 -0.06800302194523165
v -0.15931496713329016 0.3209986249370077 -0.06722874689526606
v -0.1830364759696643 0.44534571071750934 -0.0207398809588458
v -0.20834745635385613 0.37704516299390295 -0.0488179588248522
v -0.2020963616557865 0.37155771406646326 -0.061269659260729914
v -0.17637835649424136 0.3927092969083222 -0.08014369081190816
v -0.17925030284354687 0.4044038877969123 -0.0691501605625228
v -0.1694816055093403 0.4092050648067934 -0.07333163436838576
v -0.16712140254811755 0.3953706477088611 -0.08405086437468916
v -0.19113470910263933 0.36158914871715325 -0.07709876947278227
v -0.18508284163108454 0.3528798529663391 -0.08075097362612693
v -0.16473777138120455 0.3811714084341863 -0.0907919387652741
v -0.1732064799003544 0.3805034705962014 -0.08713724199726314
v -0.1659086643013329 0.3289750297071885 -0.07911049275066365
v -0.15104923447362148 0.42338450712478604 0.04245716219527954
v -0.14530306759243158 0.39751843196607 0.05189798699861352
v -0.13342678318390416 0.4022243885130254 0.051925208657749265
v -0.16417684637908014 0.37891448757741275 0.0526262138347912
v -0.15516908694072287 0.38943955000430736 0.0520466300343233
v -0.17128953339286154 0.36707100239586865 0.05326058222760838
v -0.12050344009970722 0.4013802740856727 0.05244930711268131
v -0.19380606659736838 0.14322307751280036 -0.0635993688646913
v -0.1532996791388103 0.30487360272473524 -0.07234978660071328
v -0.15802841151955976 0.29559359778202987 -0.07416716765349914
v -0.16161555071268655 0.30163079618946637 -0.0762179303467642
v -0.1924707426857771 0.26192943810588454 -0.07190653373175747
v -0.0011614154300869947 0.5340986254060036 0.11968954313536603
v -0.0005373061151492691 0.5397336080377515 0.12232533231198969
v 0.0001735570428797634 0.5600437753074412 0.123401134756605
v 0.00020749535955702348 0.563727403028403 0.1226436435536027
v -0.22753018655905655 0.15058738401773678 -0.056221965739809754
v -0.2301354316180332 0.14213215082824363 -0.056838127939323066
v -0.24440807269286455 0.09836223356426757 -0.0634376040052824
v -0.26125476316760715 0.08055180245122705 -0.05131917844824905
v -0.2561668471179071 0.10092448613319764 -0.05088664703399983
v -0.26251613956230163 0.09992679914800254 -0.008597848609609608
v -0.2486250991025676 0.09898500353358898 0.0005736989102806821
v -0.2003149123159138 0.09242741529505553 -0.002653687797230727
v -0.1967224386431325 0.08755586851502689 -0.06410823810584262
v -0.2647672629058008 -0.047814866542990636 -0.019676735313917167
v -0.27019041916536635 -0.047287162025698964 -0.03073194896391164
v -0.27086276295228207 -0.06793917125230686 -0.028207985124878543
v -0.2638647287851131 -0.06814093821041037 -0.018495895921806067
v -0.26371475070910183 -0.087799285566526 -0.016350030713905683
v -0.25354930873410775 -0.08807670972564918 -0.012882697781605659
v -0.2540850142011253 -0.06897148190444793 -0.01323167856514954
v -0.24371436172512248 -0.08766930363275005 -0.015359260774897562
v -0.24368157555405381 -0.06904328428579329 -0.01393089417902915
v -0.2352708999728471 -0.08695915963115919 -0.021627050938640355
v -0.22981544942164925 -0.08776190462956818 -0.02954672212295028
v -0.2279534552352066 -0.06976663196204769 -0.026562918447348878
v -0.2345309796596042 -0.06895921497020163 -0.018894926635985982
v -0.219787075595651 -0.05200620117086746 -0.031967239283611434
v -0.22325997008503415 -0.07083288038890653 -0.035775475443965844
v -0.22083165163589935 -0.0714751600296844 -0.04609087949599715
v -0.21574329025199415 -0.05278561311423888 -0.042858326522142505
v -0.23292525639935888 -0.088689268416977 -0.06576349785616915
v -0.24090749136052422 -0.08783517305065236 -0.07021442922347547
v -0.23615993981779657 -0.06920417862878092 -0.07098785467431092
v -0.22719951096000038 -0.07037409846993503 -0.06597475123012532
v -0.2523065228195105 -0.04729872361966622 -0.07038487344854662
v -0.2411787799495488 -0.04815145571339588 -0.07275275469066153
v -0.24660319448252044 -0.06824014028099887 -0.07161654649404331
v -0.257288951088074 -0.06730016162929606 -0.0692858209508241
v -0.26223189858133045 -0.08569893969403303 -0.06890560876333633
v -0.2701630459270968 -0.08576359146119128 -0.060833634490912315
v -0.2660240250037536 -0.06684890411670438 -0.06282485543724069
v -0.2654240988325138 -0.00791076501226698 -0.022591710224458814
v -0.2649942229717062 -0.027877966028441448 -0.021559925858098405
v -0.2556728233985392 -0.028953314549190423 -0.01400591341344043
v -0.23379358930694558 -0.050157179094457105 -0.01584064435637728
v -0.2331766492163594 -0.030722618995056655 -0.012921152896972325
v -0.2444010592130868 -0.029906209249981497 -0.010997560333786864
v -0.243939406462141 -0.049532494838603086 -0.012340786349522162
v -0.2056408117487235 -0.015101883787396242 -0.03568033988430028
v -0.21623525123848536 -0.03283036679417664 -0.028140738122117356
v -0.21065859534503553 -0.033993785045180386 -0.03943323932737529
v -0.2259472355175691 -0.05095851182249908 -0.02273185984916084
v -0.22398301072345947 -0.031642627215902636 -0.019128043384568555
v -0.21607907088466036 -0.052351168256443814 -0.054769641076953354
v -0.2221694778360335 -0.07120788674000744 -0.056791962869141656
v -0.2713805391457968 -0.04653948894239621 -0.0432676004243667
v -0.26861508645421955 -0.046204258583409125 -0.05517494150905224
v -0.27112414727834633 -0.06738509434548362 -0.052366599964034935
v -0.27287188191564243 -0.06751686808784516 -0.04043570908231975
v -0.21040966696083854 -0.03370881109356516 -0.05208304705538917
v -0.26637103266247875 -0.02552827121525475 -0.05772175578198499
v -0.27001990331952386 -0.025891854549881965 -0.04593940513971663
v -0.2619272154448716 -0.046157467081932135 -0.06492946823357634
v -0.2582279229498396 -0.025760178244223053 -0.06685142841351495
v -0.27435807036614157 -0.08689818112785147 -0.037901879707230995
v -0.2715690692797769 -0.0876581897688763 -0.025609959039449955
v -0.2699521478105928 -0.02661508513581004 -0.03306625012153489
v -0.22133174011796133 -0.05113313705043818 -0.06488729203053589
v -0.23044295539616325 -0.04945622175402589 -0.07130026356293703
v -0.22447264390389599 -0.030086732708256375 -0.07125605900606265
v -0.21535215504924768 -0.032176377456231336 -0.06347094539900713
v -0.24247414944819837 -0.006168768410765552 -0.07412541642988967
v -0.23555998964499922 -0.027827577587459185 -0.07407661778339404
v -0.24730451887659805 -0.026512048570177582 -0.07233291225802199
v -0.2512239640950612 -0.08651048906857034 -0.07080134935262046
v -0.2546734030912641 -0.005304380242343004 -0.06895693099497396
v -0.2450647527688436 -0.17320667138171109 -0.026663582012143222
v -0.2401168922033983 -0.16463323918885542 -0.024981845027536004
v -0.23899048917178806 -0.17028086480335392 -0.015001584932627146
v -0.24456247549508947 -0.17816253353412254 -0.017248936000158387
v -0.22671657810676238 -0.1522533693332963 -0.0075055971914291765
v -0.22934295663450768 -0.14318943874979406 0.00016926026575784858
v -0.2318558827563532 -0.15274144929024974 0.008870097193180205
v -0.22933402583655252 -0.1604941678454751 0.002241844640224046
v -0.24678560083172935 -0.18126351547099262 -0.008605567850089502
v -0.24005547700101373 -0.174402777503389 -0.00654864010439645
v -0.2507379907108839 -0.17943660756322793 -0.0025892460821248997
v -0.25961853306365806 -0.18623916984474842 -0.005938876904746717
v -0.2529949021799592 -0.1878510546094846 -0.009786561797049568
v -0.2649086530866021 -0.19371666177202124 -0.007427440400095598
v -0.269251640833388 -0.17886944397358995 -0.007900616394902329
v -0.2734354940893405 -0.19064749339208886 -0.011343358841591971
v -0.27911555577923625 -0.17174982238105357 -0.0328229679631181
v -0.2789541125445214 -0.16919742732677306 -0.04364132646346135
v -0.28104992696623976 -0.18377725640794462 -0.044131158785659035
v -0.28023628019987623 -0.18620660373168346 -0.03265197962826674
v -0.2742550945378123 -0.17622640643836773 -0.06336521307599191
v -0.278129534053448 -0.18102231257239287 -0.0539358984642758
v -0.2769186094530855 -0.16633035158555198 -0.05248468173651332
v -0.2737836585160407 -0.162768713640426 -0.06108802726657324
v -0.24630598338836596 -0.16667033452578928 -0.04152497236434566
v -0.24241420807518413 -0.15723184998449746 -0.041722243385213346
v -0.24202489884114262 -0.15967529732768498 -0.03491312089790337
v -0.24619600606078643 -0.1685805577263062 -0.03546624231845195
v -0.2524945638689143 -0.17552312663139535 0.008286795183725233
v -0.2597819986088301 -0.17051999440006294 0.0009159337157141908
v -0.2576619723956669 -0.1768597509651132 -0.0009364729009522521
v -0.24949638667782975 -0.17798111804668326 0.006673620004372413
v -0.2293860865722562 -0.1345800373856333 -0.054103515312349124
v -0.22929159357171863 -0.1224465634229735 -0.052463858968307256
v -0.2299534943231542 -0.1227114439917717 -0.043500597383314105
v -0.23021707475221873 -0.1337251984549408 -0.04623814391408657
v -0.22846709954538633 -0.12763511478494938 -0.015759579054574306
v -0.23080518395487765 -0.12189136550775431 -0.02335322974884067
v -0.2397010561100011 -0.11461155223628366 -0.013415003653898316
v -0.2394786459696187 -0.12184194422719008 -0.00795741640837002
v -0.22810968513230848 -0.13458281631428481 -0.008219622983977711
v -0.2391171077848843 -0.1286199568898218 -0.0020428268187086965
v -0.2393874323863842 -0.13796814497236215 0.004613735536819601
v -0.24009278914298895 -0.14885941560258226 0.012607812929555125
v -0.2315524208636622 -0.12098196600052474 -0.06307943780976094
v -0.2311273774016344 -0.12981890112387057 -0.06638600530637953
v -0.2663562840120467 -0.24485393222289897 -0.013637761044607908
v -0.2646252682074359 -0.24569356130864495 -0.019213704287631608
v -0.2640228967411496 -0.24006552400579517 -0.018496269618097496
v -0.2657889032250572 -0.23919764401147425 -0.01286402813672471
v -0.24977603408977353 -0.1258253530506393 -0.07498386375289595
v -0.25966454707280384 -0.12589485374147907 -0.07223221183402576
v -0.25733464508555254 -0.1188297869511043 -0.07233320478330976
v -0.24701278734569648 -0.1191856611070114 -0.07303766396708777
v -0.2525188475857249 -0.13452823520508927 -0.07756503754743875
v -0.2625694424097489 -0.13482272559225272 -0.0725970657784995
v -0.2795560792249731 -0.24515428661971755 -0.012470589595174827
v -0.27502569324473103 -0.2447028748226327 -0.009748071812300006
v -0.27524468504830973 -0.23877992525713415 -0.009759528093290577
v -0.27979401149473676 -0.2390253366782385 -0.012831499962926285
v -0.2488118331371288 -0.18618366583648333 -0.017715359298768343
v -0.2485042397833945 -0.18204441218272688 -0.026671767618229134
v -0.2539459281982053 -0.20435052894684513 -0.02091974440738595
v -0.25123013933720273 -0.19284412581850746 -0.025929078441704622
v -0.25224302062716975 -0.19441304445038365 -0.016263377559568255
v -0.2555550846317025 -0.20266635471171623 -0.014408789137789008
v -0.2507114649224335 -0.1855275355871157 -0.0459627621369914
v -0.24872574700073372 -0.1752565444497361 -0.045807199816391246
v -0.24966395429539412 -0.17901265647584863 -0.03837889608186479
v -0.2514953182271787 -0.1896528630478076 -0.03871739661545973
v -0.24447632969451286 -0.17316446543656488 -0.05791317371375835
v -0.24723533626783442 -0.18273330057105358 -0.05863665238385649
v -0.2448868571013045 -0.18172493133927825 -0.06532295138639257
v -0.2423596286112704 -0.17337387439388413 -0.064059632562941
v -0.2542706979217314 -0.2024974431917586 -0.054166560398182136
v -0.2590812141492119 -0.21111598082443994 -0.05506867274130948
v -0.258903823525933 -0.20952219360759194 -0.06069153228899937
v -0.2536062637208557 -0.20121819927346485 -0.059888829649981254
v -0.2557382718103727 -0.1118216874204237 -0.07233652099897925
v -0.2454510764825714 -0.11179569256569022 -0.07185538195439325
v -0.26445108430680153 -0.16919856321828358 -0.08050795193884008
v -0.25597640018758255 -0.16639546593441362 -0.08585530899874741
v -0.2561276616734062 -0.17570746134187315 -0.08951939824716013
v -0.2650040647106756 -0.1784838717890529 -0.08405244397910117
v -0.2680641397798393 -0.1271361653735424 -0.06552362104607058
v -0.26666772359189356 -0.11947932778543713 -0.06617869931947724
v -0.2818907537756443 -0.2458350151684796 -0.017813831274958135
v -0.28227521256837046 -0.2396431220856613 -0.01823063144586516
v -0.2507594390500777 -0.13725371474257742 0.00243359419571105
v -0.24984029566078622 -0.14886295473573818 0.011050261269223384
v -0.25127739587660414 -0.12772399640936205 -0.004296724243279951
v -0.2518199399781208 -0.12076641883035621 -0.00857832668805701
v -0.25248478250360923 -0.11322879916625833 -0.010675350399496889
v -0.2525586584824218 -0.19804952028654432 -0.031019136519918385
v -0.24833137181511133 -0.17622183390564594 -0.03408007327155116
v -0.24529375940405349 -0.1652454367394946 -0.0460838133415671
v -0.23637545161905474 -0.16300092577393077 -0.0752526966205502
v -0.23485608897972884 -0.15540595675805746 -0.07481244421535976
v -0.23508846426184976 -0.1588000686397441 -0.06517881201207629
v -0.23748031654823473 -0.16519404023554612 -0.06794484449710603
v -0.2463361459171937 -0.16645788233556436 -0.08670106068023685
v -0.24073695647733298 -0.16928441070005706 -0.08247881601491895
v -0.24264633133910254 -0.1775004152014682 -0.08449369636041748
v -0.24724022598574533 -0.17548284892139498 -0.08967674515657612
v -0.2546483521005786 -0.1728060780637442 0.012208645567096058
v -0.259015733232143 -0.16422891928965538 0.004917879934569669
v -0.239316128558382 -0.1271880781616968 -0.07358030367141304
v -0.23793719789505666 -0.11978279912174805 -0.0701450881617431
v -0.23762403880680696 -0.11213388810540104 -0.06761877658882193
v -0.2356537539467523 -0.1454764782687274 -0.04461445236064573
v -0.2304071650316497 -0.1335060103984133 -0.04116095215288141
v -0.2293895324103084 -0.1348996634865695 -0.034710969024114004
v -0.23589405726861284 -0.14688523690024868 -0.03990457301609225
v -0.23217366266053072 -0.1555240355548259 -0.022805839737825285
v -0.22622806121006855 -0.14444112980518198 -0.017851506790805202
v -0.2317900337237982 -0.16224287731213943 -0.012385501171216824
v -0.2301185495534746 -0.1222744943361912 -0.035172504847957316
v -0.2305895828993024 -0.11314836079066554 -0.04196781275776696
v -0.23150375479144097 -0.11278459287294801 -0.03264938017310949
v -0.23079231026604283 -0.11325887030299031 -0.05168457783986591
v -0.23295199902179925 -0.11279553555475852 -0.06089729338233784
v -0.22950410333530238 -0.10313674154017366 -0.04080033960975821
v -0.23116850454844626 -0.10227165384977344 -0.03157340360631284
v -0.23012763500302436 -0.10328481066083284 -0.05078247043824206
v -0.2324450903159886 -0.1032364018985567 -0.05966029238833537
v -0.265753328226442 -0.09990243709910179 -0.06784253440422737
v -0.25451201482221847 -0.10080836757897416 -0.07157920684534946
v -0.2662170765108078 -0.11097259573568108 -0.06712744018061376
v -0.24274417868478954 -0.10315404478578338 -0.015026224899517632
v -0.23447987717673838 -0.11278221369229219 -0.02294712903578552
v -0.23562585984744197 -0.10228621833429491 -0.02308478403516796
v -0.253347676240297 -0.10324392044859931 -0.012185228632380325
v -0.23161648886890684 -0.1659080460551548 0.009184559821993739
v -0.23307848270844495 -0.17126150006202084 0.015057239189367914
v -0.2361186287497238 -0.17601521708171508 0.009820892269254977
v -0.23558320035677813 -0.17169293210985903 0.0038865762996475044
v -0.2683862474325704 -0.20168710141522062 -0.009129683650946577
v -0.2610388576762549 -0.2022801177016676 -0.009568698000037774
v -0.2574245602993627 -0.19459770815666544 -0.009577413554658055
v -0.23070711211768596 -0.1433137968393231 -0.05993691437102068
v -0.23204662057792122 -0.13886803533079894 -0.07068128047721883
v -0.25507990800568303 -0.20692924542879187 -0.026585945160878914
v -0.2794191945046681 -0.23163989502842247 -0.012994195138868231
v -0.2745409394625349 -0.23162966825277154 -0.00973021677224659
v -0.2723035505052298 -0.21900887969009375 -0.009746610134182376
v -0.2781081902263204 -0.2193435489820409 -0.01310983668194399
v -0.2615539572202786 -0.21552615420006282 -0.030346565070292653
v -0.25834859061603155 -0.21352635287515448 -0.024893369013502604
v -0.26023086154415254 -0.22161932283992358 -0.024458780148211623
v -0.2644554177936057 -0.2232841862060973 -0.029165476772391976
v -0.2559892384940813 -0.20595377148774024 -0.06709409255373233
v -0.2517877951479101 -0.19912859434915464 -0.06664523303816369
v -0.2771808267115996 -0.20104722580295414 -0.03305528631757619
v -0.27975804904310486 -0.19942858516092815 -0.021419732004110785
v -0.27935050726827754 -0.18740495480755232 -0.02073399787614031
v -0.24926163017040975 -0.1837124413729448 -0.05267073933223368
v -0.25130676731037893 -0.1933248694511555 -0.053443427810997646
v -0.25006547246855054 -0.19226557788901177 -0.0593202205513579
v -0.2540667020565417 -0.20135170893842702 -0.03367694138143741
v -0.25653087891341597 -0.20779075064360225 -0.03163401759379126
v -0.25593629890554587 -0.20526257717561536 -0.03779284266615632
v -0.2532064806344106 -0.19754619463844747 -0.03881716537023515
v -0.25592634417927257 -0.15515965517987013 -0.08270637422066755
v -0.24323789266799103 -0.15582823015122244 -0.08384194779061264
v -0.27026456027894347 -0.24448937905871093 -0.010305790887578882
v -0.2701294835581992 -0.23881513110499097 -0.009766729470727532
v -0.24403830233000032 -0.10163069054382173 -0.07015183185940513
v -0.23663620119395648 -0.10278059111994153 -0.06626386984975025
v -0.2468714174636583 -0.1736057859347223 -0.05173400579678655
v -0.2768081349056434 -0.17408624122763594 -0.020645078473784502
v -0.24343639474997408 -0.16406212428211825 -0.05094497816342206
v -0.2687325304990467 -0.19446706589454793 -0.07382442541432961
v -0.26199944709896633 -0.19508395983495358 -0.07839192157411837
v -0.26353142767571514 -0.2024007660436271 -0.07613130482574323
v -0.2702394938894176 -0.20193117739130884 -0.07454550506339244
v -0.26817812964979254 -0.23435636266791776 -0.02855959659474882
v -0.2637634737123522 -0.23371953825014158 -0.024013029333734535
v -0.26581780554028756 -0.24087819082189094 -0.02435198457611105
v -0.270127663098126 -0.2412678260854776 -0.028382696575211076
v -0.257293406249526 -0.21131916698735448 -0.0195200601295843
v -0.25887223414252025 -0.2098225618493531 -0.013918633807120925
v -0.2612357516687661 -0.21901061655985327 -0.013515358664609366
v -0.2591220638492905 -0.22012050252852444 -0.018908942091318708
v -0.264049728151674 -0.20966304007381054 -0.010283686600562664
v -0.26633781451259064 -0.21882290381385194 -0.010066646807260554
v -0.27490244823092785 -0.23437566177570412 -0.029633845368694907
v -0.28063092818399205 -0.23323414071667015 -0.025512185959386695
v -0.27877653893152365 -0.22132042682512004 -0.026562725615508508
v -0.2720114014709388 -0.2235862473296481 -0.030216634702011837
v -0.27319047316502454 -0.1498012697877667 -0.059217106771180195
v -0.26934768002333803 -0.14755555203491466 -0.06722767289667594
v -0.2695367386279681 -0.16022079658353017 -0.0698680994320213
v -0.26965347103725545 -0.1727260729316601 -0.07276732044236575
v -0.26785150637400856 -0.18465761224687494 -0.07494911762625783
v -0.27507430809327305 -0.1885307259822263 -0.06535567464220782
v -0.26469672695982066 -0.15764453394807942 -0.07673026612230428
v -0.2703615169300705 -0.21259428499391353 -0.035701267497427386
v -0.27558030114411064 -0.2114946286050281 -0.0292229849965782
v -0.2757885194204809 -0.21041702020214859 -0.037214173125204184
v -0.2402806359265314 -0.16328787549453477 -0.05802217636767152
v -0.269093842670483 -0.23171770916208728 -0.009627333265123463
v -0.27053933298221006 -0.12268601525687617 -0.021919676906026253
v -0.2753435490013516 -0.12260496508282526 -0.03374444752106725
v -0.2759688306727213 -0.13258142646293186 -0.03414311291791899
v -0.2701840143318202 -0.13144642021621505 -0.020494183742030693
v -0.26226224920475794 -0.23277810280186295 -0.018340303165773824
v -0.26407235504701904 -0.23222459798601125 -0.012814677491935315
v -0.2517242254454231 -0.19828467420519913 -0.07355352567374611
v -0.2558814016968331 -0.20423619335450216 -0.07267400094817053
v -0.2578215630183682 -0.20389045533918548 -0.0767357660949872
v -0.2548149686135134 -0.19893648836869204 -0.07903134165157275
v -0.26454125040299864 -0.14563194281636754 -0.07402728914677595
v -0.25644955783840184 -0.1828129083205291 -0.09264054070524347
v -0.26547980228073065 -0.18447172986794957 -0.08753375835172154
v -0.2691018224726345 -0.1360764618845215 -0.06581613763052309
v -0.2732229352390052 -0.13794693962167587 -0.05751474847365734
v -0.2732925186387082 -0.12853010697959716 -0.0562933866503321
v -0.27679942295660537 -0.19677732305430629 -0.05474322251934129
v -0.2758600205702686 -0.15254005419218397 -0.0512783624006325
v -0.2754431068787999 -0.140063658253667 -0.049504290280871006
v -0.275296865977665 -0.1297945909766915 -0.04698960148278041
v -0.27538318156875885 -0.12131330880276359 -0.046079060809932224
v -0.2730557900898707 -0.12032671264833805 -0.056202562324196986
v -0.2821349280901281 -0.2322572316339102 -0.01876950263492463
v -0.28105399561001176 -0.2404954652951692 -0.02470307404122007
v -0.2727737641894623 -0.1107529241755777 -0.05694759600653512
v -0.2724079715316573 -0.09960232434418415 -0.05862502338933045
v -0.27492637405606785 -0.10073365980706772 -0.04758260020919382
v -0.27523422748404386 -0.11211284354586426 -0.04626715785163641
v -0.2764978843732015 -0.1424960891340819 -0.0407641047137592
v -0.2762258391144514 -0.14435890959365438 -0.03149558758601336
v -0.2774004721799758 -0.15514108324437037 -0.0428114450307506
v -0.27753036062890457 -0.15791470269445312 -0.032726106526627816
v -0.2810617998306928 -0.19742065846889478 -0.044288006731228194
v -0.27735799472665257 -0.2558018622135569 -0.027169147246767097
v -0.27659595351020666 -0.24743447374540423 -0.02781044298108827
v -0.2711776888833722 -0.24745635751257894 -0.0284928253398229
v -0.27274763868649987 -0.25591039757166584 -0.028286118865144937
v -0.2760251215140512 -0.24116891802834733 -0.028647311860135645
v -0.2810160788124391 -0.24669960976297317 -0.024001922722889518
v -0.2744496845461889 -0.1603193679410455 -0.020273366692128557
v -0.2604606965311586 -0.21263434406828646 -0.03718226841138955
v -0.2698983291555866 -0.14506952462957434 -0.01695944303285794
v -0.2694200210147897 -0.1655809046117912 -0.0074152784746533374
v -0.265398337358515 -0.1551642621596951 -0.0038679489760677917
v -0.2621630187516333 -0.1290203732852424 -0.009673120903294507
v -0.2608713184989177 -0.13853832412926875 -0.004263281973252968
v -0.26307190847708684 -0.1135738471122626 -0.01457648974318642
v -0.26263629965150226 -0.12131149903797656 -0.012735573172186711
v -0.26372077462230253 -0.10305488921899952 -0.015399159377917386
v -0.2586387899419883 -0.1501887141653624 0.004537942866126755
v -0.26645037298781876 -0.2527284063160738 -0.014760886238785796
v -0.2653116068326462 -0.25347426140650825 -0.020559072800862346
v -0.2708900122944711 -0.11414867872945889 -0.02303263966597155
v -0.2712815953311684 -0.10328691646449212 -0.02405144688627022
v -0.23343456466447748 -0.16811259902156483 -0.0032998099705823613
v -0.236727945514186 -0.1541322415703006 -0.0551601030240954
v -0.2396794937535714 -0.15487816415396638 -0.04988902247065924
v -0.2335210802585328 -0.14783287772420695 -0.07348655689830051
v -0.2328469079841148 -0.1520025337240904 -0.0627749596558647
v -0.27523731720031464 -0.10217239637016834 -0.03569370834529047
v -0.2265300746377401 -0.08904969180022182 -0.038782501794134075
v -0.22628841793745547 -0.08928598686200706 -0.048725062858582094
v -0.27367305730603947 -0.08637709960818496 -0.04991021522357223
v -0.2701364832514807 -0.2527364579591034 -0.011072165244318763
v -0.2657106289995399 -0.21333615618320834 -0.05705761978147683
v -0.26630959079522176 -0.21185910650054418 -0.05955600186260952
v -0.23361501146916472 -0.15988263425752797 0.0152168816371569
v -0.23525963336923975 -0.16733022873156062 0.0199029223867025
v -0.24752462281388563 -0.1671457108372379 0.02202932802167776
v -0.24068200609624568 -0.16628729235503426 0.022442277431480605
v -0.24039301536435728 -0.15743768366827504 0.018730917617205054
v -0.24872032882869177 -0.1580944561417677 0.017467529263077305
v -0.23463146781090607 -0.1450847789999088 -0.04835847488042931
v -0.23299023987569753 -0.14508657472723419 -0.05328612034660344
v -0.25475385110355475 -0.14434959556303917 -0.08010091603572626
v -0.24270603459116064 -0.1451772549330279 -0.08125214507124753
v -0.2706481078322359 -0.20950832381200168 -0.00986253187361412
v -0.2753078328330376 -0.20064593692146826 -0.013143698814069207
v -0.2765739851932638 -0.20930364355196734 -0.013728237078825067
v -0.2809342529990199 -0.21961273689749444 -0.019566796691837276
v -0.26625817588555584 -0.21476410439451032 -0.035314250490280086
v -0.26883097034138975 -0.21643845929349625 -0.03138587405856994
v -0.2275729576331582 -0.13871377576768257 -0.027128421985705163
v -0.23461660479802085 -0.15016971996153816 -0.032572344564574966
v -0.2420079980094021 -0.17576950485986242 0.0002263176503559937
v -0.2435118034862184 -0.17831551811391272 0.005882086086566244
v -0.25228010546809354 -0.19459537419170692 -0.04617806391478088
v -0.2779300877792485 -0.2088127347815013 -0.0524436933490578
v -0.28093712345064004 -0.20807597312719356 -0.04433680775597539
v -0.2548088567829923 -0.20299790679342622 -0.04609209971154296
v -0.279191757481828 -0.25377756192527495 -0.012726994433065485
v -0.2745529246128612 -0.25330313753730127 -0.010263171500406388
v -0.27980413742640087 -0.2093788257843726 -0.020834865619790508
v -0.24793805243203912 -0.1907134601868653 -0.06629106422414183
v -0.2737936354136843 -0.20469718206696985 -0.05940150022238179
v -0.2725562853540875 -0.21153862239151788 -0.056049633958107026
v -0.24878421528740574 -0.1816367201985507 -0.09105243163756936
v -0.275206608217027 -0.11356149286246031 -0.03449029527002842
v -0.26634130787156557 -0.24671100495236764 -0.025275525149602875
v -0.26732888940552985 -0.2546407592393168 -0.02623872918931248
v -0.28066181571128734 -0.25494061328869655 -0.023670533009887505
v -0.28166477496367515 -0.25405323736062785 -0.017978405571218707
v -0.2411886981637263 -0.13572153779988017 -0.077792192867626
v -0.2415404960721046 -0.15586050570304233 -0.04585050524982576
v -0.22858993562953414 -0.0891766557873967 -0.058277430249660755
v -0.2559348418519474 -0.15998575314378344 0.012234262626925294
v -0.25315217054798095 -0.16956450798345424 0.017911295699768046
v -0.2581194408316438 -0.21063207663529765 -0.046303325798430536
v -0.2652143707996619 -0.18936945811727718 -0.08139591863363713
v -0.2755725071323004 -0.1971930808568375 -0.06727385952235608
v -0.27644639145694794 -0.20380810382415881 -0.06901239116149292
v -0.2756775292884789 -0.2082634916865615 -0.06251822582255771
v -0.271467956872145 -0.21211307394679713 -0.06088517640351113
v -0.2808324866042223 -0.261491497376037 -0.023698132333555187
v -0.2817685599830508 -0.2608860725558654 -0.018100960361942423
v -0.2794300822690073 -0.2609285173854607 -0.012909452283234788
v -0.2747858199586359 -0.2600066624816346 -0.010740694887518137
v -0.2704783277550526 -0.2587647519589311 -0.011846594218082228
v -0.277809184161239 -0.26218750280574477 -0.026949020891461922
v -0.2733461284269596 -0.2618962967461407 -0.027982869255750633
v -0.2681942504666497 -0.2603380129310793 -0.026079252265970486
v -0.27773778885150924 -0.26764782395859715 -0.02709638621090537
v -0.2808146089532293 -0.2682086771289436 -0.023783658470909425
v -0.2782609344755351 -0.2739850360775217 -0.012692285723271633
v -0.27969026922415097 -0.268270825404211 -0.013302913699281544
v -0.28053856247606557 -0.27133909174496523 -0.01553585113817973
v -0.2803163838319433 -0.2750026161384624 -0.015232225575629999
v -0.28022464774188877 -0.2793914493496441 -0.01568590493498157
v -0.2775959904826623 -0.2788053581202855 -0.013686286718328423
v -0.28159201420860747 -0.2704695600291792 -0.018515124511810737
v -0.2817201341212192 -0.2747753373810936 -0.019014884916023257
v -0.28091117651522646 -0.27458661452545474 -0.0229938895048303
v -0.2811035071003105 -0.27898868919994463 -0.023531981012970098
v -0.2818628720042716 -0.27937241359454423 -0.0196248479065469
v -0.28111258145299034 -0.2709877200822773 -0.02185322632768876
v -0.2818857449072257 -0.2667234256822646 -0.01821522471147128
v -0.27774256662536234 -0.28275841605366564 -0.01600954640946878
v -0.2802235279741785 -0.28241893920997957 -0.01658739917291278
v -0.2814726188913142 -0.28337892018989785 -0.019930139488940464
v -0.27877300580084485 -0.2848160094100867 -0.020359542600374203
v -0.2751142499189743 -0.2659252415603865 -0.011176026610879604
v -0.27476891961488753 -0.27257320223326464 -0.012185902105813782
v -0.27441482981387527 -0.2781688630908168 -0.013955176930705408
v -0.2746915618107784 -0.2823568404004192 -0.01668543027229443
v -0.27131269964270077 -0.2721596135763567 -0.01381698304556342
v -0.2717706933403638 -0.2777747038163949 -0.015953397032364883
v -0.272328263761048 -0.2812172507306292 -0.01841257034477105
v -0.26875808188685996 -0.2724223535668914 -0.017305747429276062
v -0.2700825474277916 -0.27777763958623203 -0.018809966412659127
v -0.2676856166908952 -0.26408856287117377 -0.015947268713533788
v -0.27088184342721017 -0.2644568433695457 -0.012342301093043198
v -0.2711545710600059 -0.2802710357474855 -0.019861432615969222
v -0.2756916792969639 -0.2841784467949166 -0.021130027598096197
v -0.27965329331366806 -0.2737439157294921 -0.025686562436611046
v -0.2794165385358964 -0.2788335631433439 -0.02599249626472376
v -0.2773098914194162 -0.2734890539997511 -0.027477779586260406
v -0.276982204896887 -0.27877213848529697 -0.02734242293796795
v -0.2793379399876764 -0.28313570746123845 -0.024829805052075212
v -0.2812866785597669 -0.282453454694486 -0.023410964587224692
v -0.26694496814318164 -0.2582626858258017 -0.015541285540117845
v -0.26621811325857775 -0.25901176324923886 -0.021246347471349153
v -0.26678053369837984 -0.26471848807542375 -0.021496997870069368
v -0.2677295469321063 -0.2726899107690358 -0.022386723606874367
v -0.2689679645437659 -0.2655695982554069 -0.026068490538771104
v -0.27360774897785306 -0.26717217267622967 -0.027963613745946803
v -0.27404747816497615 -0.2731268566745803 -0.027944443245829745
v -0.2702495610339127 -0.2726789340930426 -0.026550277336650007
v -0.27411509817986673 -0.2783374444600452 -0.02732793912100069
v -0.271498059701396 -0.2780614158563102 -0.025878582847588257
v -0.2700087970027485 -0.27811127626674287 -0.022502309181016533
v -0.27392281482948355 -0.28175531563426254 -0.025480781922873896
v -0.27660864645418515 -0.2828749780213523 -0.025494706561402576
v -0.27336175311809535 -0.2826532863622042 -0.021888218767849684
v -0.2723104893087886 -0.28056486810484765 -0.024782434342332692
v -0.2716959100457588 -0.2807465840264222 -0.022289330675375904
v -0.2688910678970235 -0.25091139280741287 -0.04689674624350279
v -0.26754579217666535 -0.2506747042717516 -0.05224754244905982
v -0.26715218385113565 -0.24334524203088115 -0.0506171251709211
v -0.2684841313946433 -0.24367882361255938 -0.04539994261604193
v -0.2819511415260394 -0.24946603840111387 -0.04364848999086677
v -0.2763535040136278 -0.25044169409486006 -0.041733297953922915
v -0.2766455247208907 -0.24353291515421222 -0.040476537951627166
v -0.28218060518827004 -0.24255914629309683 -0.042710681959442734
v -0.28453588797588425 -0.24826694143417288 -0.0494815583014454
v -0.28475573156565054 -0.24137231850393576 -0.048873904661741505
v -0.2816115961062692 -0.234517776946904 -0.041300698068180236
v -0.27582788823505516 -0.23556737178479809 -0.03917993231182098
v -0.27239462096192485 -0.22186835075481004 -0.03777018564945882
v -0.2783966766891758 -0.2207763094166897 -0.039030388604932145
v -0.26255585813607196 -0.2205508476317467 -0.05349209655091275
v -0.2671106053791496 -0.22108062600699208 -0.056791081271599
v -0.2718638304983993 -0.2510083279048251 -0.04331095968500104
v -0.2717330669707453 -0.24391653273708563 -0.04189887791807316
v -0.2704247706500489 -0.2344722604562225 -0.05780877201309509
v -0.2664464451280751 -0.23484228624028297 -0.05439787260470838
v -0.26837023131436166 -0.24308409822235671 -0.0555561736225968
v -0.2719259887042671 -0.2427628492141058 -0.05900703389435394
v -0.26325253403879123 -0.22117090565261505 -0.04121037230501744
v -0.26137425739467596 -0.22048635336146333 -0.047285665894832116
v -0.26749641695144755 -0.2219555048452107 -0.038619574228144944
v -0.27623716431158013 -0.23395450423339803 -0.058752388713395165
v -0.2817578412336171 -0.23344549521699254 -0.05536193357126872
v -0.2800797449692004 -0.21970206485922034 -0.05320915742325978
v -0.2740740815156723 -0.22080855775832042 -0.05705973166803748
v -0.27063559263144893 -0.2357541120668878 -0.04047673076388335
v -0.2651160943636281 -0.23495010343180545 -0.04909914374533977
v -0.2666712870424323 -0.23545948602052924 -0.04378015481795074
v -0.28422281779470726 -0.23330410775349303 -0.04782636294526701
v -0.2820091382040085 -0.24150887714549218 -0.05625275251671824
v -0.278659553734759 -0.25861089200335285 -0.06026041507389613
v -0.27762531014475844 -0.2492518850001878 -0.05982998964813719
v -0.27264726464619626 -0.24988554943696484 -0.06031336220614037
v -0.2740635130655206 -0.2595221357187397 -0.061318056934532725
v -0.2769006356177417 -0.24224445564383762 -0.05937834933894148
v -0.28230001701007673 -0.2484320099923486 -0.05641238637382626
v -0.2695184442126169 -0.26130281135068534 -0.04893153799705417
v -0.26858184602073065 -0.26106538288896036 -0.05434762702691204
v -0.2722475573056407 -0.2611951861372046 -0.04527045254967654
v -0.282746605641251 -0.21942944537117826 -0.04560266850395432
v -0.2817774341485515 -0.25924203282221153 -0.04511576005880487
v -0.2763281663305191 -0.26045966372514 -0.043774640072112826
v -0.2687559179821469 -0.2503930299432325 -0.057257593839662016
v -0.26986078493431803 -0.26027427127554154 -0.05909305334282041
v -0.2828169609506065 -0.25780939999036456 -0.05685698272027394
v -0.28458112148225007 -0.25766143595339835 -0.05045835172329088
v -0.28278510829204667 -0.2655789811346029 -0.05756455588786004
v -0.2843608301423289 -0.2657378964914158 -0.05172321181826293
v -0.2820620950263317 -0.26720836849727464 -0.04652922710217398
v -0.27676020417988356 -0.2676025530374203 -0.04525930671482272
v -0.27291672960238494 -0.2675496554969777 -0.04677047076057592
v -0.2792949998526342 -0.2659768753993537 -0.06074662024934492
v -0.2752140447884603 -0.2662069755038496 -0.061681655060266856
v -0.2710206564185735 -0.26625017379572774 -0.059845518767860484
v -0.2798188130843263 -0.27297652482101614 -0.06174173352399282
v -0.2832460223556869 -0.2736490901745085 -0.05892754937744882
v -0.2816986131350107 -0.28677723547227396 -0.050478108255590404
v -0.2818444223818912 -0.28124560660726045 -0.04870213784592516
v -0.2838368834115902 -0.28161045680358976 -0.051379164323563306
v -0.284471088908219 -0.28663395504693645 -0.05212192751161717
v -0.2827989246982333 -0.2750980334092105 -0.048346614986730825
v -0.2839861359434092 -0.2778973683111606 -0.05123532527664389
v -0.2846810773854419 -0.27707842903581453 -0.05425136406459681
v -0.28541721653101654 -0.28127699764348896 -0.055206821799858335
v -0.284063168066024 -0.28071712583282554 -0.05896331737681156
v -0.2849240623507839 -0.28551641296004926 -0.060150632692542054
v -0.2865393642640499 -0.2864012931056084 -0.056159264740251076
v -0.2839824125580386 -0.27700097079569974 -0.057580436879070745
v -0.28497501065907194 -0.2903483105491874 -0.053449420865298136
v -0.28245098274004404 -0.2909679993347812 -0.05360850282390406
v -0.28470625725373805 -0.27273450039707203 -0.05322815065045225
v -0.2776930101058808 -0.2738067411444778 -0.0464746571267553
v -0.27802660549782615 -0.28057305062662596 -0.048086890409613385
v -0.27832301159224504 -0.2865007448214526 -0.05089137395002588
v -0.279139167445294 -0.2906582624868683 -0.05459087164152969
v -0.2743203204016222 -0.28035380166112495 -0.04989969027100164
v -0.2754001794310562 -0.2862748962262356 -0.052658404109611055
v -0.2767687767862875 -0.28966600203633985 -0.055810395854346814
v -0.2716072426970329 -0.280155716936923 -0.05344520128473434
v -0.2735573209468066 -0.2860797085653109 -0.055477395109063646
v -0.2708125938193163 -0.2721713009143106 -0.05145752708853959
v -0.27360891872755627 -0.2728448957427775 -0.04791958749960792
v -0.27536181668897114 -0.288568188220623 -0.056906782906703327
v -0.2840961243360468 -0.29266795087463976 -0.0579707640550326
v -0.28070874351923275 -0.29217186405483603 -0.05871945377514671
v -0.2871581380989508 -0.29139516880276795 -0.05691900068141533
v -0.282219698986887 -0.2800286706324181 -0.060920591189793545
v -0.28276817896782824 -0.28529165442920257 -0.06197652678435789
v -0.28036403004532034 -0.27955130925464927 -0.06289958547339528
v -0.28100452524540176 -0.28533884750280414 -0.06361655148079165
v -0.2840148147026053 -0.2900790530320283 -0.06174856311557417
v -0.28592922733388804 -0.2894351667626899 -0.0604777245330902
v -0.27031671104622873 -0.2671800987689447 -0.05026739964544493
v -0.269491565156454 -0.2666886050115227 -0.055303405439855596
v -0.26971681385851026 -0.27175449901355214 -0.05648420534015348
v -0.270738880437349 -0.27977068723727644 -0.05842800957733407
v -0.27156028122631815 -0.2712564944163372 -0.060751554470653904
v -0.2759766136290103 -0.2722373216560999 -0.0625157953847224
v -0.27702413946002497 -0.27917365583090686 -0.0634596646675598
v -0.27306100025276375 -0.2791138421209787 -0.062260370486490864
v -0.2780799650790928 -0.2850203013560688 -0.0637107401698731
v -0.2748282804412184 -0.28488969491102467 -0.06259561957902537
v -0.27307804759460963 -0.2854545949858662 -0.05938835621162253
v -0.2784541765068919 -0.28908351106292784 -0.06252168400995045
v -0.2813809849567722 -0.29006714538881767 -0.06265636905123884
v -0.27772465679562147 -0.2905883141338208 -0.0592349714075659
v -0.2761596093901962 -0.28797839635845734 -0.06190815358194468
v -0.275544431032195 -0.2886020354521643 -0.05949636691403626
v -0.2669733148669439 -0.23930627352531236 -0.07249386420825418
v -0.2637578093291827 -0.23808351191497013 -0.07681139775019906
v -0.26357322560792484 -0.23215882229450413 -0.07490453407557586
v -0.26652867072073233 -0.23365489382833327 -0.07055142712268204
v -0.2787819674684276 -0.2380225052826203 -0.07275692154618589
v -0.2757209282830029 -0.23924863292729392 -0.07085332551841177
v -0.275408687382602 -0.23333658745655395 -0.06844860424684693
v -0.2789557280037196 -0.23137989000356707 -0.07026135649244257
v -0.28001206873535983 -0.23636957415657361 -0.07747385583703613
v -0.27994263826620047 -0.22914078287897433 -0.07553065987251933
v -0.2785442323925571 -0.224885539003291 -0.0679574940706608
v -0.27433662451261404 -0.22733013797750007 -0.06603761252455607
v -0.27199463854293454 -0.21764678131325105 -0.06315336596954382
v -0.2770132361552765 -0.21509775461358782 -0.06496410825212773
v -0.27153403270712584 -0.23981185599710947 -0.07078842300299105
v -0.27099692901354866 -0.23407097874338806 -0.06862932246369968
v -0.26349609642387783 -0.22285915601910733 -0.08022800372953684
v -0.2614058984061641 -0.22397252934574158 -0.07718860655204623
v -0.2632383000441561 -0.23071706660927144 -0.07931581316496505
v -0.26538365323635 -0.22966834031959582 -0.08210530326717605
v -0.261830832226074 -0.215979238339775 -0.0649280856236138
v -0.25898641653674764 -0.21372482744341575 -0.06926221826908754
v -0.26652769243033636 -0.2176263379914814 -0.06324229582244016
v -0.2689492470686581 -0.2219245474743079 -0.08170772656924308
v -0.2756213251131776 -0.22108222150800577 -0.07981485388471993
v -0.2728395826051606 -0.21048004148925475 -0.07687130836795289
v -0.26589849920953734 -0.21090395460793365 -0.07802181609326458
v -0.269452805123301 -0.22823035457741492 -0.06630977764316263
v -0.2614509849952156 -0.2256994589345251 -0.07261089345618707
v -0.2646480997463091 -0.2274751864108877 -0.06819849427620647
v -0.2794204153526736 -0.2220221705226616 -0.07370064825782331
v -0.27634943393298517 -0.2280657668575906 -0.08124201346645876
v -0.2728077233360495 -0.24531968285859196 -0.08728020832057691
v -0.2712865024947847 -0.23512814538903903 -0.08501546472509226
v -0.2660205390809152 -0.2358276590629209 -0.08447060153694656
v -0.26813115070778043 -0.2458051326225072 -0.0873181586075996
v -0.2703094513626074 -0.2286547004235323 -0.08344842442090714
v -0.276929778593017 -0.2352439243153968 -0.08272721220244991
v -0.26746852221803935 -0.24835654389770212 -0.07558992121167325
v -0.26474710323661443 -0.24727775507197908 -0.07998675369974889
v -0.27164868078437315 -0.2488023732693288 -0.07398782780473934
v -0.2779791892409119 -0.21193219946756553 -0.0710819950590995
v -0.26013459108983394 -0.21144386619433697 -0.07717207028683166
v -0.2786140787610326 -0.2478564040640317 -0.07561011090436692
v -0.27564696976127556 -0.24866072543063122 -0.07389355040560913
v -0.2633185656656385 -0.23663895373771948 -0.0815419759328399
v -0.264823608508244 -0.246165826478369 -0.0846709696346018
v -0.2776417005481991 -0.24533967315795246 -0.08490469114102814
v -0.2802461903272182 -0.24617292615809294 -0.07985534744197884
v -0.2780977086070608 -0.25213925104242013 -0.0867010344277662
v -0.2803337204253979 -0.2530954649685938 -0.08169191217584745
v -0.2791070670212964 -0.2548835398942914 -0.07746752383664385
v -0.27568571969078726 -0.2552733033182869 -0.07588773541819084
v -0.27177845597317934 -0.25480227519031157 -0.0761768136022377
v -0.27363521850372363 -0.2522476066566378 -0.08899660900286452
v -0.2696117264956205 -0.25232942424233124 -0.08868517158329822
v -0.2661216399662312 -0.2518956652995693 -0.08611360416506587
v -0.27403321705835704 -0.257232537078119 -0.09046634927438826
v -0.278274898369265 -0.2582891987645371 -0.08818049353316573
v -0.2790129350142517 -0.2723876086974137 -0.08157444612971643
v -0.27877522382326664 -0.26758954157941944 -0.07996831073149338
v -0.27968991379275604 -0.2673310145404209 -0.08214797861530304
v -0.28053579916613264 -0.2717772849119034 -0.08326303523185218
v -0.27953721951656163 -0.2614417116470656 -0.07936237670733556
v -0.2799956950722955 -0.26367293187659846 -0.0816453452934994
v -0.2805576106722175 -0.26213922364690495 -0.08435769947621943
v -0.2810588068982318 -0.26626723658677315 -0.085561507521965
v -0.27880656530097164 -0.2646197283313808 -0.08892408923044996
v -0.2793865036235008 -0.268936301633065 -0.09021799611225068
v -0.2815403001865967 -0.27072316183693473 -0.08679912559337571
v -0.27945443156458927 -0.2614408581039005 -0.087422255965935
v -0.28097212247964176 -0.2746456560727939 -0.08462947108613116
v -0.2794165148611585 -0.27573346774431384 -0.08407148027394205
v -0.280466396697725 -0.25853874519768055 -0.08328398663212173
v -0.2758193017016302 -0.26086383518397455 -0.07722562356924957
v -0.27577491486421535 -0.2669928854529913 -0.0786923018404978
v -0.2760626322572829 -0.2723781129658703 -0.08096215867302396
v -0.2762605568685428 -0.2754013018057782 -0.08398787504265308
v -0.27220751496812556 -0.26603211174811914 -0.07942628043718097
v -0.2727212167029287 -0.2713541979065078 -0.08166439249289154
v -0.27314837859685354 -0.27400029085973376 -0.08436473427050176
v -0.26910688938453026 -0.26479795509527926 -0.08148483355648091
v -0.27031699545766696 -0.27015024357049516 -0.08354216536311977
v -0.2686627841055863 -0.25842940958025556 -0.07963405641881798
v -0.2719435234677921 -0.2597689317530728 -0.07770853876632074
v -0.27143437736860404 -0.2724990366987392 -0.08501635119148501
v -0.2794410722371382 -0.2758385144079185 -0.08823036756855993
v -0.2760040986985454 -0.2755667314754013 -0.08848083578397206
v -0.28169362786755353 -0.2743920678825669 -0.08780030449223342
v -0.27700024977480675 -0.26339867666021893 -0.09070502990076282
v -0.27726143897993677 -0.26822494735703684 -0.09179236290978539
v -0.27399281982322043 -0.26276220986719195 -0.09162374781257118
v -0.27463943371434235 -0.2680652419287529 -0.09245825343266555
v -0.2782813120324335 -0.27247779313159565 -0.09145079337033644
v -0.28008805596565745 -0.27219993799325376 -0.09048349137552973
v -0.26821861194105295 -0.25377659231299665 -0.07800511864264181
v -0.2659473409417908 -0.2524596506620195 -0.0816976112324167
v -0.26658632783142244 -0.2571230743828088 -0.08306005653917276
v -0.2672441267957672 -0.263830943733907 -0.08511665673068976
v -0.26676276257872134 -0.2564067753691642 -0.08718540812747216
v -0.2701076308621567 -0.25698808572871396 -0.08972337841935712
v -0.27075017864641987 -0.262617198727918 -0.09112355969108421
v -0.26780906539326876 -0.2627625165963932 -0.0889951695144013
v -0.271789699142247 -0.26790460462169624 -0.09193306748612072
v -0.2693126288171918 -0.26818417077434215 -0.09019846501823993
v -0.26886896046148034 -0.2692428490987405 -0.08675688338210463
v -0.2727439941388679 -0.27177990816249215 -0.09116326585929727
v -0.27547874981896964 -0.2723216648157028 -0.09180719060485383
v -0.27305912681970357 -0.27406702996434806 -0.0881113331987577
v -0.27077629159729966 -0.2709844492626821 -0.09009376474929305
v -0.2709188548412158 -0.27220129946596305 -0.0875408932832836
v -0.25867711883594124 -0.2120041812839606 -0.07380966631894785
v -0.2566068618469697 -0.21505835954703784 -0.09816900699302553
v -0.25384363984604275 -0.21327533351519884 -0.10052152037977734
v -0.25379308585225124 -0.2093229419237535 -0.09770350894159316
v -0.25641151729017575 -0.2109122548327047 -0.0954250046744549
v -0.2673168616747357 -0.2142698752291926 -0.10016538029713805
v -0.26456690169265235 -0.21596502904492293 -0.09764831443435584
v -0.26457227911982245 -0.21154586980257195 -0.09434057750228389
v -0.26783954072048605 -0.20957975055765043 -0.09688937476460494
v -0.2665462017773545 -0.21141456941147924 -0.1045860930107248
v -0.26712853952295507 -0.20652722080189967 -0.10164100914197052
v -0.26726117357648854 -0.204424131890793 -0.09281836267801608
v -0.26375318285612925 -0.20676310510813695 -0.09024273672378862
v -0.2621019083011143 -0.1988672129824554 -0.08445950736249015
v -0.26609326014066026 -0.1957362071111864 -0.08644351392366918
v -0.24972058697247498 -0.1866363033736016 -0.09238518529638302
v -0.2475419505010904 -0.18849056885830884 -0.08867814744311223
v -0.24912183390142065 -0.19489969107758787 -0.09244227173713106
v -0.25031393368685145 -0.1924449693015695 -0.09576762049478975
v -0.26053159638450224 -0.216117609802908 -0.0972391975169681
v -0.2603080045385461 -0.21189280314806913 -0.09408201891413283
v -0.25210635009123056 -0.20091304944410254 -0.10082173672762594
v -0.25119790152443855 -0.2032355998471823 -0.0976231363938229
v -0.2525790538272156 -0.2074496357847878 -0.10075387849565991
v -0.2533185174211746 -0.20554004560948358 -0.10384156955702661
v -0.24779655972597167 -0.19136875988594093 -0.08487062954211103
v -0.25009011153285393 -0.19473822821829667 -0.08126416608900405
v -0.25308183230597914 -0.19892010028184415 -0.08588693215965022
v -0.25015420292717633 -0.19730224660422374 -0.08908327924737175
v -0.2569145349096994 -0.19977581178419124 -0.08472329612127297
v -0.25572896351012236 -0.19926792393061432 -0.10261188498145167
v -0.2615934194620975 -0.19932098587029784 -0.10173707041328203
v -0.25984326111027156 -0.189764462242606 -0.09646985525007701
v -0.254080696302815 -0.1907306221230341 -0.09728164965948882
v -0.2592949541434361 -0.20735261108919428 -0.09053585183576807
v -0.25246442749539344 -0.20521700788274044 -0.09437872193491581
v -0.25545548635426235 -0.20679962924641 -0.09166094669858932
v -0.26694658938807525 -0.20106555287853223 -0.09781249381481905
v -0.26225350061663943 -0.20471501969218348 -0.10505700408873617
v -0.25694567791341216 -0.21469648899506866 -0.11235885645043675
v -0.25692155552572 -0.20852503320215515 -0.10867246460036226
v -0.2532784666095176 -0.20931914827692683 -0.10708741698977832
v -0.2536187394201933 -0.2151042100072732 -0.11097387524480286
v -0.25678675434731707 -0.20435565682949214 -0.10569978452776195
v -0.2620287071572493 -0.20929634161146315 -0.10792431098630748
v -0.2568783927162109 -0.22095186623552138 -0.10162218548418327
v -0.25390766333349135 -0.21884808559590946 -0.10406979619760126
v -0.26057676349862235 -0.2218548084372478 -0.10091676528778767
v -0.2664928268083238 -0.19174111989535841 -0.09168688219310903
v -0.2668120845441475 -0.2205626625874757 -0.10384753550656214
v -0.26416618762696753 -0.2219779972088861 -0.10147880177016752
v -0.25255047137231 -0.2112689062907699 -0.10372747116548431
v -0.25274830641663043 -0.21674224480345322 -0.10765322749853173
v -0.26176573658195595 -0.21559515714688116 -0.11147469624809266
v -0.26605910629501645 -0.21770279931231828 -0.10796577195429542
v -0.2619058540670869 -0.22071666682763003 -0.11444226266815154
v -0.2661556629089054 -0.2227176310722188 -0.11087319958777345
v -0.26661391737196966 -0.22543437299783953 -0.10650695561842106
v -0.264129909999277 -0.22644018483038003 -0.1039559825619079
v -0.2606807387528913 -0.22568483367756864 -0.10328181099252058
v -0.2571512465504545 -0.21978838985905047 -0.11515153878468981
v -0.25431958504936547 -0.21991597538702384 -0.11336444563321038
v -0.2535919614451369 -0.2208389177808272 -0.11000368357115387
v -0.2577627068107969 -0.22431411594641787 -0.11696732045507126
v -0.2624070962806257 -0.22592110537802934 -0.11661833833540232
v -0.26489617340428506 -0.23905023508655726 -0.1119367630252563
v -0.2653374766012443 -0.23534899421169797 -0.10998671697925175
v -0.2658463451196774 -0.23472331460683027 -0.11209849115748552
v -0.2659667613852135 -0.2381107279543062 -0.11346880837260918
v -0.2662253141091593 -0.23013083567534748 -0.1090172970985936
v -0.26633463920902356 -0.23140404969050055 -0.11142921347326072
v -0.2659319566635517 -0.22940945460132828 -0.11379823238507264
v -0.2660981227741571 -0.23285314615406044 -0.1150963359524771
v -0.2638031549385421 -0.23105307859707075 -0.11798324098115034
v -0.2634681417181813 -0.23490633163953362 -0.11954536385588077
v -0.2663940096606111 -0.23641627088464368 -0.11672296843449566
v -0.2641801426241592 -0.22871824958635706 -0.11641429631540917
v -0.26632077524245445 -0.24036312163203144 -0.11500062650989402
v -0.26486154972395204 -0.24156755299396626 -0.11458772783680786
v -0.2660139600637648 -0.22681114195199464 -0.1126891501929484
v -0.2639799012649757 -0.2304085297531665 -0.10634104844131094
v -0.26360477518545333 -0.23540052847696114 -0.1085640631782543
v -0.26302988872610794 -0.23967880842093303 -0.11127192134493427
v -0.26228741376667136 -0.2418127527047499 -0.11444321698045862
v -0.260970703232048 -0.23429958438559817 -0.10814289596524039
v -0.2606743642782463 -0.23879045953450362 -0.11113380679858081
v -0.2601443162508509 -0.2406655818489145 -0.11410478721432175
v -0.2580277561494482 -0.23265871839012048 -0.10872919424612164
v -0.2583684515439323 -0.23724028683793114 -0.11166790646233818
v -0.25772251676906155 -0.22766165467366895 -0.10617976374816428
v -0.261041948196257 -0.22930856651552012 -0.1055228373766069
v -0.2588340872619851 -0.23931470446201458 -0.11374769702890447
v -0.2638701286239911 -0.24099666787302076 -0.11835531062579259
v -0.26124569604280384 -0.24112595769114364 -0.11768587339718345
v -0.2662453445701567 -0.23944049792293676 -0.11824113469701894
v -0.26116454637609926 -0.23013548235516096 -0.11906491093393634
v -0.26103377721539867 -0.2346650439713704 -0.12063871882206638
v -0.25806953309579134 -0.2290796976271594 -0.11872853394896636
v -0.2584793793012694 -0.23447679964222368 -0.1200685618533463
v -0.262050294607059 -0.23833595646278222 -0.12057261205397003
v -0.264020965571591 -0.23758292852438617 -0.12026138194299357
v -0.2572842555135199 -0.22441772990682102 -0.10409184810054316
v -0.25461468680634614 -0.22252402891882844 -0.1065127310406772
v -0.25501342656651466 -0.22586372175112635 -0.10849911391678072
v -0.2554682462879125 -0.23086008377729555 -0.11083342013420065
v -0.2539518392521554 -0.22453937671096708 -0.1119207683789411
v -0.2547774067940854 -0.22393914254174346 -0.1151877417462691
v -0.2555990385994411 -0.22920907391747458 -0.11720778255505937
v -0.2544277466395356 -0.22976326175102368 -0.11421112191477692
v -0.25662257763297014 -0.23464643854182315 -0.11849155925783184
v -0.2557936696183611 -0.2350658545305953 -0.11607050209847325
v -0.2565353495924198 -0.23595068182619444 -0.11338454961948478
v -0.2581271169797381 -0.23844118705481193 -0.11813958912374148
v -0.25975512530448497 -0.23865950745349018 -0.11971910143308447
v -0.2593087629786083 -0.24033042710504593 -0.11652295790691654
v -0.25720103038126274 -0.23794873262379324 -0.11668492629378668
v -0.25789945727812047 -0.23897515632614513 -0.11529972175617935
v -0.25301876048375516 -0.1860753825724457 -0.09411715244621185
v -0.25346204696731556 -0.18207252634360643 0.01907160590614789
v -0.2515800876252479 -0.18460762281410337 0.014957856700982633
v -0.23562664907475936 -0.18272256366363615 0.016157047511978172
v -0.24113963488049578 -0.1853737186574182 0.013270941056318111
v -0.23383759363945403 -0.17902293115907997 0.021321004920026334
v -0.24068361489758172 -0.17574926580681238 0.02796638464440134
v -0.23613969117372624 -0.1768151135120153 0.02559805112686795
v -0.24739601605282877 -0.18616045794050817 0.01272474905776135
v -0.2524284140337087 -0.1789467160234129 0.024192352641091836
v -0.2470883811144186 -0.176274919096171 0.027933780254399944
v -0.2527222169440049 -0.18713516398735408 0.03029970355025253
v -0.24719335997807335 -0.18474228913075208 0.03438720238969251
v -0.24014462789535249 -0.18391675757039277 0.03435886422547824
v -0.23544505181755832 -0.18423538517282162 0.03066647629481093
v -0.23317180331261647 -0.18535762412305556 0.025591330543202638
v -0.2541685275936637 -0.18951194097554086 0.024430697270728847
v -0.2518411240828616 -0.19107629532947734 0.019558422780395452
v -0.24655142036575625 -0.19143204303492517 0.017099845593974122
v -0.2544551968151082 -0.1966883617744587 0.02954478396761958
v -0.2532435522374713 -0.1970008993625525 0.037135020864934296
v -0.2395976365077419 -0.2027171599940899 0.04600393077898855
v -0.23902522234392776 -0.1982465091208872 0.043696817898713054
v -0.24295984811848031 -0.19878465781276172 0.04558267287871824
v -0.24321575670486795 -0.20193492932151463 0.04809140131512827
v -0.24036280833757095 -0.19315261815969803 0.04105249120746372
v -0.24364485285683496 -0.19639714108238954 0.04374624048068182
v -0.24820411326372885 -0.19731479282056075 0.043333135688347235
v -0.24864678132454884 -0.19959894692226332 0.04570567306911007
v -0.2519857278861409 -0.19897846540349268 0.04171476351286341
v -0.25313634653777606 -0.2016248367640731 0.0430906558500238
v -0.24889051579352928 -0.20265226377746393 0.0486176940076559
v -0.24424386019822872 -0.20517872592296127 0.049902236939754555
v -0.2484836275875758 -0.20633747551488824 0.050058703400666836
v -0.24191083500898894 -0.20688844413298774 0.048253801500276
v -0.24773642663256099 -0.1938057611787702 0.04015366180603857
v -0.2352458060074421 -0.19131654354651845 0.035904838825836324
v -0.23563873909204266 -0.19811417270392367 0.040049863520524365
v -0.2371048923594472 -0.20421072362386045 0.04289376231817755
v -0.24034016465924699 -0.20885248319917438 0.04451979316777969
v -0.23416983933102087 -0.19941680695028563 0.03472878953708539
v -0.2368749152657192 -0.20582876885601004 0.0382018310793102
v -0.2402616635241581 -0.2093474551242871 0.040152999742982386
v -0.23627467936661486 -0.2013493153515602 0.02955838157399432
v -0.23887871480126083 -0.20694955131784482 0.03440963591832655
v -0.2348121790503758 -0.1931962513792888 0.023971045200915867
v -0.23296957590136258 -0.19164004617688846 0.029931121866249452
v -0.24079266077060713 -0.20930902050611078 0.03709187714502657
v -0.24690389934115575 -0.20995505543187198 0.04841219791504898
v -0.24536822637122255 -0.21139198728584596 0.04401825152889565
v -0.25443601627524487 -0.20289520188518279 0.03895356404233885
v -0.2532151455380833 -0.20466035118862524 0.0456034378327524
v -0.2539900143957226 -0.2069458285120791 0.04187096215725862
v -0.25417262329646206 -0.20352408417243606 0.03394856511072056
v -0.252740200445752 -0.20841945811130969 0.037848118544214736
v -0.25197201729642127 -0.20961304452927504 0.045235375324492615
v -0.252344699127633 -0.20705002641795422 0.047974304217692935
v -0.23481586034702764 -0.1875707528923241 0.020358221764461115
v -0.24001102718670955 -0.19008683654183828 0.017542522732442573
v -0.2405430285023287 -0.19536680128596018 0.021009852945717254
v -0.24116118458995348 -0.20279672894104106 0.026425841373786948
v -0.24708598213719943 -0.1968523407497122 0.020762447656667776
v -0.2525881470247301 -0.19738403010995437 0.023921149407246146
v -0.2519762742741835 -0.20451358334059144 0.029379427969337124
v -0.2472020301840079 -0.204222587530768 0.026518001046949125
v -0.250367494292412 -0.2092355290224161 0.034350400918775545
v -0.24682430892348808 -0.20884354088201385 0.03224464257962603
v -0.24251344426931873 -0.20803484985688303 0.03244674403480633
v -0.24784168544815163 -0.21110502720806307 0.0379238542090097
v -0.25007655703050785 -0.21109260717961337 0.041442833561710246
v -0.24425383303732875 -0.21102623177889906 0.0399784624371299
v -0.24613340412546883 -0.2103928746439579 0.03572358314147378
v -0.24346711718212424 -0.21006621232489037 0.03653105872587894
v -0.24464102589439 -0.18360306391871306 -0.08638944183233536
v -0.24465706105004856 -0.18655063635458824 -0.08093682650719475
v -0.2420231919664208 -0.1797475942727787 -0.07874814581136695
v -0.23906613538393764 -0.17138800144457778 -0.07687181462113399
v -0.23888211807327198 -0.1625016697750224 -0.08091701220459145
v -0.2402722799621523 -0.17287461282553163 -0.07034448777758692
v -0.24322538699538873 -0.18133001064963034 -0.07248637238727142
v -0.2470210745732858 -0.19049347317559306 -0.07483065216858233
v -0.2398870740388267 -0.16721651689713524 -0.06326022876962434
v -0.04008083275785804 0.6175489697434959 0.09523712618926077
v -0.03685369023751508 0.6186345131472382 0.09702742275247724
v -0.03865959074977977 0.611354196885328 0.0942325268960569
v -0.04120699738164778 0.6116464961845284 0.09268689987377694
v -0.031770029919975656 0.6115222926416322 0.09716630283980465
v -0.03569783126148821 0.6111622142096291 0.09617601396014774
v -0.0322688261283489 0.6192967233047046 0.0984688280949245
v -0.02684476471584442 0.6190258761924372 0.09837014408556123
v -0.018967372161795587 0.6149603311255882 0.0956228098714566
v -0.017232568211105727 0.6135469701218421 0.0956970964622251
v -0.018013851713133276 0.6125764817524508 0.0961576172559363
v -0.020289437517630324 0.6125393844374254 0.0963196753005758
v -0.023945402419262997 0.6121771838365387 0.09729485491268289
v -0.04428737586216951 0.6139003226721891 0.09032619587671027
v -0.04356545782806013 0.6151505088714833 0.09140030220403746
v -0.04213590413151903 0.6163866946299171 0.09333020939315971
v -0.027767824144926092 0.6118377688881511 0.09757991620723348
v -0.043057624672088055 0.6121495534381385 0.09107260828483056
v -0.04405981979874878 0.6128604964168552 0.0901347399589651
v -0.022231465948944835 0.6176226687112869 0.09707547351061814
v -0.03209407101002501 0.6138862729334185 0.09747924832811602
v -0.03591025785982316 0.6136546897902182 0.09626484276089836
v -0.032332403772106964 0.6166851730595002 0.09789842156210679
v -0.027669191401903392 0.6167185195505923 0.09819560732753106
v -0.02192641024780246 0.6137731848437683 0.09674551542880172
v -0.02440590804888222 0.6139444871576079 0.09747655806838465
v -0.03881063911153575 0.6134229259729604 0.09447338544816732
v -0.028047260839555107 0.6140831785382361 0.09785069213967156
v -0.03647944855475137 0.6161721128216731 0.09655776640994755
v -0.02374011744245665 0.6159178946743777 0.09753407959673109
v -0.02145780197559238 0.6149045976244358 0.09657638262836414
v -0.04352793554140611 0.6137817701738588 0.0908847225642674
v -0.04346173058111106 0.6133464703712433 0.0908340317654163
v -0.01731848424359716 0.3819456536814594 0.07324455693458369
v -0.01855070941582454 0.3645747104879352 0.08278725916776489
v -0.03933092434461649 0.6155141692635846 0.0947217197916983
v -0.042603647236517966 0.6132798175806726 0.09169269020607224
v -0.04103371325806648 0.6133452996953193 0.09292453017847972
v -0.0414146208232609 0.6148790954132195 0.0930543807411038
v -0.04277422016982721 0.6142785569044221 0.0917039313371758
v -0.17913092928008964 0.264910699291807 0.02799088718343946
v -0.19417724484850554 0.2701228542870606 0.02545394097578627
v -0.22655338070598893 0.28071346530407887 -0.0197832450572247
v -0.2250393147137302 0.28493066313046056 -0.042500706540659454
v -0.06741290370505706 0.0867400508360462 0.14477520820627923
v -0.11111887079865847 0.13891652520485728 -0.06559459671051385
v -0.1133361446378265 0.15848927887092257 -0.07016808436933547
v -0.03522517351889002 0.15525661356914683 -0.09168791024365097
v -0.055610012430089645 0.1511521017589319 -0.09067532161578334
v -0.1455728505376847 0.12063166962496293 0.048550213372605226
v -0.14450791369068494 0.13960977725716503 0.04720970002556385
v -0.10372621078830459 0.11009736104308562 0.10734801420107515
v -0.10285515738838084 0.13125133785418666 0.10469507923620915
v -0.1374013420903331 0.09692009537635118 0.07335808493194261
v -0.08001753726657689 0.10409242381063703 -0.07632673930043765
v -0.09941102079258653 0.10255272784478321 -0.06900525116364223
v -0.09550381230656708 0.12269639519849188 -0.07283460307563552
v -0.07681049895125704 0.1252613700775478 -0.0813556410061294
v -0.015919974384023296 0.1576985463483212 -0.08767679952515316
v -0.016393377713483818 0.13446736030283066 -0.08130261559299952
v -0.15096742302435645 0.16159401119290923 0.021856761388758878
v -0.15122977776334787 0.16390155166064496 -0.005389162036908894
v -0.13290238786175432 0.17127224393001964 -0.0537591604514212
v -0.11761783925295967 0.1768065722675744 -0.07216987724071852
v -0.09967864264556602 0.1842280107179106 -0.08519014198994254
v -0.07980483526542725 0.19120118068693587 -0.0941861357892352
v -0.0865923136836032 0.1519638601932007 0.11931325539031057
v -0.06730967367550962 0.17308891143405597 0.12820322979376866
v -0.1438823176451655 0.15930872341910274 0.0476249210730253
v -0.023090851194343613 0.15192883021811618 0.14800865208237662
v -0.06286822519615891 0.22196192511464558 -0.10468757554891066
v -0.03893348328625826 0.22591510056655228 -0.10710996370671705
v -0.14454368786729346 0.16685739525743712 -0.030785838871473088
v -0.0323848694564719 0.3246112185911049 0.11211289010587522
v -0.04938723531962257 0.32709583948323884 0.11055339997895053
v -0.04884149642178624 0.3113946418459304 0.12077727170941302
v -0.031696704331165095 0.30877689394979424 0.12181934337934762
v -0.06516655087684317 0.31288926311574117 0.11903324732496691
v -0.08076610874817752 0.3133507972147598 0.11624116058700751
v -0.09502455153860437 0.3130989227533173 0.11248866592072188
v -0.12831627716050115 0.30764018847006835 0.09719445460141479
v -0.1187971460837396 0.3101612948700688 0.1027360753750314
v -0.1443642667810957 0.2974898847290473 0.08414388406719768
v -0.1368227979002348 0.3037739075934731 0.09113191834598115
v -0.15035198563342683 0.2875665004205111 0.07483893614741871
v -0.15410281141183962 0.2762808607513417 0.061969545612329605
v -0.15942626173363153 0.2763419671195508 0.03984008371908197
v -0.15762635815559842 0.2650212962260424 0.04668291584073784
v -0.15194579383778992 0.26511631860633245 0.06973579263933151
v -0.14718012477758252 0.277293737977572 0.0821287812394041
v -0.14107626762481634 0.28666873087730604 0.09116167063177877
v -0.017745491117180844 0.239271084503968 0.1370583914388048
v -0.015080532495919256 0.2650273437890268 0.13579234442726842
v -0.0152811470431141 0.39821311193955966 0.06454277033946602
v -0.20397955923982014 0.06902020654785396 -0.06829102477439777
v -0.25493568538526123 -0.04870749253979295 -0.013220678525592543
v -0.016805148497415084 0.42202220194359413 -0.0877557426401737
v -0.034197670921770236 0.4266496532018462 -0.08906145814100433
v -0.09123042543760025 0.4455783029652966 -0.07573447232654403
v -0.10727286321624632 0.45639264294374127 -0.057654231349923035
v -0.07135419459455028 0.43381168525735764 -0.08738073869059632
v -0.052335205901705366 0.42355370742542797 -0.0925519830871328
v -0.13082834612672717 0.17588904124448906 0.07086354076363278
v -0.03553408147306349 0.39084117517616573 -0.10133879018502834
v -0.05336035295073279 0.4118941217677309 -0.09726664660221213
v -0.07332959956162304 0.4228609037432682 -0.0925867907754962
v -0.09585690028089545 0.4347421600846851 -0.0821390063414499
v -0.11890089340138858 0.44871699884156696 -0.06375718514142674
v -0.13719865610422474 0.44926754959999193 -0.05707396299049043
v -0.1610761654204228 0.4273149786728854 -0.06420131634346198
v -0.17229997293381175 0.42297483001322217 -0.06013550916595314
v -0.18292589459877878 0.4160942262192683 -0.05594292945636331
v -0.18876826587208395 0.4270451786439649 -0.03942755664472908
v -0.17713536930339488 0.43647194237227854 -0.043566117104832776
v -0.21767156640204188 0.31977134447859434 -0.05070258333905269
v -0.21609449138198158 0.3026246049302243 -0.055538084824492996
v -0.20992359988488873 0.29053326760142517 -0.06305494078425361
v -0.2002100567754709 0.28256429938463323 -0.06966349688972323
v -0.18809091926313684 0.27932163891092443 -0.07444487550096603
v -0.17551635531528545 0.2794190115338172 -0.07659324252686615
v -0.16544594082050093 0.28670862305011086 -0.07557512275347546
v -0.1524212380638117 0.3132537493584102 -0.06985658112765522
v -0.1558706659464025 0.321155811757616 -0.06807371190003758
v -0.1609366440634869 0.29534933848547085 -0.0691463893787045
v -0.15827412989503087 0.2858626959973621 -0.07080388450450996
v -0.1440147960534393 0.26139756968750383 -0.07653011395908672
v -0.1357528657333646 0.24839908448674156 -0.08019336337110239
v -0.12530549816775755 0.2347303278659728 -0.08440156933287285
v -0.09985093363335361 0.005872869615557136 -0.08160160848568128
v -0.11998091419007745 0.007505436860554493 -0.07171894251227301
v -0.11529047028216684 0.024591720599739436 -0.06686191188899196
v -0.09490805891646431 0.02304070928616639 -0.0755526518077707
v -0.04574783487698918 0.059979899671073755 -0.07419653982511189
v -0.023288729844540647 0.058712625172429214 -0.07212259127329666
v -0.1615485711322342 0.023490033191064408 -0.013078322824302246
v -0.16659710848542994 0.019476596790470646 0.012548017907359217
v -0.13422081193686639 0.02607547318735598 -0.05332558596657681
v -0.15001628691743907 0.02529815948649758 -0.035590277517849295
v -0.16469772562045598 0.013570474107128389 0.039348642219058386
v -0.10759153307742536 -0.018699500369602162 0.12148688853536951
v -0.08721404511505451 -0.024848585604890644 0.13686092319602797
v -0.044969858743536886 -0.03261201214607376 0.15771960954787273
v -0.0239021545065166 -0.03469728867948721 0.1626870825654582
v -0.1563637556890644 0.005326030982856084 0.06350568135270128
v -0.0661493016878983 -0.02934610295353507 0.14914724901576282
v -0.14405392361705846 -0.003657896037955105 0.0848364142039866
v -0.12707492422822347 -0.011958228166537521 0.10411825689421585
v -0.06711407759695866 0.06075707529867909 -0.07344600893923155
v -0.07089209899345095 0.03991591820425977 -0.07631418026779463
v -0.09073235546554152 0.041443035136318 -0.07220632556357812
v -0.037984521561698716 0.2920518068162907 -0.1146487062969898
v -0.05786045049371362 0.2952621838667083 -0.11473869768907308
v -0.07670077043135799 0.2997329777543155 -0.11403748003755507
v -0.09143745404548449 0.32515296023362916 -0.11259257518910011
v -0.09493700778014244 0.30691579376383593 -0.11114741815605782
v -0.11152955930991122 0.3145636676253862 -0.1067161943920166
v -0.10874131318767521 0.3320603463521272 -0.10811052889671734
v -0.13972931467179314 0.34429445265283254 -0.10033125831645646
v -0.14043777252570327 0.32882753952606203 -0.09864527032221518
v -0.15106366019851722 0.33436025306888906 -0.0958045891726795
v -0.1509637876155923 0.3486904630972033 -0.0977953410602045
v -0.15984505889639367 0.3395418211707587 -0.09325464336152947
v -0.16580391492867683 0.3442489495790656 -0.0890775274213656
v -0.1684216580529255 0.34734839353370905 -0.08275490682533396
v -0.1704872394009452 0.34412924619405555 -0.08180579596821291
v -0.18086220912077752 0.3627971624165772 -0.08320292319399836
v -0.17582472706961177 0.36744936195194866 -0.0862676490242292
v -0.1397626138551669 0.3610795228045438 -0.09972193263602684
v -0.12495157821665369 0.355618127186843 -0.10308135771582239
v -0.035558139755003104 0.3280449181689524 -0.11158342524031464
v -0.017148555374155904 0.3249127726268298 -0.10822213327981221
v -0.16151983329540057 0.2577369318278389 0.027510214737629768
v -0.16556401697623982 0.2526688920991414 0.005778526519911272
v -0.167418350253018 0.25062418445511137 -0.01464494155120498
v -0.16547425035846716 0.25173773741962086 -0.03225603258230844
v -0.16186126623276817 0.255827438672537 -0.04850756182870537
v -0.1562667411271762 0.26174381773811495 -0.06245954913162725
v -0.15422889841248316 0.2777835269063424 -0.07263375061218631
v -0.14956097846661878 0.27012133872185917 -0.07431623243935245
v -0.1498886724075097 0.28798514981333856 -0.08179859101553173
v -0.14320540924731992 0.28030717457053733 -0.08402389420999314
v -0.1371085837850351 0.29221537900935124 -0.09225179608546732
v -0.13145099971572236 0.30556784296445594 -0.09881406344312403
v -0.12747713030558436 0.32149449049504 -0.10248642414975705
v -0.12551996994859035 0.33822919823832565 -0.10383249310623952
v -0.1077789212688286 0.350544868378433 -0.10720544227294859
v -0.09043707917041355 0.34444684359388006 -0.11160088388820877
v -0.07299435226207508 0.35689453276996996 -0.1127182261124914
v -0.07329285305656033 0.3747413752412596 -0.10882701330449636
v -0.07205453655025272 0.33803538143526635 -0.11491218231745565
v -0.07301166104011705 0.31858112797598603 -0.11554335162498598
v -0.0759306241770541 0.46543115743834607 -0.057955605486618475
v -0.0586307820612197 0.4579082361385075 -0.07005792289570181
v -0.17324980036174542 0.3012458883248481 -0.07833280706629213
v -0.16802237238027437 0.3003864787725664 -0.07785776134498266
v -0.16691679815354932 0.29444901950543223 -0.07709388603034129
v -0.17516209056759502 0.29212592488167805 -0.07737504235014567
v -0.1847360354327431 0.29269294785993927 -0.0764696357907234
v -0.18940269649297214 0.30900526907577563 -0.0763379806278544
v -0.18113552963684001 0.30364907049351575 -0.07788431923032745
v -0.19456797420404184 0.2968812532353087 -0.07332497335760135
v -0.20283935633767694 0.30434480943811404 -0.06883553609855486
v -0.19706341959959775 0.31611292327486934 -0.07301654561662894
v -0.20864417885642986 0.31405141530551617 -0.06377910959863507
v -0.20289523938893622 0.32385136715398843 -0.06870972063080465
v -0.21123787639293518 0.3261803818448761 -0.059867465766795525
v -0.20645189747676054 0.33056562663052486 -0.06499104548627202
v -0.19664086473962067 0.36763966010848803 -0.07039903528415434
v -0.20113309607447408 0.35470334995286085 -0.06808822968191965
v -0.20443130914238064 0.34099513238729806 -0.06624679797288438
v -0.17126814570849927 0.3356360066615388 -0.0813175811170761
v -0.1737707084340074 0.32510084741203704 -0.0808794859514501
v -0.1770175759860896 0.314111931629225 -0.07976652897175994
v -0.18474025361316834 0.3206563201062548 -0.07893759729465806
v -0.18110202783477608 0.332369554741225 -0.08063942472925963
v -0.17827248725428188 0.34377000671337055 -0.08242422578001778
v -0.036024768371023634 0.31035554598116644 -0.11379389885311733
v -0.05501916846574976 0.31437608952225116 -0.11519676876729215
v -0.16078457311678274 0.3528933450724816 -0.09499650543108398
v -0.16808441839443733 0.35547297382445503 -0.09122371651162234
v -0.1730479863271551 0.35590171900324646 -0.08593862344046452
v -0.1763489715731106 0.3526207096168984 -0.08363089392363127
v -0.17050758158000948 0.3679543649173531 -0.09074032415914199
v -0.16263808529695564 0.36684883884032693 -0.09449806821167368
v -0.15202916411969275 0.3642803877785122 -0.09729642138444944
v -0.05418408483607026 0.3326610668006173 -0.11433912485283858
v -0.017964460812028456 0.3077813943026695 -0.11147951071996184
v -0.17931053024175023 0.39088014871177 0.04346340930630909
v -0.18847669530812547 0.4117857777150301 0.030219124914426854
v -0.19500925832274812 0.4267202063751963 0.009254571988780061
v -0.19466599998023343 0.432068360739185 -0.016472349681984574
v -0.16559379842527636 0.14264320787646922 -0.03399847142706915
v -0.018168339857026424 0.11053424456807526 -0.07557315506475844
v -0.020624819703998428 0.08551772809737412 -0.07209176220852635
v -0.042049489452618605 0.08463485367458067 -0.07563324302927973
v -0.017592053932222036 0.22679142959158158 -0.10561871288108544
v -0.018828246765021234 0.2901478926055153 -0.11389197887492705
v -0.10489486726820829 0.2840339863721463 0.12674190728803675
v -0.09316911069276268 0.2848903957233453 0.13116682893612605
v -0.0938687083911301 0.2991568758297608 0.1224671037131917
v -0.10583657047724515 0.2982455070770704 0.11766934916578274
v -0.12358066628291439 0.2819951109483354 0.11424839955056566
v -0.11488604451148639 0.2830527392388146 0.12082293805058766
v -0.11646789317250576 0.2970596198556028 0.11210855482844569
v -0.12556193285106484 0.29508946587365725 0.10573530995259499
v -0.13119536861643832 0.2795429810352697 0.10699751638342049
v -0.13367046040689234 0.29232537313814316 0.09905009709704243
v -0.11396365962358629 0.2672911416177424 0.1278403357172042
v -0.10386855687460708 0.26796101283194534 0.13347562160936177
v -0.09228941866816213 0.2690622627320709 0.13731998922438196
v -0.12915529940129097 0.2654874618296252 0.11364933726999704
v -0.12222978846969557 0.2667234696040202 0.12079367559746437
v -0.004750002486868789 0.49579202871581435 0.09525387057426173
v -0.005124006010429295 0.5015084802547756 0.11029309664161702
v -6.241812043422464e-05 0.5445954974897671 0.12286279720968474
v 0.00019490497676416727 0.5488895600712287 0.12081818784449462
v -0.012215176403046027 0.4214775009857748 0.05131220510678049
v -0.01094180687687486 0.43226521098835285 0.05041172984266303
v -0.014934436569767858 0.2864164860659257 0.1309006623628283
v -0.0160846031367352 0.3210084261552434 0.11341484996813052
v -0.017527441620747573 0.33288946129487473 0.10190385282925199
v -0.018269382215095734 0.3482407503978409 0.09244730962694
v -0.01412159340030096 0.4109958323551781 0.056926377087776085
v -0.01522126039217214 0.3047738961673271 0.12324189756399828
v -0.16588823448125598 -0.1661048463255047 -0.05347504275528469
v -0.14720514019673833 -0.18277778630274488 -0.07309730629668001
v -0.15339849050228288 -0.15498823512555931 -0.07006560036493323
v -0.13966078850082533 -0.16705748147317995 -0.08400231904281455
v -0.1644907780268362 -0.08512366172625718 -0.04505154507589403
v -0.1631885589143982 -0.1127157843566764 -0.05157088011533663
v -0.16541528852540566 -0.05773283182624658 -0.042059757279600436
v -0.11964024571801672 -0.17365829577966552 -0.09727076261495678
v -0.09370451287047399 -0.17561589449533865 -0.1065548242526554
v -0.0913597715467503 -0.15485624175118795 -0.11341643582338524
v -0.1496641595084352 -0.05859281617669526 -0.06625017904360812
v -0.14969876114656436 -0.08528523247836228 -0.06893986665373684
v -0.14505397804294032 -0.14787641267517482 -0.07949473341751818
v -0.16034647131772076 -0.13606104109762246 -0.059717156723393436
v -0.14726414263920548 -0.133097312723978 -0.07699899139809116
v -0.11571387298311983 -0.15444931184104543 -0.10341849524516407
v -0.1343383053191937 -0.15196129375104106 -0.09055805609752685
v -0.05723425326554843 0.0020079926743820364 -0.09073159868277753
v -0.03276184852006924 -0.01737988944115884 -0.10000736702825562
v -0.06070778996916787 -0.01723220988953761 -0.09842497611714407
v -0.13883902549887997 0.008962121648983412 -0.05657802967319367
v -0.12508896194767763 -0.011197967099257022 -0.07657155659775461
v -0.13271818854343526 -0.1334623696126842 -0.09236487676949298
v -0.11345828323386943 -0.13339258066180482 -0.10666272933935235
v -0.08891303875552808 -0.13235028628908713 -0.11758936184024844
v -0.0884842328756963 -0.05873610422502609 -0.11010180012071129
v -0.08816283045328797 -0.0822225425746799 -0.11570758200861665
v -0.11146879581698782 -0.08448485152738694 -0.10494323000756468
v -0.11161868919957246 -0.05913208718977511 -0.09987646576100931
v -0.12948296018624506 -0.03380741319428007 -0.08174550098379965
v -0.13189256178131573 -0.05911480570814648 -0.08535132143882117
v -0.08729173179954657 -0.036450104042118486 -0.10278824383442989
v -0.10946672964477121 -0.035338606199800116 -0.09422881821470543
v -0.10491037219555788 -0.013558073467875686 -0.08785391507332714
v -0.13205475844271297 -0.08582177743690816 -0.08904784804772052
v -0.05865707037106869 -0.10521179127819358 -0.12374595086025986
v -0.08772417206053706 -0.10734709033850609 -0.11876757852299252
v -0.028065601139374716 -0.10412761788562619 -0.1212144904706006
v -0.08380705321475428 -0.015883001496902416 -0.09471283649860296
v -0.07936364889937575 0.004278170242903889 -0.08710921785457765
v -0.0746676465594688 0.022100349713347373 -0.08022533814443918
v -0.06342058825715552 0.0835996108112476 -0.07528608474529924
v -0.11265876928847104 -0.4007848260160779 0.09225542120174482
v -0.00012725538952198642 -0.21824077946922477 0.03521894614551336
v -0.0002949261584259705 -0.21164835324219006 0.008479810605133956
v -0.17824017737031306 -0.135257557236461 0.0646685988161866
v -0.18616473046641943 -0.15028460111215286 -0.0091140268735795
v -0.17380801809578053 -0.1419849599461458 -0.03709577801413899
v -0.02326667029402944 -0.21617715197964066 0.1026896036703941
v -0.008294653105210468 -0.22170054010303708 0.0798283072968086
v -0.15939440372560199 -0.14341469365265908 0.09175597800043912
v -0.10477346891762694 -0.18538376315628352 0.12558103479596527
v -0.0021522631576225497 -0.22198980960554293 0.05770682322049048
v -0.14833221558629428 -0.11044095597028858 -0.07281501596678289
v -0.1323251000905097 -0.11069758166712462 -0.09140680063082497
v -0.11218168514289023 -0.10964187069658277 -0.10739856369498162
v -0.05996257916417697 -0.1299856683410608 -0.12311754440543542
v -0.028069265652360634 -0.12715570277607885 -0.12010081805514017
v -0.01926396964674451 -0.16783274435046325 0.12413379224161121
v -0.016057700231145656 -0.16014179709382098 0.1307636242555578
v -0.00788805846514813 -0.16162253427251083 0.13143097399902745
v -0.007856950859540955 -0.17367109560958205 0.1221882304858266
v -0.10668047184553818 -0.04144697422096333 0.12102191805133826
v -0.08450438469818868 -0.04772944458556705 0.13455216137465623
v -0.04111033932216701 -0.05547205257965854 0.15348278292639952
v -0.021143974847202186 -0.05707965417386701 0.15820446424159137
v -0.15976992775240673 -0.0139445616168265 0.06454529795155732
v -0.062365439702833585 -0.05234581809272759 0.14569620078939677
v -0.14664523724109466 -0.02388285797364534 0.08597010770110322
v -0.12808329205305358 -0.0335785630310898 0.10471351776519344
v -0.07199001481472544 -0.842247893663303 -0.028887519290168813
v -0.0728100756671222 -0.8706366030216165 -0.024398669597003323
v -0.0737318662211317 -0.868659790626911 -0.03910694227313067
v -0.07002603750486795 -0.8401645913367434 -0.04352304016056191
v -0.08667779649901584 -0.8356008235930382 -0.07107695646098168
v -0.07509979866223017 -0.8376586597937553 -0.06356185401015185
v -0.10118630347794304 -0.835313429350056 -0.0728094703600014
v -0.09922454630613889 -0.8653110062610855 -0.07223971438737961
v -0.11071077538755082 -0.8663962139311617 -0.06520611117534252
v -0.1145549696522133 -0.8366331279024123 -0.06810692592967242
v -0.12338486494449696 -0.8376202579348068 -0.05859071142415845
v -0.1255870427387267 -0.8680520917031053 -0.04460200553146109
v -0.1275721712910078 -0.8684751460534129 -0.026442305266156516
v -0.13246552555573973 -0.8404530797110082 -0.027725441991265917
v -0.12918088963201635 -0.8387254187195928 -0.0462605409575973
v -0.12719576115965192 -0.8448205961555512 -0.007708676512357322
v -0.12278957729447143 -0.8716519633004348 -0.006322441539445105
v -0.1117839800179617 -0.8473883263946737 0.0031786523406564476
v -0.07716124657914644 -0.8448534653623055 -0.012444488575561068
v -0.07597083359359129 -0.8724204793434286 -0.0072959137437237295
v -0.08521317096153717 -0.8653455138710372 -0.07083812576130177
v -0.07576851184801889 -0.8671358728717379 -0.06029525130194372
v -0.06956772241280716 -0.8393220571743879 -0.05362617994049694
v -0.07449922204900995 -0.8678020579101978 -0.04924247428173288
v -0.07220843279458158 -0.897224580667025 -0.03420787237185323
v -0.06723541640252108 -0.897439523724518 -0.018361886013602727
v -0.08378601328688509 -0.8938376892738037 -0.07053134972316116
v -0.0785585585199649 -0.8952062703355143 -0.05666244691081201
v -0.10677310194261572 -0.8945371290571705 -0.06254686903819376
v -0.09723762163962486 -0.8934394777817795 -0.07319066981438577
v -0.1257521114782595 -0.8962399524159087 -0.04356116912352791
v -0.11877908676887107 -0.867154850640177 -0.0558414387591492
v -0.1169428378972009 -0.8956015579191124 -0.05373954994334634
v -0.12776049075736112 -0.895488946211623 -0.02529343271520422
v -0.12175543578388645 -0.8970186290188135 -0.002182248019565008
v -0.07147498996585604 -0.8979068926623796 -0.00019036187287120598
v -0.07596687247483468 -0.8958402403173681 -0.044928166065772684
v -0.1265200690891323 -0.9893349658260392 0.1557991448856255
v -0.11940503423419231 -0.9901283305288263 0.1571626937915218
v -0.12064250624968806 -0.9847477585795771 0.15590193818612297
v -0.12526698846389872 -0.984858813751314 0.15502404570832792
v -0.08654864549080969 -0.9887623981988988 0.16423528094482476
v -0.0747289839810373 -0.9922625068160004 0.1625035081379713
v -0.07566729119945041 -0.9798220261531908 0.16471556242802288
v -0.08425413200544166 -0.9780065120368012 0.16634373093614932
v -0.10507670362100952 -0.9899965937556373 0.16469028808724812
v -0.11315011598856302 -0.98997783803207 0.16425227603864193
v -0.11097607484085223 -0.9938086720998965 0.16094474594565567
v -0.10587835745886034 -0.9935958927514309 0.16130751014731365
v -0.14770100266401517 -0.98684552970989 0.12598485183044822
v -0.15328989522349082 -0.9876478537623848 0.1228859650939463
v -0.15205668677388018 -0.991004529743646 0.12185078303439505
v -0.1476707870186816 -0.9915227578615041 0.12308818282279349
v -0.13478249797342506 -0.9900129177934448 0.14460592840524258
v -0.14062946865295506 -0.9904806019137523 0.14189794633333108
v -0.13917096810121643 -0.9939532825357834 0.13997532559826617
v -0.13533413431254696 -0.9945437995028338 0.14160406077674087
v -0.08820221731882721 -0.9736486710093925 0.1443149387089166
v -0.08729221507673818 -0.9745600912781135 0.15815752016529677
v -0.07395242234970827 -0.9768726224549632 0.15567597096250024
v -0.07338659519860892 -0.9721248388367255 0.14199230385708825
v -0.06802601534505821 -0.9866306213737329 0.151653572201643
v -0.07614806396974842 -0.9924695404855656 0.14886999579187932
v -0.07484084271413739 -0.9924782240938562 0.13494146121054018
v -0.06724831824724185 -0.9838273051294945 0.1367172096518925
v -0.08877787158940458 -0.9930840188380613 0.15097315205841363
v -0.08878255395831597 -0.9930553071504243 0.13801808048418324
v -0.09627693823839988 -0.9850859651150811 0.14198750846921931
v -0.09716361708619457 -0.9845059138477678 0.15670652104965732
v -0.115374667384387 -0.9846569783308187 0.14446538925910338
v -0.11821070325584207 -0.9874404873611619 0.15639829779671513
v -0.11218469436048448 -0.9809708630068065 0.15761482488354792
v -0.11029637014168069 -0.9767415181495857 0.14584100381401247
v -0.10361416557562887 -0.9812241174966855 0.1587745418658708
v -0.09871019834895398 -0.9770279855599998 0.14685989814022996
v -0.09535384053825031 -0.9874404359546262 0.14476125617482266
v -0.09754426979582796 -0.9881230082137692 0.15862712234059087
v -0.10257734533357224 -0.9934647672295845 0.154626365942186
v -0.1002592845411779 -0.9929820850264514 0.14151705815777615
v -0.10971019999239878 -0.9925433758718097 0.14154902548334164
v -0.11199246459345098 -0.9939272634346087 0.1538644935743463
v -0.12764027546505113 -0.9778239460496335 0.13844555707358006
v -0.12659432860472955 -0.982773050503435 0.1493117529237272
v -0.11893085241498824 -0.9828994585775331 0.1502052526836499
v -0.11716471581687106 -0.9782899642310942 0.14054159759168428
v -0.11446960486672796 -0.9907391170318246 0.15037497721809626
v -0.11992787192374338 -0.9942698365180477 0.1485103153520319
v -0.11812156741894829 -0.9929707380183951 0.1381500967783315
v -0.11318131094522699 -0.9885141729500729 0.14057805817135594
v -0.1278749605840373 -0.9922336633375698 0.1371621109851748
v -0.12747400158522532 -0.9946257103915525 0.14771578874469857
v -0.13237751534551812 -0.9842526503496439 0.13927722161150777
v -0.1316166080605341 -0.9884642759966077 0.14892323538245067
v -0.14720747166888873 -0.9848761076866336 0.12569062907287754
v -0.14473036361680072 -0.9893994242177414 0.13484347639262625
v -0.14180122800695963 -0.9836703939264385 0.13620867512248208
v -0.14370400139310419 -0.9783199517277515 0.12603561546986972
v -0.13582282061378245 -0.982802067777034 0.137953919170412
v -0.13560810010759908 -0.9786535000062196 0.13003464194147232
v -0.13135125440696985 -0.9874652315563904 0.13885258903288974
v -0.13373653847206193 -0.99453378631497 0.1362836878538189
v -0.13453157500304802 -0.9926777655500764 0.1280927381109846
v -0.13218711570740874 -0.984875336940299 0.13219358871792952
v -0.14078887205218754 -0.9946972495938323 0.13445739302452558
v -0.14286570873125903 -0.9924160485120644 0.12463496196398842
v -0.15683955499149652 -0.9782938033004612 0.10880679803910388
v -0.15856099585989103 -0.9854059224849393 0.1057630265515032
v -0.15710022005520088 -0.9863023118088484 0.11636460470755741
v -0.15497802656446738 -0.9807763359478926 0.11765700719050141
v -0.14951316241495957 -0.980359206473501 0.12009869357855932
v -0.1503053560816925 -0.9773894673119604 0.11402907080722122
v -0.14553454426009066 -0.9849909991960545 0.12065477826552067
v -0.14646748034910964 -0.991986729776947 0.11816466670835624
v -0.1474766727963473 -0.9912837387697307 0.11210433456434375
v -0.14754070875928083 -0.9833190956267167 0.11585366215257754
v -0.15339751833397539 -0.9918014087224666 0.11633695722857136
v -0.15404139539716477 -0.9907227262445372 0.10767080671052995
v -0.07368021212006869 -0.9685891912983683 0.1280695838275808
v -0.09254172065485704 -0.9730650628185656 0.1310612261878635
v -0.07794666237944863 -0.9924792735484574 0.15822566987523132
v -0.06744236228367588 -0.9821376633807476 0.12237239922395961
v -0.08493665829409427 -0.9928601966769156 0.1589946835950753
v -0.09251318175099756 -0.9928059003738602 0.12636206985973122
v -0.07589489476533814 -0.991769159245378 0.12068803408728027
v -0.09471877592000334 -0.9853141456000757 0.1359631311276208
v -0.11165275880370909 -0.9843324898201878 0.16363995839879442
v -0.11288803952050677 -0.9860709376588584 0.13504760196535248
v -0.11240492455264357 -0.9927358738606279 0.12579433890533623
v -0.10675440835017343 -0.9844881711817085 0.16419459163243985
v -0.11158772070178909 -0.9739784607810856 0.12963215536794162
v -0.12967618630290342 -0.9751448774133714 0.12134062590315937
v -0.12135719785752794 -0.9941238752324776 0.1546792165596072
v -0.12541110155094817 -0.9942076153650622 0.15410755250029248
v -0.131191114900045 -0.9927496515364992 0.11987897675116334
v -0.13305824068706204 -0.9836367372590881 0.12985995187570015
v -0.14008071685674858 -0.9862707846973081 0.1415477031580369
v -0.14850225324029012 -0.983158589771297 0.11580871709816906
v -0.1458130096620767 -0.9924340994200535 0.10879303631559381
v -0.1365900069479635 -0.9855444329820687 0.14274210316617467
v -0.1462314809407173 -0.9741710037233248 0.11005416451080707
v -0.15232681326901518 -0.9840155973624688 0.1219380585763389
v -0.16033394555844155 -0.9840759794398294 0.09309133732072272
v -0.1554296394984537 -0.9917983855315903 0.09642246226268936
v -0.14946762930629345 -0.9832206414539432 0.12373536146848829
v -0.15785560868540496 -0.9752349560222849 0.09794694672508718
v -0.08534175973331977 -0.8477903344240113 -0.0009475457129189085
v -0.08442029047574826 -0.8738802933258171 0.004782064817624538
v -0.09702405555501173 -0.8491931749482718 0.0045483680126406
v -0.10894840639587494 -0.8739985227604442 0.005642667647837408
v -0.09606544606864299 -0.8755015838467345 0.008749656644138607
v -0.08241514541928659 -0.8982567868799011 0.013834556616949266
v -0.10835510687811827 -0.8992256948776346 0.010941106854813604
v -0.09556011994954762 -0.8991915244352086 0.016674317929865755
v -0.12711153877792733 -0.9174646102652201 -0.0463304765840004
v -0.13081895084779396 -0.9176066997700109 -0.026573365410439555
v -0.11582130565359863 -0.9165850232358189 -0.055815601579836414
v -0.09666062491006484 -0.9149809328116306 -0.07678294094637958
v -0.1068079223026644 -0.9156293740794735 -0.0664761161805739
v -0.08108446856888309 -0.918059898577248 0.02449649969524031
v -0.07108185300983551 -0.919900695052814 0.006078353688662728
v -0.09573958678571788 -0.9176591694858706 0.029547938704376154
v -0.11174252539550265 -0.9176455845028383 0.022261052011956085
v -0.0694930497074973 -0.9635864558189801 0.11184465808753241
v -0.07021019543847291 -0.9630198078326623 0.09062018229633645
v -0.08506300918610087 -0.9525077430395129 0.09433385675023576
v -0.0887441419637596 -0.9619281735322581 0.11322764877832106
v -0.10500248787826018 -0.9537889919153698 0.09007454846524546
v -0.10769779155254026 -0.964976984516135 0.10955514968373266
v -0.12283171045751765 -0.9571497212442123 0.0820853647864408
v -0.12593458535636035 -0.9664313729107136 0.10195723071520015
v -0.13859018255962977 -0.9612215515597081 0.07245664333053095
v -0.1425725364034711 -0.9685086113631659 0.0918825956698623
v -0.15151762364712065 -0.968799757871235 0.06240311678706904
v -0.1561803846917866 -0.9722537950721005 0.08226240755606697
v -0.15940892657011013 -0.9793445403776594 0.05642392025588252
v -0.1623603999189458 -0.9823106006122472 0.07676752995450763
v -0.06419290630801591 -0.981016681452573 0.10575347564523692
v -0.06622623962914312 -0.9789785383884825 0.08529231754187624
v -0.07465281407930176 -0.9928363871231497 0.10257614538066329
v -0.07584699136313831 -0.9929643672248131 0.08181277572843597
v -0.09205098025256646 -0.9935281974305968 0.10182958385575977
v -0.0922891791786635 -0.9934472309835592 0.07997728117452015
v -0.15427854214511025 -0.9919528115021014 0.05835997187891673
v -0.1559899548878079 -0.9936111697440787 0.07946955913551534
v -0.1111175631273879 -0.9937246875086571 0.09811457030933786
v -0.11064545112267322 -0.9926485956503385 0.0757624753803412
v -0.12881295330096162 -0.9949943726548777 0.09229077629998436
v -0.12778587541055114 -0.9938239867835229 0.0697158599013859
v -0.1437556256815347 -0.9955656135265017 0.08556014376005142
v -0.14233663840579544 -0.9946465540881461 0.06341967372142504
v -0.08134217412386212 -0.9459051570477767 0.07054553871682469
v -0.10154025560013281 -0.9409511027743805 0.06942058064422452
v -0.11881853739827618 -0.9452036642387641 0.06010949175244376
v -0.13339527611889163 -0.9522889118048498 0.04912558422062855
v -0.14510294736537915 -0.9634886631501377 0.03872271928746661
v -0.15391597715702565 -0.9744165963739625 0.033502405552175214
v -0.1315608827080328 -0.9397156960043586 0.020972893938306498
v -0.13885765989609475 -0.9599814987525558 0.012591682561180388
v -0.1457115581852264 -0.9723882718363938 0.009772242205610281
v -0.13491990110801508 -0.9572690231484412 -0.013744398043672033
v -0.13898238786305206 -0.9707647305149328 -0.014199684428559848
v -0.1261397806495253 -0.955907870425912 -0.05609192631236187
v -0.13130078263803044 -0.9708721211126295 -0.05805263389097392
v -0.13473272920509477 -0.9695003048110055 -0.03817737471854909
v -0.13033213107467428 -0.9556669825762437 -0.0376887122637261
v -0.1305422180873299 -0.9386429803026991 -0.008413133883177134
v -0.12787655755842245 -0.9368698532293166 -0.033057956102552334
v -0.12289266427676776 -0.9361705692013395 -0.050778171155244176
v -0.11529929666002042 -0.97115337650624 -0.08132428577994723
v -0.12530498781355373 -0.9714361676468196 -0.07147996847985078
v -0.12149978526303366 -0.9557769074628178 -0.0691904501936503
v -0.11362168811893357 -0.9546935454196815 -0.08070986776156722
v -0.09760566432355851 -0.9550489380176889 -0.0879668566420743
v -0.09863358158969972 -0.9720696947408779 -0.08515868768894073
v -0.08114425585002559 -0.9571918556265259 -0.0773201777053952
v -0.08155613075523155 -0.9737322136887602 -0.07686767113617919
v -0.10973194417424008 -0.9346408257294875 -0.07329893587665247
v -0.11635184320481662 -0.9358296504076543 -0.06251936695112323
v -0.09744814476046446 -0.9342094073088297 -0.08172339418810518
v -0.08278508876637557 -0.9359879895829025 -0.07284645443198393
v -0.07954828692455866 -0.9377360609877151 -0.05599710389586054
v -0.0768106372470694 -0.958980416246045 -0.0583106946068599
v -0.07396291274737794 -0.974702738463029 -0.059134690659465104
v -0.07105594901236324 -0.9618263884073374 0.06534271520902929
v -0.07108225747824423 -0.9751296952103387 0.06086642041830562
v -0.11606608562712639 -0.9310465704462191 0.039684713762229644
v -0.09742883875431776 -0.9290932921806446 0.04824420498752072
v -0.0780625174104051 -0.9363000971383687 0.041037897889979004
v -0.06987989474376315 -0.9588180474311901 0.03791145513574104
v -0.07436669257381279 -0.9733643308926067 0.03373934236108791
v -0.07575174677978323 -0.9726192997909965 0.009157302292137806
v -0.06926810405059977 -0.9595326504161109 0.011612393536814244
v -0.07914475655218432 -0.9862194261830687 0.05716133981380439
v -0.08311848715111593 -0.9806545555036269 0.0309251098658114
v -0.08320991431169623 -0.9794515356239367 0.006920419479639757
v -0.07412604134591592 -0.9731127662642111 -0.012252995231927574
v -0.06985729498440141 -0.9597873580452677 -0.010765185387194369
v -0.0739231562228933 -0.973243295973368 -0.02944482794082631
v -0.07283607457850268 -0.9587561747435157 -0.02843631288707704
v -0.0749415671205878 -0.9585510473938174 -0.04261906547709791
v -0.07326335604349947 -0.9739148830562873 -0.04366619733652023
v -0.07290904556888703 -0.9387476486685197 -0.028885664912822757
v -0.0761052194248245 -0.9377293489886084 -0.041743528095554615
v -0.06946657006851857 -0.9404986780984842 -0.010877920536822232
v -0.06955667566630253 -0.9397392657211158 0.012236329662453787
v -0.15038610627388435 -0.9877853038309242 0.0345665280788996
v -0.14386176016164165 -0.9839343714708243 0.010709407056344671
v -0.13699442011983964 -0.9806772405629701 -0.013018832049793769
v -0.13226744062082949 -0.9809425569650291 -0.03659270226541264
v -0.12618389810346065 -0.9822683575198464 -0.05487800094824057
v -0.12017691334367346 -0.982512987630746 -0.06633854349393166
v -0.09801486780317227 -0.9814882533148342 -0.07732781294401997
v -0.11158620099696262 -0.9817991603750204 -0.0748502676340215
v -0.08579290714703873 -0.982685813650218 -0.07168153943006207
v -0.08034981503638251 -0.9843130264389853 -0.05736921759718682
v -0.07911572828562974 -0.9850542718649969 -0.044224489889129456
v -0.08104639747941385 -0.9815050961687558 -0.014265944006274713
v -0.07940883538444998 -0.9841055530885795 -0.030657559065784046
v -0.06632705813843753 -0.9205429741566976 -0.014290989562510658
v -0.06973050832647543 -0.9195621783132556 -0.032030519342693416
v -0.0744592328809483 -0.9178452214703087 -0.04329154597298795
v -0.0829623086603956 -0.9153061958477141 -0.06989618187742434
v -0.07870381430343491 -0.9167886095091976 -0.05479716083823399
v -0.0933263861541637 -0.9902161101687966 0.05423130691648543
v -0.11045379958747666 -0.9899710094334665 0.049842539485703635
v -0.12643382569131292 -0.990729938673547 0.04406802134336967
v -0.1396174797689534 -0.9910861080486307 0.038650203640254385
v -0.13542477573901182 -0.9878925905539929 0.013874927059559224
v -0.12355318097154702 -0.9879345118327477 0.0179251581734198
v -0.10868467196233612 -0.9876758521376622 0.02281628651061381
v -0.09409398086592931 -0.9851377964473392 0.02769736509416514
v -0.12906177219636955 -0.9858027803523731 -0.009735690880416946
v -0.11859484094623923 -0.9868820469751697 -0.0057998433016174964
v -0.1052078772262815 -0.9869265192242144 -0.0018789497912186039
v -0.0928473326336424 -0.9847028659310334 0.0034506701745734697
v -0.08969716138762474 -0.9869349516052682 -0.017908573071553226
v -0.10047710829959491 -0.9877365899175664 -0.023571436269289193
v -0.11236505155728908 -0.9872061424695141 -0.027299452271523503
v -0.12250198488330234 -0.9855816949018165 -0.03200797145846187
v -0.11707301092435142 -0.9858107144275293 -0.049037445148264976
v -0.10752837397058188 -0.9867855992438418 -0.04362696486044789
v -0.09686188370026459 -0.987620808372471 -0.03940778016180277
v -0.08802156451790791 -0.9874473674840188 -0.03453569859090273
v -0.11245891668324844 -0.9854711059918816 -0.0590399225124193
v -0.09867522103036247 -0.9850426198590753 -0.0693634058459724
v -0.10682964787726161 -0.9849075225477438 -0.06565847049502424
v -0.0906378736994769 -0.9859249818942263 -0.06627680301220738
v -0.0877527993697132 -0.9867977676841057 -0.05628501232727121
v -0.08733273465460388 -0.987433270619657 -0.04584130451887804
v -0.09537607042834079 -0.9870858242858592 -0.04904512844351311
v -0.09460970337995264 -0.9864818548552933 -0.05662977503207022
v -0.10476442572376483 -0.9862549136467581 -0.052899526289073344
v -0.10184595228211865 -0.9856335404150215 -0.05969066286970913
v -0.09473382191935337 -0.9858498790447002 -0.06246631021696583
v -0.09842880513820505 -0.9854420099670579 -0.06386467644426794
v -0.12331237907935057 -0.9202368714044785 0.001972837447126074
v -0.09403267101553416 -0.5682651284755044 0.04323734771388197
v -0.07902283213077367 -0.5653219049565497 0.03804248313078114
v -0.11103030855562374 -0.5666422577398019 0.0442199811152777
v -0.1340674436054247 -0.15179626743242985 0.1115558001611761
v -0.08696572838093682 0.0880424186492927 0.12880643135683648
v -0.08664352651546747 0.13045290588171882 0.12160881359776214
v -0.08660972346962285 0.10909807682948403 0.1252208154668522
v -0.13537400057802512 -0.1803756121271063 0.1152294725197099
v -0.13207149088826153 0.1564280056708126 0.06930779451293335
v -0.10766054018513198 0.3119840566090465 0.10774619572727764
v -0.07797346782004605 0.5969709764307032 0.013171762369415401
v -0.0760050723896829 0.5936944637505349 0.012190094916385891
v -0.07486562762785445 0.5905754674402325 0.010286141856235267
v -0.07417208348342517 0.5881170947537482 0.007402026227115499
v -0.07343515346943388 0.586077457905345 0.004325468476563704
v -0.07158341050944265 0.5859207681217626 0.0011200324731126064
v -0.07678727372378036 0.5917708871106336 0.0074294632803785475
v -0.07405552095030007 0.5943276527858316 0.004384635918635038
v -0.07436907696419713 0.5960064088478545 0.006194356717139411
v -0.0769808789869845 0.5941163401397106 0.009171503952424498
f 2 3 1
f 1 3 4
f 3 2 5
f 5 2 6
f 3 7 4
f 4 7 8
f 10 11 9
f 9 11 12
f 14 15 13
f 13 15 16
f 18 19 17
f 17 19 20
f 22 23 21
f 21 23 24
f 26 18 25
f 25 18 17
f 27 28 17
f 17 28 25
f 30 31 29
f 29 31 32
f 34 35 33
f 33 35 36
f 21 24 37
f 37 24 38
f 40 31 39
f 39 31 38
f 34 33 28
f 28 33 25
f 41 42 44
f 44 42 43
f 36 45 33
f 33 45 25
f 46 47 49
f 49 47 48
f 51 52 50
f 50 52 53
f 55 53 54
f 54 53 52
f 57 58 56
f 56 58 59
f 61 62 60
f 60 62 63
f 65 66 64
f 64 66 67
f 69 70 68
f 68 70 71
f 65 73 72
f 72 73 74
f 64 75 65
f 65 75 73
f 77 78 76
f 76 78 79
f 80 81 83
f 83 81 82
f 81 85 84
f 84 85 86
f 88 89 87
f 87 89 69
f 88 87 90
f 90 87 91
f 93 94 92
f 92 94 95
f 96 84 43
f 43 84 44
f 51 98 97
f 97 98 86
f 97 99 51
f 51 99 52
f 54 52 100
f 100 52 99
f 58 101 59
f 59 101 102
f 62 103 63
f 63 103 104
f 105 106 6
f 6 106 5
f 108 109 107
f 107 109 110
f 112 113 111
f 111 113 114
f 116 117 115
f 115 117 118
f 120 121 119
f 119 121 122
f 124 125 123
f 123 125 126
f 128 129 127
f 127 129 130
f 130 131 127
f 127 131 132
f 134 1 133
f 133 1 135
f 1 4 135
f 135 4 136
f 4 8 136
f 136 8 137
f 138 139 15
f 15 139 140
f 140 139 141
f 141 139 142
f 144 57 143
f 143 57 56
f 145 146 141
f 141 146 147
f 146 149 148
f 148 149 150
f 152 153 151
f 151 153 154
f 141 147 140
f 140 147 155
f 157 11 156
f 156 11 158
f 160 161 159
f 159 161 162
f 164 165 163
f 163 165 166
f 165 160 166
f 166 160 159
f 168 169 167
f 167 169 170
f 169 171 170
f 170 171 172
f 149 173 150
f 150 173 174
f 175 176 149
f 149 176 173
f 178 172 177
f 177 172 171
f 180 181 179
f 179 181 182
f 184 180 183
f 183 180 179
f 186 187 185
f 185 187 188
f 190 191 189
f 189 191 192
f 7 193 8
f 8 193 194
f 196 162 195
f 195 162 161
f 197 168 198
f 198 168 167
f 181 199 182
f 182 199 200
f 202 203 201
f 201 203 204
f 187 186 205
f 205 186 206
f 208 209 207
f 207 209 210
f 212 213 211
f 211 213 214
f 215 216 218
f 218 216 217
f 220 209 219
f 219 209 208
f 204 186 221
f 221 186 185
f 201 204 222
f 222 204 221
f 223 211 220
f 220 211 209
f 224 225 214
f 214 225 210
f 203 206 204
f 204 206 186
f 227 187 226
f 226 187 205
f 27 228 21
f 21 228 22
f 230 231 229
f 229 231 232
f 234 235 233
f 233 235 236
f 238 239 237
f 237 239 240
f 119 122 118
f 118 122 115
f 112 242 241
f 241 242 243
f 98 51 244
f 244 51 50
f 245 138 14
f 14 138 15
f 11 10 158
f 158 10 246
f 89 85 69
f 69 85 70
f 11 157 12
f 12 157 247
f 249 164 248
f 248 164 163
f 177 250 178
f 178 250 251
f 253 254 252
f 252 254 255
f 187 227 188
f 188 227 256
f 212 257 213
f 213 257 258
f 260 134 259
f 259 134 133
f 165 164 135
f 135 164 133
f 160 165 136
f 136 165 135
f 136 137 160
f 160 137 161
f 137 261 161
f 161 261 195
f 263 264 262
f 262 264 265
f 13 16 266
f 266 16 267
f 268 267 155
f 155 267 16
f 147 269 155
f 155 269 268
f 162 196 167
f 167 196 198
f 167 170 162
f 162 170 159
f 170 172 159
f 159 172 166
f 172 178 166
f 166 178 163
f 178 251 163
f 163 251 248
f 168 270 169
f 169 270 271
f 272 273 171
f 171 273 177
f 271 272 169
f 169 272 171
f 168 197 270
f 270 197 274
f 250 177 275
f 275 177 273
f 277 45 276
f 276 45 278
f 280 281 279
f 279 281 282
f 284 104 283
f 283 104 103
f 285 215 286
f 286 215 218
f 288 289 287
f 287 289 290
f 291 80 66
f 66 80 83
f 293 294 292
f 292 294 295
f 73 91 74
f 74 91 87
f 91 73 92
f 92 73 75
f 279 77 280
f 280 77 76
f 80 291 70
f 70 291 71
f 277 47 96
f 96 47 82
f 297 175 296
f 296 175 149
f 299 154 298
f 298 154 153
f 225 300 210
f 210 300 207
f 224 301 206
f 206 301 205
f 210 209 214
f 214 209 211
f 226 205 302
f 302 205 301
f 304 305 303
f 303 305 306
f 308 309 307
f 307 309 310
f 72 291 65
f 65 291 66
f 66 83 67
f 67 83 46
f 312 313 311
f 311 313 314
f 316 317 315
f 315 317 36
f 29 318 35
f 35 318 319
f 321 32 320
f 320 32 322
f 311 314 323
f 323 314 324
f 315 325 316
f 316 325 326
f 318 287 319
f 319 287 290
f 328 321 327
f 327 321 320
f 329 330 39
f 39 330 331
f 332 333 40
f 40 333 322
f 309 334 285
f 285 334 335
f 236 2 134
f 134 2 1
f 260 336 233
f 233 336 337
f 237 14 265
f 265 14 13
f 84 86 44
f 44 86 98
f 189 192 7
f 7 192 193
f 44 98 41
f 41 98 244
f 237 240 14
f 14 240 245
f 7 3 189
f 189 3 5
f 338 71 72
f 72 71 291
f 262 265 266
f 266 265 13
f 124 123 339
f 339 123 105
f 123 109 105
f 105 109 106
f 189 5 190
f 190 5 106
f 111 114 12
f 12 114 9
f 264 340 265
f 265 340 237
f 342 343 341
f 341 343 344
f 6 235 105
f 105 235 339
f 234 346 345
f 345 346 347
f 349 350 348
f 348 350 351
f 107 352 108
f 108 352 353
f 355 356 354
f 354 356 357
f 237 340 238
f 238 340 358
f 12 247 111
f 111 247 359
f 264 263 116
f 116 263 360
f 361 362 222
f 222 362 201
f 364 365 363
f 363 365 366
f 368 369 367
f 367 369 370
f 372 373 371
f 371 373 374
f 375 376 372
f 372 376 377
f 378 379 381
f 381 379 380
f 382 383 269
f 269 383 268
f 150 174 365
f 365 174 384
f 380 377 381
f 381 377 376
f 271 270 180
f 180 270 181
f 273 272 252
f 252 272 184
f 272 271 184
f 184 271 180
f 181 270 274
f 252 255 273
f 273 255 275
f 254 385 255
f 255 385 386
f 387 388 179
f 179 388 183
f 389 387 182
f 182 387 179
f 182 200 389
f 389 200 390
f 388 391 183
f 183 391 253
f 391 392 253
f 253 392 254
f 394 379 393
f 393 379 378
f 185 188 395
f 395 188 396
f 221 185 397
f 397 185 395
f 222 221 398
f 398 221 397
f 188 256 396
f 396 256 399
f 400 401 256
f 256 401 399
f 402 403 405
f 405 403 404
f 148 150 364
f 364 150 365
f 393 406 394
f 394 406 407
f 158 246 393
f 393 246 406
f 342 19 238
f 238 19 239
f 23 22 350
f 350 22 354
f 244 50 245
f 245 50 138
f 55 142 53
f 53 142 139
f 145 144 296
f 296 144 143
f 355 228 341
f 341 228 20
f 41 240 42
f 42 240 239
f 283 308 284
f 284 308 307
f 349 409 408
f 408 409 410
f 244 245 41
f 41 245 240
f 268 383 406
f 406 383 407
f 346 411 349
f 349 411 409
f 251 412 248
f 248 412 413
f 275 414 250
f 250 414 415
f 25 45 26
f 26 45 277
f 43 26 96
f 96 26 277
f 416 417 61
f 61 417 62
f 329 24 408
f 408 24 23
f 31 40 32
f 32 40 322
f 39 38 329
f 329 38 24
f 37 38 30
f 30 38 31
f 418 419 421
f 421 419 420
f 78 295 79
f 79 295 294
f 124 339 422
f 422 339 345
f 232 131 357
f 357 131 351
f 2 236 6
f 6 236 235
f 252 184 253
f 253 184 183
f 227 423 256
f 256 423 400
f 423 227 305
f 305 227 226
f 424 258 425
f 425 258 257
f 426 427 212
f 212 427 257
f 259 133 249
f 249 133 164
f 419 418 428
f 428 418 429
f 327 430 328
f 328 430 288
f 49 431 46
f 46 431 67
f 306 302 424
f 424 302 258
f 313 432 314
f 314 432 433
f 32 321 29
f 29 321 318
f 324 314 433
f 287 318 328
f 328 318 321
f 134 260 236
f 236 260 233
f 345 339 234
f 234 339 235
f 357 351 354
f 354 351 350
f 408 23 349
f 349 23 350
f 317 278 36
f 36 278 45
f 432 313 429
f 429 313 428
f 435 428 434
f 434 428 313
f 42 239 18
f 18 239 19
f 43 42 26
f 26 42 18
f 121 120 436
f 436 120 437
f 302 301 258
f 258 301 213
f 110 109 126
f 126 109 123
f 238 358 342
f 342 358 343
f 341 20 342
f 342 20 19
f 322 438 320
f 320 438 439
f 320 439 327
f 327 439 430
f 333 440 322
f 322 440 438
f 289 288 323
f 323 288 430
f 115 340 116
f 116 340 264
f 146 145 149
f 149 145 296
f 15 140 16
f 16 140 155
f 441 442 152
f 152 442 153
f 225 224 203
f 203 224 206
f 175 297 154
f 154 297 151
f 293 443 294
f 294 443 444
f 248 413 249
f 249 413 445
f 446 447 400
f 400 447 401
f 388 387 396
f 396 387 395
f 387 389 395
f 395 389 397
f 391 388 399
f 399 388 396
f 401 392 399
f 399 392 391
f 255 386 275
f 275 386 414
f 449 450 448
f 448 450 451
f 335 452 285
f 285 452 215
f 453 298 442
f 442 298 153
f 211 223 212
f 212 223 426
f 425 257 454
f 454 257 427
f 266 10 262
f 262 10 9
f 360 113 456
f 456 113 455
f 8 194 137
f 137 194 261
f 10 266 246
f 246 266 267
f 203 202 225
f 225 202 300
f 262 9 263
f 263 9 114
f 108 353 190
f 190 353 191
f 389 390 397
f 397 390 398
f 457 422 128
f 128 422 129
f 156 158 378
f 378 158 393
f 347 346 348
f 348 346 349
f 447 458 401
f 401 458 392
f 364 382 148
f 148 382 269
f 55 54 57
f 57 54 58
f 75 64 459
f 459 64 460
f 100 90 101
f 101 90 95
f 101 58 100
f 100 58 54
f 142 55 144
f 144 55 57
f 147 146 269
f 269 146 148
f 459 93 75
f 75 93 92
f 144 145 142
f 142 145 141
f 228 27 20
f 20 27 17
f 154 299 175
f 175 299 176
f 214 213 224
f 224 213 301
f 424 461 306
f 306 461 303
f 285 286 309
f 309 286 310
f 462 334 308
f 308 334 309
f 302 306 226
f 226 306 305
f 37 28 21
f 21 28 27
f 29 35 30
f 30 35 34
f 30 34 37
f 37 34 28
f 344 436 356
f 356 436 229
f 325 290 326
f 326 290 289
f 311 439 312
f 312 439 438
f 35 319 36
f 36 319 315
f 439 311 430
f 430 311 323
f 315 319 325
f 325 319 290
f 440 463 438
f 438 463 312
f 341 344 355
f 355 344 356
f 360 456 116
f 116 456 117
f 354 22 355
f 355 22 228
f 326 289 324
f 324 289 323
f 74 87 68
f 68 87 69
f 50 53 138
f 138 53 139
f 268 406 267
f 267 406 246
f 190 106 108
f 108 106 109
f 241 455 112
f 112 455 113
f 358 122 343
f 343 122 121
f 129 347 130
f 130 347 348
f 348 351 130
f 130 351 131
f 229 232 356
f 356 232 357
f 340 115 358
f 358 115 122
f 111 359 112
f 112 359 242
f 125 124 457
f 457 124 422
f 231 132 232
f 232 132 131
f 343 121 344
f 344 121 436
f 263 114 360
f 360 114 113
f 347 129 345
f 345 129 422
f 230 229 437
f 437 229 436
f 464 446 423
f 423 446 400
f 465 466 468
f 468 466 467
f 470 471 469
f 469 471 472
f 469 472 373
f 373 472 374
f 474 469 473
f 473 469 373
f 471 475 472
f 472 475 476
f 472 477 374
f 374 477 478
f 477 472 476
f 479 480 476
f 476 480 477
f 473 373 377
f 377 373 372
f 481 482 479
f 479 482 480
f 483 484 481
f 481 484 482
f 403 402 485
f 485 402 486
f 487 488 483
f 483 488 484
f 487 489 488
f 488 489 490
f 489 491 490
f 490 491 492
f 491 493 492
f 492 493 494
f 493 495 494
f 494 495 496
f 497 498 481
f 481 498 483
f 484 499 482
f 482 499 367
f 370 480 367
f 367 480 482
f 480 370 477
f 477 370 478
f 500 497 479
f 479 497 481
f 451 473 380
f 380 473 377
f 448 451 379
f 379 451 380
f 501 502 504
f 504 502 503
f 449 505 507
f 507 505 506
f 486 508 505
f 505 508 506
f 508 509 506
f 506 509 510
f 511 507 510
f 510 507 506
f 509 508 512
f 512 508 513
f 515 509 514
f 514 509 512
f 509 515 510
f 510 515 516
f 510 516 511
f 511 516 517
f 486 505 485
f 485 505 518
f 505 449 518
f 518 449 448
f 383 382 403
f 403 382 404
f 363 404 364
f 364 404 382
f 403 485 383
f 383 485 407
f 519 520 361
f 361 520 362
f 522 496 521
f 521 496 495
f 450 474 451
f 451 474 473
f 363 366 523
f 523 366 524
f 525 499 488
f 488 499 484
f 488 490 525
f 525 490 526
f 496 522 520
f 520 522 527
f 494 496 519
f 519 496 520
f 492 494 528
f 528 494 519
f 529 530 495
f 495 530 521
f 490 492 526
f 526 492 528
f 529 495 531
f 531 495 493
f 533 534 532
f 532 534 535
f 523 524 533
f 533 524 534
f 486 402 532
f 532 402 533
f 529 536 530
f 530 536 537
f 536 538 537
f 537 538 539
f 540 541 539
f 539 541 537
f 530 537 535
f 535 537 541
f 542 539 543
f 543 539 538
f 539 542 540
f 540 542 544
f 541 540 513
f 513 540 512
f 540 544 512
f 512 544 514
f 546 547 545
f 545 547 548
f 549 550 531
f 531 550 551
f 550 549 552
f 552 549 553
f 546 550 554
f 554 550 552
f 547 546 555
f 555 546 554
f 498 556 558
f 558 556 557
f 559 557 560
f 560 557 556
f 561 562 560
f 560 562 559
f 557 559 552
f 552 559 554
f 559 562 554
f 554 562 555
f 558 557 553
f 553 557 552
f 475 471 563
f 563 471 564
f 565 563 567
f 567 563 566
f 471 470 564
f 564 470 466
f 564 466 568
f 568 466 465
f 568 465 569
f 569 465 570
f 572 573 571
f 571 573 574
f 569 575 567
f 567 575 576
f 577 565 576
f 576 565 567
f 578 579 581
f 581 579 580
f 575 561 576
f 576 561 560
f 556 577 560
f 560 577 576
f 577 556 497
f 497 556 498
f 565 577 500
f 500 577 497
f 563 565 475
f 475 565 500
f 553 489 558
f 558 489 487
f 531 493 549
f 549 493 491
f 489 553 491
f 491 553 549
f 394 407 518
f 518 407 485
f 518 448 394
f 394 448 379
f 545 548 538
f 538 548 543
f 551 545 536
f 536 545 538
f 536 529 551
f 551 529 531
f 507 582 449
f 449 582 450
f 511 583 507
f 507 583 582
f 511 517 583
f 583 517 584
f 585 586 588
f 588 586 587
f 590 591 589
f 589 591 592
f 591 590 593
f 593 590 594
f 596 597 595
f 595 597 598
f 599 600 602
f 602 600 601
f 604 605 603
f 603 605 606
f 608 609 607
f 607 609 610
f 612 613 611
f 611 613 614
f 615 616 618
f 618 616 617
f 620 621 619
f 619 621 622
f 624 625 623
f 623 625 626
f 628 629 627
f 627 629 630
f 632 633 631
f 631 633 634
f 635 636 638
f 638 636 637
f 639 640 642
f 642 640 641
f 644 645 643
f 643 645 646
f 619 622 647
f 647 622 648
f 650 651 649
f 649 651 652
f 601 653 602
f 602 653 654
f 656 657 655
f 655 657 658
f 660 661 659
f 659 661 662
f 664 665 663
f 663 665 666
f 593 594 667
f 667 594 668
f 669 670 672
f 672 670 671
f 673 674 676
f 676 674 675
f 633 632 677
f 677 632 678
f 663 666 679
f 679 666 680
f 681 682 684
f 684 682 683
f 686 687 685
f 685 687 688
f 690 661 689
f 689 661 691
f 693 686 692
f 692 686 685
f 695 597 694
f 694 597 668
f 594 696 668
f 668 696 694
f 697 698 696
f 696 698 699
f 700 701 697
f 697 701 698
f 702 585 703
f 703 585 588
f 671 690 672
f 672 690 689
f 640 639 704
f 704 639 705
f 679 706 663
f 663 706 658
f 708 709 707
f 707 709 710
f 711 712 610
f 610 712 607
f 713 714 716
f 716 714 715
f 717 718 720
f 720 718 719
f 722 634 721
f 721 634 633
f 724 725 723
f 723 725 726
f 728 729 727
f 727 729 730
f 732 733 731
f 731 733 734
f 707 710 735
f 735 710 736
f 643 737 644
f 644 737 738
f 740 741 739
f 739 741 742
f 608 744 743
f 743 744 745
f 747 748 746
f 746 748 749
f 751 752 750
f 750 752 753
f 754 755 757
f 757 755 756
f 758 759 761
f 761 759 760
f 763 764 762
f 762 764 765
f 767 768 766
f 766 768 769
f 771 772 770
f 770 772 773
f 775 776 774
f 774 776 777
f 779 780 778
f 778 780 781
f 783 712 782
f 782 712 784
f 785 786 788
f 788 786 787
f 790 628 789
f 789 628 627
f 792 793 791
f 791 793 794
f 795 796 726
f 726 796 723
f 798 799 797
f 797 799 800
f 721 633 801
f 801 633 677
f 797 800 802
f 802 800 803
f 805 806 804
f 804 806 807
f 809 810 808
f 808 810 811
f 813 814 812
f 812 814 815
f 809 808 817
f 817 808 816
f 818 819 804
f 804 819 805
f 820 821 818
f 818 821 819
f 821 820 587
f 587 820 822
f 809 823 810
f 810 823 824
f 814 807 815
f 815 807 806
f 826 426 825
f 825 426 223
f 426 826 427
f 427 826 827
f 828 829 454
f 454 829 830
f 831 832 677
f 677 832 801
f 834 835 833
f 833 835 836
f 838 839 837
f 837 839 840
f 841 842 844
f 844 842 843
f 845 846 803
f 803 846 802
f 847 831 678
f 678 831 677
f 848 849 851
f 851 849 850
f 853 854 852
f 852 854 855
f 857 858 856
f 856 858 680
f 860 861 859
f 859 861 862
f 864 865 863
f 863 865 866
f 868 869 867
f 867 869 870
f 839 871 840
f 840 871 872
f 849 848 874
f 874 848 873
f 876 877 875
f 875 877 878
f 880 881 879
f 879 881 882
f 883 884 886
f 886 884 885
f 846 887 802
f 802 887 888
f 890 891 889
f 889 891 888
f 893 894 892
f 892 894 895
f 896 897 728
f 728 897 729
f 899 900 898
f 898 900 901
f 902 852 904
f 904 852 903
f 849 905 850
f 850 905 906
f 875 878 907
f 907 878 908
f 910 911 909
f 909 911 912
f 914 915 913
f 913 915 916
f 917 918 862
f 862 918 859
f 919 920 856
f 856 920 921
f 923 924 922
f 922 924 925
f 926 927 925
f 925 927 922
f 929 930 928
f 928 930 693
f 932 695 931
f 931 695 694
f 823 867 824
f 824 867 933
f 935 936 934
f 934 936 937
f 938 868 823
f 823 868 867
f 940 847 939
f 939 847 678
f 632 655 678
f 678 655 939
f 941 942 619
f 619 942 620
f 687 943 688
f 688 943 944
f 851 850 945
f 945 850 903
f 850 906 903
f 903 906 904
f 946 947 949
f 949 947 948
f 951 952 950
f 950 952 953
f 955 956 954
f 954 956 957
f 907 958 875
f 875 958 874
f 960 961 959
f 959 961 962
f 963 853 902
f 902 853 852
f 909 964 910
f 910 964 965
f 967 968 966
f 966 968 969
f 971 972 970
f 970 972 973
f 974 960 975
f 975 960 959
f 977 978 976
f 976 978 979
f 981 977 980
f 980 977 976
f 980 982 981
f 981 982 983
f 985 983 984
f 984 983 982
f 984 986 985
f 985 986 987
f 989 990 988
f 988 990 991
f 993 994 992
f 992 994 995
f 997 998 996
f 996 998 999
f 1001 1002 1000
f 1000 1002 1003
f 1005 1006 1004
f 1004 1006 1007
f 1004 1008 1005
f 1005 1008 1009
f 1008 1010 1009
f 1009 1010 1011
f 1013 1011 1012
f 1012 1011 1010
f 1014 1015 1017
f 1017 1015 1016
f 1019 1020 1018
f 1018 1020 1021
f 1022 1023 976
f 976 1023 980
f 1024 1025 982
f 982 1025 984
f 992 995 1026
f 1026 995 1027
f 956 955 1028
f 1028 955 1029
f 1030 1031 1033
f 1033 1031 1032
f 1010 1008 1034
f 1034 1008 1035
f 1008 1004 1035
f 1035 1004 1036
f 1037 1038 1002
f 1002 1038 1007
f 1002 1001 1037
f 1037 1001 1039
f 1040 1041 997
f 997 1041 998
f 1015 1014 1043
f 1043 1014 1042
f 1044 1045 1047
f 1047 1045 1046
f 1044 1020 1048
f 1048 1020 1049
f 1050 1051 1003
f 1003 1051 1000
f 1052 1050 1006
f 1006 1050 1003
f 1053 1054 1011
f 1011 1054 1009
f 1013 1045 1055
f 1055 1045 1056
f 1058 1059 1057
f 1057 1059 1060
f 1062 1063 1061
f 1061 1063 1064
f 1065 1066 1050
f 1050 1066 1051
f 1067 1065 1052
f 1052 1065 1050
f 1068 1069 1054
f 1054 1069 1070
f 1071 1068 1053
f 1053 1068 1054
f 1073 1071 1072
f 1072 1071 1074
f 1074 1071 1055
f 1055 1071 1053
f 1076 1077 1075
f 1075 1077 1078
f 1079 1080 1057
f 1057 1080 1058
f 1081 1082 1064
f 1064 1082 1061
f 1084 1085 1083
f 1083 1085 1086
f 1088 1089 1087
f 1087 1089 1090
f 1092 1093 1091
f 1091 1093 1094
f 1096 1097 1095
f 1095 1097 1098
f 1099 1100 1102
f 1102 1100 1101
f 1103 1104 1099
f 1099 1104 1100
f 1106 1107 1105
f 1105 1107 1108
f 1110 1111 1109
f 1109 1111 1112
f 1114 1115 1113
f 1113 1115 1116
f 1118 1119 1117
f 1117 1119 1077
f 1117 1120 1122
f 1122 1120 1121
f 1105 1123 1106
f 1106 1123 1124
f 1125 1126 1128
f 1128 1126 1127
f 1130 1131 1129
f 1129 1131 1132
f 1134 1135 1133
f 1133 1135 1114
f 1113 1136 1114
f 1114 1136 1133
f 1118 1137 1113
f 1113 1137 1136
f 1118 1117 1137
f 1137 1117 1122
f 1139 1140 1138
f 1138 1140 1141
f 1143 953 1142
f 1142 953 952
f 1145 957 1144
f 1144 957 956
f 1028 1146 956
f 956 1146 1144
f 1014 1147 1042
f 1042 1147 1148
f 1014 1017 1147
f 1147 1017 1149
f 1059 1058 1150
f 1150 1058 1151
f 1153 1080 1152
f 1152 1080 1154
f 1156 1088 1155
f 1155 1088 1087
f 1157 1158 1106
f 1106 1158 1107
f 1106 1124 1157
f 1157 1124 1159
f 1161 1162 1160
f 1160 1162 1163
f 1165 1166 1164
f 1164 1166 1167
f 1168 1031 1012
f 1012 1031 1046
f 1024 1023 1035
f 1035 1023 1034
f 1036 1038 1025
f 1025 1038 1169
f 1170 1171 1039
f 1039 1171 1037
f 1028 1029 1042
f 1042 1029 1043
f 1172 1173 1175
f 1175 1173 1174
f 1055 1053 1013
f 1013 1053 1011
f 1005 1009 1070
f 1070 1009 1054
f 996 999 1062
f 1062 999 1063
f 1016 1060 1017
f 1017 1060 1059
f 1017 1059 1149
f 1149 1059 1150
f 1177 1178 1176
f 1176 1178 1103
f 1176 1072 1179
f 1179 1072 1074
f 1073 1102 1086
f 1086 1102 1083
f 1180 1181 1067
f 1067 1181 1065
f 1182 1183 1184
f 1184 1183 1181
f 1186 1187 1185
f 1185 1187 1188
f 1189 1190 798
f 798 1190 799
f 1192 1193 1191
f 1191 1193 1194
f 1195 1196 1194
f 1194 1196 1191
f 1196 1195 1198
f 1198 1195 1197
f 1200 674 1199
f 1199 674 673
f 928 1201 1203
f 1203 1201 1202
f 861 1204 862
f 862 1204 921
f 1205 1206 913
f 913 1206 1207
f 882 1208 879
f 879 1208 1209
f 1210 1211 1167
f 1167 1211 1164
f 1212 769 1213
f 1213 769 768
f 727 1214 728
f 728 1214 1215
f 1217 1218 1216
f 1216 1218 1219
f 1220 813 1221
f 1221 813 812
f 827 828 427
f 427 828 454
f 1223 1224 1222
f 1222 1224 1165
f 1226 1227 1225
f 1225 1227 1228
f 851 1229 848
f 848 1229 1230
f 834 854 835
f 835 854 1231
f 1233 1234 1232
f 1232 1234 1235
f 1237 751 1236
f 1236 751 750
f 743 819 1238
f 1238 819 821
f 1240 1241 1239
f 1239 1241 1242
f 1244 1245 1243
f 1243 1245 1246
f 844 1247 841
f 841 1247 1248
f 1250 1251 1249
f 1249 1251 1252
f 1254 893 1253
f 1253 893 1237
f 1255 1256 1258
f 1258 1256 1257
f 1260 1261 1259
f 1259 1261 1262
f 945 903 855
f 855 903 852
f 855 1263 945
f 945 1263 1264
f 832 845 801
f 801 845 803
f 800 721 803
f 803 721 801
f 721 800 722
f 722 800 799
f 1266 1267 1265
f 1265 1267 1268
f 1270 795 1269
f 1269 795 726
f 725 1271 726
f 726 1271 1269
f 737 765 738
f 738 765 764
f 759 740 760
f 760 740 739
f 717 1272 1274
f 1274 1272 1273
f 1163 1226 1275
f 1275 1226 1225
f 1277 882 1276
f 1276 882 881
f 1041 1040 1027
f 1027 1040 1026
f 900 935 901
f 901 935 934
f 1164 1278 1165
f 1165 1278 1222
f 1211 1279 1164
f 1164 1279 1278
f 442 1280 453
f 453 1280 1281
f 788 1282 785
f 785 1282 1283
f 1285 1286 1284
f 1284 1286 1287
f 1284 1288 1285
f 1285 1288 1289
f 757 1289 754
f 754 1289 1288
f 605 604 675
f 675 604 676
f 1290 1291 1293
f 1293 1291 1292
f 1295 1296 1294
f 1294 1296 1297
f 696 699 694
f 694 699 931
f 1298 1299 592
f 592 1299 589
f 1299 1300 589
f 589 1300 700
f 1300 1301 700
f 700 1301 701
f 743 745 819
f 819 745 805
f 1303 1304 1302
f 1302 1304 1305
f 1306 1307 1305
f 1305 1307 1302
f 609 1298 610
f 610 1298 592
f 587 822 588
f 588 822 1308
f 703 588 1309
f 1309 588 1308
f 1310 703 571
f 571 703 1309
f 1311 1312 789
f 789 1312 790
f 825 223 1313
f 1313 223 220
f 219 1314 220
f 220 1314 1313
f 1315 1316 1311
f 1311 1316 1312
f 1317 1318 1319
f 1319 1318 1241
f 441 1320 442
f 442 1320 1280
f 1321 217 572
f 572 217 216
f 1323 1230 1322
f 1322 1230 1229
f 1324 1325 631
f 631 1325 656
f 1034 1168 1010
f 1010 1168 1012
f 1327 1328 1326
f 1326 1328 1329
f 1331 1202 1330
f 1330 1202 1201
f 571 1309 572
f 572 1309 1321
f 573 572 1332
f 1332 572 216
f 1334 1335 1333
f 1333 1335 1336
f 1337 1338 918
f 918 1338 859
f 1339 863 1340
f 1340 863 866
f 1341 1342 1344
f 1344 1342 1343
f 1345 1346 919
f 919 1346 920
f 1347 1348 673
f 673 1348 1199
f 693 1349 928
f 928 1349 1201
f 1351 1257 1350
f 1350 1257 1256
f 1350 1352 1351
f 1351 1352 1353
f 653 930 654
f 654 930 662
f 1279 1354 1278
f 1278 1354 1355
f 1357 1358 1356
f 1356 1358 1359
f 937 1360 1140
f 1140 1360 1361
f 1225 1228 909
f 909 1228 964
f 901 934 1362
f 1362 934 1139
f 1364 1365 1363
f 1363 1365 1362
f 1367 912 1366
f 1366 912 911
f 1143 1142 1368
f 1368 1142 1369
f 1144 1186 1145
f 1145 1186 1185
f 1146 1175 1144
f 1144 1175 1186
f 1175 1146 1172
f 1172 1146 1148
f 1147 1018 1148
f 1148 1018 1172
f 1018 1147 1019
f 1019 1147 1149
f 1149 1150 1019
f 1019 1150 1370
f 1150 1151 1370
f 1370 1151 1371
f 1151 1153 1371
f 1371 1153 1177
f 1152 1156 1178
f 1178 1156 1372
f 1155 1158 1373
f 1373 1158 1374
f 1157 1159 1376
f 1376 1159 1375
f 1378 1379 1377
f 1377 1379 1380
f 1382 1383 1381
f 1381 1383 1384
f 1382 1386 1385
f 1385 1386 1387
f 1386 1233 1387
f 1387 1233 1232
f 1389 1390 1388
f 1388 1390 1391
f 1393 1394 1392
f 1392 1394 1395
f 1397 1398 1396
f 1396 1398 1399
f 629 1397 630
f 630 1397 1396
f 1342 1400 1343
f 1343 1400 1401
f 1403 1404 1402
f 1402 1404 1405
f 1407 1408 1406
f 1406 1408 1409
f 1411 1412 1410
f 1410 1412 1413
f 793 1414 794
f 794 1414 1415
f 1417 1341 1416
f 1416 1341 1344
f 704 705 1347
f 1347 705 1418
f 741 1419 742
f 742 1419 1420
f 1422 669 1421
f 1421 669 672
f 645 1423 646
f 646 1423 1424
f 1196 1198 614
f 614 1198 611
f 613 1425 614
f 614 1425 1426
f 1427 616 659
f 659 616 660
f 614 1426 1196
f 1196 1426 1191
f 696 594 697
f 697 594 590
f 697 590 700
f 700 590 589
f 703 1310 702
f 702 1310 1428
f 1421 672 1192
f 1192 672 689
f 1271 648 1269
f 1269 648 622
f 621 1270 622
f 622 1270 1269
f 1429 1430 1417
f 1417 1430 1341
f 1431 1432 1434
f 1434 1432 1433
f 1436 1437 1435
f 1435 1437 1438
f 1440 1441 1439
f 1439 1441 1442
f 1443 1444 1446
f 1446 1444 1445
f 823 809 938
f 938 809 817
f 810 1447 811
f 811 1447 1448
f 1449 1450 679
f 679 1450 706
f 913 916 1205
f 1205 916 1451
f 1275 1225 912
f 912 1225 909
f 1452 1453 880
f 880 1453 881
f 1444 1401 1445
f 1445 1401 1400
f 936 1454 937
f 937 1454 1360
f 824 1455 810
f 810 1455 1447
f 631 656 632
f 632 656 655
f 966 1456 967
f 967 1456 1457
f 1459 1460 1458
f 1458 1460 1461
f 1460 1462 1461
f 1461 1462 1463
f 972 974 973
f 973 974 975
f 990 995 991
f 991 995 994
f 1464 1187 1033
f 1033 1187 1174
f 1018 1021 1172
f 1172 1021 1173
f 1000 999 1001
f 1001 999 998
f 976 979 1022
f 1022 979 1032
f 1023 1024 980
f 980 1024 982
f 989 986 1171
f 1171 986 1169
f 1171 1170 989
f 989 1170 990
f 1170 1027 990
f 990 1027 995
f 1041 1039 998
f 998 1039 1001
f 1051 1063 1000
f 1000 1063 999
f 1066 1064 1051
f 1051 1064 1063
f 1183 1081 1066
f 1066 1081 1064
f 1178 1372 1103
f 1103 1372 1104
f 1092 1091 1465
f 1465 1091 1182
f 1467 1465 1466
f 1466 1465 1468
f 1469 1470 1184
f 1184 1470 1468
f 1095 1098 1471
f 1471 1098 1101
f 1076 1374 1120
f 1120 1374 1376
f 1110 1472 1127
f 1127 1472 1132
f 1472 1473 1132
f 1132 1473 1129
f 1474 1475 1466
f 1466 1475 1473
f 1119 1118 1116
f 1116 1118 1113
f 1375 1121 1376
f 1376 1121 1120
f 1127 1132 1128
f 1128 1132 1131
f 1227 1476 1228
f 1228 1476 1361
f 1365 1477 1362
f 1362 1477 872
f 1478 1479 1323
f 1323 1479 1230
f 1480 1481 914
f 914 1481 915
f 913 1277 914
f 914 1277 1276
f 1168 1034 1022
f 1022 1034 1023
f 1035 1036 1024
f 1024 1036 1025
f 1039 1041 1170
f 1170 1041 1027
f 1042 1148 1028
f 1028 1148 1146
f 968 1459 969
f 969 1459 1458
f 1482 1483 664
f 664 1483 665
f 1485 1486 1484
f 1484 1486 1487
f 1489 1490 1488
f 1488 1490 1491
f 1492 1493 722
f 722 1493 634
f 1495 1496 1494
f 1494 1496 1497
f 1498 1207 1339
f 1339 1207 863
f 1224 1499 1165
f 1165 1499 1166
f 1160 1163 1500
f 1500 1163 1275
f 1500 877 1160
f 1160 877 1501
f 876 873 1502
f 1502 873 1479
f 945 1264 851
f 851 1264 1229
f 835 1231 839
f 839 1231 871
f 1503 1283 778
f 778 1283 1282
f 716 715 1505
f 1505 715 1504
f 1446 1445 1507
f 1507 1445 1506
f 779 792 1381
f 1381 792 791
f 1430 1409 1341
f 1341 1409 1342
f 1411 1429 1508
f 1508 1429 1417
f 635 1510 1509
f 1509 1510 1511
f 1377 1380 1315
f 1315 1380 1316
f 1445 1400 1506
f 1506 1400 1408
f 918 917 1336
f 1336 917 1333
f 1513 1514 1512
f 1512 1514 870
f 1515 1516 1363
f 1363 1516 1364
f 1453 1517 881
f 881 1517 1276
f 992 1518 993
f 993 1518 1519
f 1520 1029 1518
f 1518 1029 955
f 1520 1026 1521
f 1521 1026 1040
f 1522 1015 1521
f 1521 1015 1043
f 996 1523 997
f 997 1523 1522
f 1060 1016 1524
f 1524 1016 1523
f 1061 1525 1062
f 1062 1525 1524
f 1079 1527 1526
f 1526 1527 1528
f 1093 1529 1094
f 1094 1529 1528
f 1111 1530 1112
f 1112 1530 1531
f 1532 1533 1105
f 1105 1533 1123
f 934 937 1139
f 1139 937 1140
f 1138 1363 1139
f 1139 1363 1362
f 1534 1222 1355
f 1355 1222 1278
f 1535 1223 1534
f 1534 1223 1222
f 821 587 1238
f 1238 587 586
f 1319 711 1317
f 1317 711 1536
f 1538 1200 1537
f 1537 1200 1199
f 1508 1417 1539
f 1539 1417 1416
f 1540 1541 840
f 840 1541 837
f 1231 898 871
f 871 898 901
f 1500 1275 1367
f 1367 1275 912
f 1543 1379 1542
f 1542 1379 1395
f 1539 772 1508
f 1508 772 1544
f 1546 1403 1545
f 1545 1403 1402
f 1548 1549 1547
f 1547 1549 1550
f 1552 1548 1551
f 1551 1548 1547
f 1554 1555 1553
f 1553 1555 1556
f 1558 1559 1557
f 1557 1559 1560
f 1562 1563 1561
f 1561 1563 1564
f 1566 1567 1565
f 1565 1567 1568
f 1570 1571 1569
f 1569 1571 1572
f 1574 1575 1573
f 1573 1575 1576
f 1577 1578 1572
f 1572 1578 1569
f 1580 1581 1579
f 1579 1581 1582
f 1584 1585 1583
f 1583 1585 1586
f 1588 1555 1587
f 1587 1555 1589
f 1591 1592 1590
f 1590 1592 1593
f 1595 1596 1594
f 1594 1596 1597
f 1596 1581 1597
f 1597 1581 1576
f 1599 1570 1598
f 1598 1570 1569
f 1601 1602 1600
f 1600 1602 1603
f 1605 1606 1604
f 1604 1606 1607
f 1608 1609 1568
f 1568 1609 1565
f 1611 1612 1610
f 1610 1612 1613
f 1615 1616 1614
f 1614 1616 1617
f 1619 1617 1618
f 1618 1617 1616
f 1621 1622 1620
f 1620 1622 1623
f 1625 1626 1624
f 1624 1626 1627
f 1629 1630 1628
f 1628 1630 1631
f 1633 1634 1632
f 1632 1634 1635
f 1636 1637 1639
f 1639 1637 1638
f 1641 1642 1640
f 1640 1642 1643
f 1624 1627 1644
f 1644 1627 1645
f 1647 1648 1646
f 1646 1648 1649
f 1651 1652 1650
f 1650 1652 1653
f 1655 1656 1654
f 1654 1656 1657
f 1659 1660 1658
f 1658 1660 1661
f 1662 1663 1631
f 1631 1663 1628
f 1651 1665 1664
f 1664 1665 1666
f 1667 1656 1619
f 1619 1656 1617
f 1669 1670 1668
f 1668 1670 1671
f 1632 1635 1672
f 1672 1635 1673
f 1674 1675 1638
f 1638 1675 1639
f 1677 1678 1676
f 1676 1678 1679
f 1680 1640 1681
f 1681 1640 1643
f 1682 1683 1643
f 1643 1683 1681
f 1670 1669 1235
f 1235 1669 1232
f 1396 1399 1674
f 1674 1399 1675
f 627 630 1679
f 1679 630 1676
f 1681 1315 1680
f 1680 1315 1311
f 1683 1377 1681
f 1681 1377 1315
f 1672 1673 1387
f 1387 1673 1385
f 1636 1684 1646
f 1646 1684 1685
f 1687 1688 1686
f 1686 1688 1689
f 1585 1690 1586
f 1586 1690 1691
f 1599 1692 1551
f 1551 1692 1693
f 1552 1558 1694
f 1694 1558 1557
f 1696 1615 1695
f 1695 1615 1614
f 1698 1699 1697
f 1697 1699 1623
f 1700 1701 1703
f 1703 1701 1702
f 1705 1706 1704
f 1704 1706 1707
f 1708 1709 1640
f 1640 1709 1641
f 1710 1711 1713
f 1713 1711 1712
f 1652 1655 1653
f 1653 1655 1654
f 1714 1699 1712
f 1712 1699 1713
f 1715 1710 1716
f 1716 1710 1713
f 1717 1708 1680
f 1680 1708 1640
f 1393 1392 1715
f 1715 1392 1710
f 1719 1720 1718
f 1718 1720 1721
f 1680 1311 1717
f 1717 1311 789
f 1378 1711 1392
f 1392 1711 1710
f 1388 1391 1719
f 1719 1391 1720
f 1723 1606 1722
f 1722 1606 1689
f 1725 1568 1724
f 1724 1568 1567
f 1726 1647 1685
f 1685 1647 1646
f 1728 1554 1727
f 1727 1554 1553
f 1591 1687 1600
f 1600 1687 1686
f 1730 1595 1729
f 1729 1595 1594
f 1601 1605 1731
f 1731 1605 1604
f 1733 1663 1732
f 1732 1663 1734
f 1736 1639 1735
f 1735 1639 1675
f 1658 1644 1737
f 1737 1644 1645
f 1726 1662 1724
f 1724 1662 1631
f 1399 1738 1675
f 1675 1738 1735
f 1621 1667 1739
f 1739 1667 1619
f 1714 1740 1620
f 1620 1740 1741
f 1592 1549 1593
f 1593 1549 1742
f 1602 1571 1603
f 1603 1571 1550
f 1688 1690 1689
f 1689 1690 1722
f 1588 1559 1582
f 1582 1559 1579
f 1673 1735 1385
f 1385 1735 1738
f 1387 1232 1672
f 1672 1232 1669
f 1580 1692 1573
f 1573 1692 1743
f 1377 1683 1378
f 1378 1683 1711
f 1664 1666 1744
f 1744 1666 1745
f 1744 1696 1664
f 1664 1696 1695
f 1746 1747 1732
f 1732 1747 1748
f 1749 1750 1677
f 1677 1750 1678
f 1709 1708 1750
f 1750 1708 1678
f 1668 1632 1669
f 1669 1632 1672
f 1633 1746 1734
f 1734 1746 1732
f 1679 1678 1717
f 1717 1678 1708
f 789 627 1717
f 1717 627 1679
f 1563 1723 1564
f 1564 1723 1722
f 1728 1584 1751
f 1751 1584 1583
f 1674 1676 1396
f 1396 1676 630
f 1666 1566 1745
f 1745 1566 1565
f 1627 1629 1645
f 1645 1629 1628
f 1637 1749 1638
f 1638 1749 1677
f 1648 1665 1649
f 1649 1665 1752
f 1740 1642 1741
f 1741 1642 1657
f 1676 1674 1677
f 1677 1674 1638
f 1683 1682 1711
f 1711 1682 1712
f 1618 1753 1619
f 1619 1753 1739
f 1701 1739 1702
f 1702 1739 1753
f 1754 1214 1756
f 1756 1214 1755
f 647 1757 619
f 619 1757 941
f 1759 1193 1758
f 1758 1193 691
f 1419 1760 1420
f 1420 1760 1761
f 682 1762 683
f 683 1762 1763
f 1412 780 1413
f 1413 780 1384
f 1383 1398 1384
f 1384 1398 1413
f 1197 1424 1764
f 1764 1424 1423
f 1537 1287 1538
f 1538 1287 1286
f 1634 1684 1635
f 1635 1684 1736
f 1724 1631 1725
f 1725 1631 1630
f 1562 1730 1610
f 1610 1730 1729
f 1735 1673 1736
f 1736 1673 1635
f 1757 1195 941
f 941 1195 1194
f 1766 200 1765
f 1765 200 199
f 475 500 476
f 476 500 479
f 498 558 483
f 483 558 487
f 545 551 546
f 546 551 550
f 453 1281 219
f 219 1281 1314
f 298 453 208
f 208 453 219
f 368 1765 1767
f 1767 1765 199
f 523 405 363
f 363 405 404
f 523 533 405
f 405 533 402
f 298 208 299
f 299 208 207
f 299 207 176
f 176 207 300
f 176 300 173
f 173 300 202
f 173 202 174
f 174 202 201
f 1337 918 1768
f 1768 918 1336
f 1769 1770 1338
f 1338 1770 859
f 581 570 578
f 578 570 1771
f 555 562 580
f 580 562 561
f 504 1772 501
f 501 1772 548
f 517 542 584
f 584 542 543
f 515 514 516
f 516 514 544
f 542 517 544
f 544 517 516
f 561 575 580
f 580 575 581
f 575 569 581
f 581 569 570
f 501 548 1773
f 1773 548 547
f 1774 1775 570
f 570 1775 1771
f 369 368 1776
f 1776 368 1767
f 372 369 375
f 375 369 1776
f 822 1280 1308
f 1308 1280 1320
f 820 1281 822
f 822 1281 1280
f 818 1314 820
f 820 1314 1281
f 1314 818 1313
f 1313 818 804
f 807 814 825
f 825 814 826
f 814 813 826
f 826 813 827
f 813 1220 827
f 827 1220 828
f 580 579 555
f 555 579 547
f 1477 1540 872
f 872 1540 840
f 367 499 368
f 368 499 1765
f 1766 1765 525
f 525 1765 499
f 1777 1766 526
f 526 1766 525
f 520 527 362
f 362 527 384
f 361 1778 519
f 519 1778 528
f 371 1779 372
f 372 1779 369
f 369 1779 370
f 370 1779 478
f 1779 371 478
f 478 371 374
f 1778 1777 528
f 528 1777 526
f 1781 1782 1780
f 1780 1782 1783
f 431 460 67
f 67 460 64
f 68 338 74
f 74 338 72
f 1785 1782 1784
f 1784 1782 1786
f 1787 1788 1790
f 1790 1788 1789
f 1792 1789 1791
f 1791 1789 1793
f 1791 1794 1792
f 1792 1794 1795
f 1794 1796 1795
f 1795 1796 1797
f 1797 1798 938
f 938 1798 868
f 1798 1799 868
f 868 1799 869
f 1801 1802 1800
f 1800 1802 1451
f 1803 1804 1205
f 1205 1804 1206
f 1805 1806 864
f 864 1806 865
f 1806 1807 865
f 865 1807 1808
f 68 71 338
f 287 328 288
f 1320 1321 1308
f 1308 1321 1309
f 1320 441 1321
f 1321 441 217
f 441 152 217
f 217 152 218
f 151 286 152
f 152 286 218
f 297 310 151
f 151 310 286
f 296 307 297
f 297 307 310
f 296 143 307
f 307 143 284
f 143 56 284
f 284 56 104
f 56 59 104
f 104 59 63
f 59 102 63
f 63 102 60
f 102 94 60
f 60 94 282
f 93 459 279
f 279 459 77
f 459 460 77
f 77 460 78
f 460 431 78
f 78 431 295
f 431 49 295
f 295 49 292
f 48 421 49
f 49 421 292
f 276 278 418
f 418 278 429
f 317 432 278
f 278 432 429
f 432 317 433
f 433 317 316
f 326 324 316
f 316 324 433
f 1536 592 1809
f 1809 592 591
f 1810 744 1812
f 1812 744 1811
f 1814 1815 1813
f 1813 1815 1816
f 1817 748 1818
f 1818 748 747
f 1812 1819 1810
f 1810 1819 1817
f 1820 1821 748
f 748 1821 749
f 1823 1824 1822
f 1822 1824 1825
f 1827 1828 1826
f 1826 1828 1829
f 1831 1832 1830
f 1830 1832 1833
f 1834 1827 1243
f 1243 1827 1826
f 1313 804 825
f 825 804 807
f 1835 1253 1236
f 1236 1253 1237
f 1836 1837 1438
f 1438 1837 1435
f 1838 1505 1840
f 1840 1505 1839
f 1841 1842 716
f 716 1842 713
f 1843 1844 1510
f 1510 1844 1845
f 1847 1848 1846
f 1846 1848 1849
f 1850 1240 1822
f 1822 1240 1239
f 636 1831 637
f 637 1831 1830
f 1852 1853 1851
f 1851 1853 1854
f 1855 1856 1858
f 1858 1856 1857
f 1846 1849 1859
f 1859 1849 1860
f 1343 1401 1509
f 1509 1401 1861
f 1509 1861 635
f 635 1861 636
f 1863 1864 1862
f 1862 1864 1865
f 1283 1503 1867
f 1867 1503 1866
f 1868 1867 681
f 681 1867 682
f 1286 1285 683
f 683 1285 684
f 757 756 1274
f 1274 756 1869
f 1274 1869 717
f 717 1869 718
f 1434 1433 719
f 719 1433 720
f 1200 1538 1545
f 1545 1538 1763
f 1285 1289 684
f 684 1289 1273
f 684 1273 681
f 681 1273 1272
f 785 1283 1868
f 1868 1283 1867
f 786 785 1870
f 1870 785 1868
f 1289 757 1273
f 1273 757 1274
f 1539 1416 1871
f 1871 1416 1872
f 773 1871 1403
f 1403 1871 1404
f 675 674 1405
f 1405 674 1402
f 1864 1873 1865
f 1865 1873 1874
f 638 1843 635
f 635 1843 1510
f 1344 1343 1511
f 1511 1343 1509
f 772 1539 773
f 773 1539 1871
f 674 1200 1402
f 1402 1200 1545
f 1538 1286 1763
f 1763 1286 683
f 1444 1443 1875
f 1875 1443 1876
f 1875 1876 1831
f 1831 1876 1832
f 1416 1344 1872
f 1872 1344 1511
f 1877 1878 774
f 774 1878 1879
f 1878 1847 1879
f 1879 1847 1846
f 1880 714 1881
f 1881 714 1848
f 1401 1444 1861
f 1861 1444 1875
f 1861 1875 636
f 636 1875 1831
f 1823 1863 1882
f 1882 1863 1862
f 1441 1440 1884
f 1884 1440 1883
f 1883 1852 1884
f 1884 1852 1851
f 1886 1887 1885
f 1885 1887 1888
f 1358 1889 1359
f 1359 1889 1890
f 1891 1886 1892
f 1892 1886 1885
f 774 1879 775
f 775 1879 1893
f 1859 1893 1846
f 1846 1893 1879
f 713 1842 1849
f 1849 1842 1860
f 1318 1895 1894
f 1894 1895 1896
f 1873 1897 1874
f 1874 1897 1898
f 1898 605 1899
f 1899 605 675
f 1405 1844 675
f 675 1844 1899
f 1404 1845 1405
f 1405 1845 1844
f 593 1296 591
f 591 1296 1809
f 1295 1292 1900
f 1900 1292 1895
f 606 1897 1291
f 1291 1897 1896
f 1510 1845 1511
f 1511 1845 1872
f 1871 1872 1404
f 1404 1872 1845
f 1866 770 1762
f 1762 770 1546
f 1762 682 1866
f 1866 682 1867
f 1870 1868 1272
f 1272 1868 681
f 1272 717 1870
f 1870 717 720
f 1870 720 786
f 786 720 1433
f 786 1433 787
f 787 1433 1432
f 1261 1414 1432
f 1432 1414 787
f 1389 1234 1260
f 1260 1234 1415
f 1719 1670 1388
f 1388 1670 1235
f 1718 1671 1719
f 1719 1671 1670
f 1705 1747 1718
f 1718 1747 1671
f 1659 1901 1704
f 1704 1901 1748
f 1877 1903 1902
f 1902 1903 1904
f 1259 1905 1390
f 1390 1905 1394
f 1715 1720 1393
f 1393 1720 1391
f 1716 1721 1715
f 1715 1721 1720
f 1698 1706 1716
f 1716 1706 1721
f 277 276 47
f 47 276 48
f 84 96 81
f 81 96 82
f 80 70 81
f 81 70 85
f 99 97 88
f 88 97 89
f 90 100 88
f 88 100 99
f 101 95 102
f 102 95 94
f 1906 1907 280
f 280 1907 281
f 97 86 89
f 89 86 85
f 60 282 61
f 61 282 281
f 83 82 46
f 46 82 47
f 293 292 420
f 420 292 421
f 419 1908 420
f 420 1908 1909
f 92 95 91
f 91 95 90
f 279 282 93
f 93 282 94
f 276 418 48
f 48 418 421
f 1910 1660 1697
f 1697 1660 1707
f 1703 1624 1700
f 1700 1624 1644
f 1622 1910 1623
f 1623 1910 1697
f 1701 1700 1911
f 1911 1700 1661
f 1700 1644 1661
f 1661 1644 1658
f 1901 1737 1733
f 1733 1737 1645
f 1625 1912 1604
f 1604 1912 1731
f 1912 1913 1731
f 1731 1913 1914
f 1913 1577 1914
f 1914 1577 1572
f 1915 1578 1616
f 1616 1578 1618
f 1915 1916 1598
f 1598 1916 1743
f 1916 1574 1743
f 1743 1574 1573
f 1575 1917 1576
f 1576 1917 1597
f 1917 1609 1597
f 1597 1609 1594
f 1608 1611 1729
f 1729 1611 1610
f 1918 1612 1629
f 1629 1612 1630
f 1626 1918 1627
f 1627 1918 1629
f 1920 1921 1919
f 1919 1921 1922
f 1920 1924 1923
f 1923 1924 1925
f 1926 1927 1924
f 1924 1927 1925
f 1929 1930 1928
f 1928 1930 1931
f 1932 1933 1935
f 1935 1933 1934
f 1937 1938 1936
f 1936 1938 1939
f 1941 1942 1940
f 1940 1942 1943
f 1941 1945 1944
f 1944 1945 1946
f 1947 1948 1694
f 1694 1948 1949
f 1950 1951 1953
f 1953 1951 1952
f 1955 1956 1954
f 1954 1956 1589
f 1958 1956 1957
f 1957 1956 1932
f 1960 1934 1959
f 1959 1934 1933
f 1962 1963 1961
f 1961 1963 1964
f 1965 1955 1751
f 1751 1955 1954
f 1935 1930 1932
f 1932 1930 1957
f 1951 1950 1926
f 1926 1950 1929
f 1966 1967 1593
f 1593 1967 1590
f 1969 1967 1968
f 1968 1967 1964
f 1962 1921 1970
f 1970 1921 1971
f 1963 1945 1964
f 1964 1945 1968
f 1972 1948 1922
f 1922 1948 1919
f 1966 1972 1961
f 1961 1972 1922
f 1958 1953 1587
f 1587 1953 1560
f 1974 1975 1973
f 1973 1975 1976
f 1978 1979 1977
f 1977 1979 1691
f 1979 1975 1691
f 1691 1975 1586
f 1938 1942 1939
f 1939 1942 1980
f 1952 1947 1557
f 1557 1947 1694
f 1969 1978 1981
f 1981 1978 1977
f 1983 1984 1982
f 1982 1984 1985
f 1986 1987 1989
f 1989 1987 1988
f 1990 1991 1983
f 1983 1991 1984
f 1990 1993 1992
f 1992 1993 1994
f 1995 1996 1994
f 1994 1996 1997
f 1999 2000 1998
f 1998 2000 2001
f 2003 2004 2002
f 2002 2004 2005
f 2007 2008 2006
f 2006 2008 2009
f 2011 2012 2010
f 2010 2012 2013
f 2014 2015 2017
f 2017 2015 2016
f 2018 2019 2021
f 2021 2019 2020
f 2022 1989 2024
f 2024 1989 2023
f 1989 1988 2023
f 2023 1988 2025
f 2026 2027 2017
f 2017 2027 2014
f 2029 2030 2028
f 2028 2030 2031
f 2033 2034 2032
f 2032 2034 2035
f 2032 2035 2036
f 2036 2035 2037
f 2039 2040 2038
f 2038 2040 2041
f 1982 2042 1983
f 1983 2042 2043
f 2045 2046 2044
f 2044 2046 2047
f 2049 2050 2048
f 2048 2050 2051
f 2053 2054 2052
f 2052 2054 2055
f 2057 2058 2056
f 2056 2058 2059
f 2060 2061 2033
f 2033 2061 2034
f 2063 2064 2062
f 2062 2064 2065
f 2066 2035 2067
f 2067 2035 2034
f 2069 2039 2068
f 2068 2039 2038
f 2025 2070 2023
f 2023 2070 2071
f 2072 2024 2071
f 2071 2024 2023
f 2074 2020 2073
f 2073 2020 2019
f 2050 2049 2047
f 2047 2049 2075
f 1983 2043 1990
f 1990 2043 1993
f 2006 2050 2007
f 2007 2050 2076
f 2050 2006 2051
f 2051 2006 2077
f 2079 2080 2078
f 2078 2080 2081
f 2082 2083 2085
f 2085 2083 2084
f 2010 2013 2086
f 2086 2013 2087
f 2089 2033 2088
f 2088 2033 2032
f 2090 2060 2089
f 2089 2060 2033
f 2092 2093 2091
f 2091 2093 2094
f 2096 1986 2095
f 2095 1986 2097
f 2097 1986 2022
f 2022 1986 1989
f 2015 2094 2016
f 2016 2094 2098
f 2016 2098 2100
f 2100 2098 2099
f 2017 2016 2101
f 2101 2016 2100
f 2017 2101 2026
f 2026 2101 2102
f 2100 2099 2104
f 2104 2099 2103
f 2104 2105 2100
f 2100 2105 2101
f 2105 2106 2101
f 2101 2106 2102
f 2108 2061 2107
f 2107 2061 2109
f 2111 2112 2110
f 2110 2112 2020
f 2020 2074 2110
f 2110 2074 2113
f 2115 2116 2114
f 2114 2116 2117
f 2118 2119 1995
f 1995 2119 2120
f 2121 2122 2027
f 2027 2122 2014
f 2047 2075 2044
f 2044 2075 2123
f 2124 2125 2127
f 2127 2125 2126
f 2129 2130 2128
f 2128 2130 2131
f 2132 2133 2057
f 2057 2133 2058
f 2134 1999 2136
f 2136 1999 2135
f 2055 2138 2137
f 2137 2138 2139
f 2141 2142 2140
f 2140 2142 2143
f 2083 2082 2064
f 2064 2082 2065
f 2082 2144 2065
f 2065 2144 2145
f 2040 2146 2041
f 2041 2146 2147
f 2060 2090 2148
f 2148 2090 2149
f 2048 2051 2137
f 2137 2051 2150
f 2151 1997 2135
f 2135 1997 1996
f 2152 2150 2077
f 2077 2150 2051
f 2046 2045 2118
f 2118 2045 2119
f 2154 2155 2153
f 2153 2155 2156
f 2158 2159 2157
f 2157 2159 2160
f 2162 2163 2161
f 2161 2163 2164
f 2164 2163 2165
f 2165 2163 2166
f 2168 2169 2167
f 2167 2169 2170
f 2003 2172 2171
f 2171 2172 2173
f 2174 2175 2002
f 2002 2175 2176
f 2145 2177 2065
f 2065 2177 2062
f 2178 2179 2180
f 2180 2179 2134
f 2181 2052 2152
f 2152 2052 2150
f 2040 2127 2146
f 2146 2127 2182
f 2130 2162 2131
f 2131 2162 2161
f 2052 2055 2150
f 2150 2055 2137
f 2184 2185 2183
f 2183 2185 2186
f 2159 2030 2160
f 2160 2030 2187
f 2146 2182 2029
f 2029 2182 2188
f 2189 2190 2192
f 2192 2190 2191
f 2172 2003 2176
f 2176 2003 2002
f 1998 2151 1999
f 1999 2151 2135
f 2177 2172 2062
f 2062 2172 2176
f 2172 2177 2173
f 2173 2177 2193
f 2063 2194 2064
f 2064 2194 2195
f 2066 2197 2196
f 2196 2197 2198
f 2002 2005 2174
f 2174 2005 2199
f 2004 2003 2200
f 2200 2003 2171
f 2198 2201 2171
f 2171 2201 2200
f 2197 2202 2198
f 2198 2202 2201
f 2202 2197 2203
f 2203 2197 2204
f 2196 2198 2173
f 2173 2198 2171
f 2205 2069 2170
f 2170 2069 2206
f 2197 2066 2204
f 2204 2066 2067
f 2107 2207 2108
f 2108 2207 2208
f 2210 2208 2209
f 2209 2208 2207
f 2185 2211 2212
f 2213 2214 2211
f 2211 2214 2212
f 1998 2001 2213
f 2213 2001 2214
f 2134 2215 1999
f 1999 2215 2000
f 2216 2217 2219
f 2219 2217 2218
f 2206 2220 2170
f 2170 2220 2167
f 2069 2068 2206
f 2206 2068 2221
f 2151 1998 2222
f 2222 1998 2213
f 2124 2039 2205
f 2205 2039 2069
f 2142 2223 2143
f 2143 2223 2128
f 2203 2186 2202
f 2202 2186 2185
f 2185 2184 2211
f 2211 2184 2224
f 2224 2225 2222
f 2222 2225 2226
f 2071 2227 2072
f 2072 2227 2228
f 2229 2074 2230
f 2230 2074 2073
f 2074 2229 2113
f 2113 2229 2231
f 2232 2225 2227
f 2227 2225 2224
f 2233 2234 2031
f 2031 2234 2028
f 2236 2231 2235
f 2235 2231 2229
f 2230 2183 2229
f 2229 2183 2235
f 2237 1987 2096
f 2096 1987 1986
f 2152 2238 2181
f 2181 2238 2239
f 2080 2240 2081
f 2081 2240 2241
f 2236 2242 1971
f 1971 2242 1970
f 1925 2113 1923
f 1923 2113 2231
f 2110 1927 2111
f 2111 1927 1928
f 2103 2111 1931
f 1931 2111 1928
f 1931 2243 2103
f 2103 2243 2104
f 2105 2104 2244
f 2244 2104 2243
f 1939 1980 2148
f 2148 1980 2109
f 1980 1944 2109
f 2109 1944 2107
f 1946 2245 2207
f 2207 2245 2209
f 2245 1970 2209
f 2209 1970 2242
f 2231 2236 1923
f 1923 2236 1971
f 2113 1925 2110
f 2110 1925 1927
f 2234 2246 2028
f 2028 2246 2147
f 2247 2248 2058
f 2058 2248 2059
f 2114 2117 2249
f 2249 2117 2250
f 2252 2253 2251
f 2251 2253 2254
f 2094 2015 2091
f 2091 2015 2255
f 2256 2255 2014
f 2014 2255 2015
f 2257 2145 2258
f 2258 2145 2144
f 2131 2161 2123
f 2123 2161 2044
f 2045 2044 2164
f 2164 2044 2161
f 2045 2164 2119
f 2119 2164 2165
f 2259 2120 2165
f 2165 2120 2119
f 2260 2261 2259
f 2259 2261 2120
f 2205 2262 2124
f 2124 2262 2125
f 2180 2263 2178
f 2178 2263 2264
f 2265 2266 2092
f 2092 2266 2093
f 1992 2267 2268
f 2184 2228 2224
f 2224 2228 2227
f 2048 2269 2049
f 2049 2269 2141
f 2129 2168 2157
f 2157 2168 2167
f 2049 2141 2075
f 2075 2141 2140
f 2199 2215 2270
f 2270 2215 2271
f 2142 2141 2272
f 2272 2141 2269
f 2089 2026 2090
f 2090 2026 2102
f 2146 2029 2147
f 2147 2029 2028
f 2111 2103 2112
f 2112 2103 2099
f 2061 2060 2109
f 2109 2060 2148
f 2273 2274 2041
f 2041 2274 2038
f 2260 2275 2261
f 2261 2275 2136
f 2057 2138 2132
f 2132 2138 2276
f 2272 2269 2056
f 2056 2269 2139
f 2277 2278 2270
f 2270 2278 2199
f 2029 2188 2030
f 2030 2188 2187
f 2040 2039 2127
f 2127 2039 2124
f 2064 2195 2083
f 2083 2195 2279
f 2056 2139 2057
f 2057 2139 2138
f 2278 2277 2247
f 2247 2277 2248
f 2062 2176 2063
f 2063 2176 2175
f 2280 2210 2242
f 2242 2210 2209
f 2282 2233 2281
f 2281 2233 2031
f 2216 2219 2283
f 2283 2219 2221
f 2158 2220 2218
f 2218 2220 2219
f 2217 2282 2218
f 2218 2282 2281
f 2220 2158 2167
f 2167 2158 2157
f 2223 2264 2128
f 2128 2264 2263
f 2261 1996 2120
f 2120 1996 1995
f 2213 2211 2222
f 2222 2211 2224
f 2283 2221 2284
f 2284 2221 2068
f 2135 1996 2136
f 2136 1996 2261
f 2144 2081 2258
f 2258 2081 2241
f 2235 2280 2236
f 2236 2280 2242
f 2246 2273 2147
f 2147 2273 2041
f 2036 2285 2032
f 2032 2285 2088
f 2077 2286 2152
f 2152 2286 2238
f 1937 1960 1973
f 1973 1960 1959
f 2070 2232 2071
f 2071 2232 2227
f 2244 2287 2105
f 2105 2287 2106
f 1936 1939 2149
f 2149 1939 2148
f 1944 1946 2107
f 2107 1946 2207
f 2285 2121 2088
f 2088 2121 2027
f 2253 2249 2254
f 2254 2249 2250
f 2006 2009 2077
f 2077 2009 2286
f 2289 2086 2288
f 2288 2086 2087
f 2223 2142 2290
f 2290 2142 2272
f 2128 2131 2143
f 2143 2131 2123
f 2156 2291 2153
f 2153 2291 2175
f 2292 2293 2278
f 2278 2293 2294
f 2075 2140 2123
f 2123 2140 2143
f 2262 2169 2275
f 2275 2169 2180
f 2275 2180 2136
f 2136 2180 2134
f 2274 2284 2038
f 2038 2284 2068
f 2127 2126 2182
f 2182 2126 2166
f 2094 2093 2098
f 2098 2093 2021
f 2098 2021 2099
f 2099 2021 2112
f 2018 2021 2266
f 2266 2021 2093
f 2251 2289 2252
f 2252 2289 2288
f 1997 2151 2226
f 2226 2151 2222
f 2206 2221 2220
f 2220 2221 2219
f 2269 2048 2139
f 2139 2048 2137
f 2159 2158 2281
f 2281 2158 2218
f 2156 2155 2190
f 2190 2155 2191
f 1974 1965 1583
f 1583 1965 1751
f 2088 2027 2089
f 2089 2027 2026
f 2030 2159 2031
f 2031 2159 2281
f 2106 2149 2102
f 2102 2149 2090
f 2287 1936 2106
f 2106 1936 2149
f 2293 2154 2294
f 2294 2154 2153
f 2021 2020 2112
f 2247 2295 2278
f 2278 2295 2292
f 2284 2296 2283
f 2283 2296 2297
f 2298 2296 2274
f 2274 2296 2284
f 2273 2299 2274
f 2274 2299 2298
f 2246 2300 2273
f 2273 2300 2299
f 2283 2297 2216
f 2216 2297 2301
f 2216 2301 2217
f 2217 2301 2302
f 2302 2303 2217
f 2217 2303 2282
f 2304 2301 2305
f 2305 2301 2297
f 2307 2308 2306
f 2306 2308 2309
f 2306 2310 2307
f 2307 2310 2311
f 2307 2312 2308
f 2308 2312 2313
f 2314 2315 2312
f 2312 2315 2316
f 2316 2317 2312
f 2312 2317 2313
f 2317 2305 2313
f 2313 2305 2318
f 2314 2312 2311
f 2311 2312 2307
f 2319 2320 2322
f 2322 2320 2321
f 2322 2311 2319
f 2319 2311 2310
f 2313 2318 2308
f 2308 2318 2309
f 2296 2298 2318
f 2318 2298 2309
f 2309 2298 2323
f 2323 2298 2299
f 2306 2309 2324
f 2324 2309 2323
f 2310 2306 2325
f 2325 2306 2324
f 2296 2318 2297
f 2297 2318 2305
f 2319 2310 2326
f 2326 2310 2325
f 2328 2325 2327
f 2327 2325 2324
f 2325 2328 2326
f 2326 2328 2329
f 2331 2328 2330
f 2330 2328 2327
f 2332 2333 2327
f 2327 2333 2330
f 2328 2331 2329
f 2329 2331 2334
f 2324 2323 2327
f 2327 2323 2332
f 2300 2332 2299
f 2299 2332 2323
f 2326 2335 2319
f 2319 2335 2320
f 2305 2317 2336
f 2336 2317 2316
f 2336 2316 2337
f 2337 2316 2315
f 2338 2304 2336
f 2336 2304 2305
f 2337 2339 2336
f 2336 2339 2338
f 2337 2315 2341
f 2341 2315 2340
f 2342 2300 2234
f 2234 2300 2246
f 2303 2343 2282
f 2282 2343 2233
f 2234 2233 2342
f 2342 2233 2343
f 2342 2343 2333
f 2333 2343 2344
f 2333 2344 2330
f 2330 2344 2345
f 2346 2344 2303
f 2303 2344 2343
f 2332 2300 2333
f 2333 2300 2342
f 2347 2346 2302
f 2302 2346 2303
f 2301 2304 2302
f 2302 2304 2347
f 2304 2338 2347
f 2347 2338 2348
f 2348 2349 2347
f 2347 2349 2346
f 2350 2351 2348
f 2348 2351 2349
f 2349 2345 2346
f 2346 2345 2344
f 2345 2349 2352
f 2352 2349 2351
f 2338 2339 2348
f 2348 2339 2350
f 2350 2339 2353
f 2353 2339 2354
f 2356 2357 2355
f 2355 2357 2353
f 2351 2350 2357
f 2357 2350 2353
f 2353 2354 2355
f 2355 2354 2335
f 2320 2335 2341
f 2341 2335 2354
f 2339 2337 2354
f 2354 2337 2341
f 2352 2331 2345
f 2345 2331 2330
f 2356 2334 2352
f 2352 2334 2331
f 2356 2352 2357
f 2357 2352 2351
f 2355 2329 2356
f 2356 2329 2334
f 2335 2326 2355
f 2355 2326 2329
f 2321 2314 2322
f 2322 2314 2311
f 2321 2320 2340
f 2340 2320 2341
f 2315 2314 2340
f 2340 2314 2321
f 2125 2260 2126
f 2126 2260 2259
f 2157 2160 2129
f 2129 2160 2130
f 2188 2163 2187
f 2187 2163 2162
f 2182 2166 2188
f 2188 2166 2163
f 2180 2169 2263
f 2263 2169 2168
f 2160 2187 2130
f 2130 2187 2162
f 2275 2260 2262
f 2262 2260 2125
f 2128 2263 2129
f 2129 2263 2168
f 2262 2205 2169
f 2169 2205 2170
f 2165 2166 2259
f 2259 2166 2126
f 2359 2360 2358
f 2358 2360 2361
f 2363 2364 2362
f 2362 2364 2365
f 2367 2363 2366
f 2366 2363 2362
f 2368 2369 2371
f 2371 2369 2370
f 2372 2373 2248
f 2248 2373 2059
f 2364 2374 2365
f 2365 2374 2375
f 2377 2378 2376
f 2376 2378 2379
f 2290 2380 2223
f 2223 2380 2381
f 2223 2381 2264
f 2264 2381 2382
f 2384 2385 2383
f 2383 2385 2386
f 2364 2371 2374
f 2374 2371 2387
f 2059 2373 2290
f 2290 2373 2380
f 2378 2360 2379
f 2379 2360 2388
f 2374 2387 2359
f 2359 2387 2389
f 2390 2367 2386
f 2386 2367 2391
f 2393 2394 2392
f 2392 2394 2395
f 2386 2391 2383
f 2383 2391 2396
f 2367 2366 2391
f 2391 2366 2397
f 2363 2367 2368
f 2368 2367 2390
f 2398 2399 2361
f 2361 2399 2358
f 2399 2400 2358
f 2358 2400 2375
f 2390 2401 2368
f 2368 2401 2369
f 2372 2384 2376
f 2376 2384 2383
f 2374 2359 2375
f 2375 2359 2358
f 2402 2403 2365
f 2365 2403 2362
f 2359 2389 2360
f 2360 2389 2388
f 2364 2363 2371
f 2371 2363 2368
f 2405 2398 2404
f 2404 2398 2361
f 2392 2395 2406
f 2406 2395 2397
f 2377 2396 2394
f 2394 2396 2395
f 2394 2393 2404
f 2404 2393 2405
f 2396 2377 2383
f 2383 2377 2376
f 2406 2397 2407
f 2407 2397 2366
f 2400 2402 2375
f 2375 2402 2365
f 2385 2270 2401
f 2401 2270 2271
f 2403 2407 2362
f 2362 2407 2366
f 2371 2370 2387
f 2387 2370 2382
f 2391 2397 2396
f 2396 2397 2395
f 2378 2377 2404
f 2404 2377 2394
f 2360 2378 2361
f 2361 2378 2404
f 2407 2408 2406
f 2406 2408 2409
f 2410 2408 2403
f 2403 2408 2407
f 2411 2410 2402
f 2402 2410 2403
f 2412 2411 2400
f 2400 2411 2402
f 2406 2409 2392
f 2392 2409 2413
f 2392 2413 2393
f 2393 2413 2414
f 2415 2405 2414
f 2414 2405 2393
f 2416 2413 2417
f 2417 2413 2409
f 2419 2420 2418
f 2418 2420 2421
f 2420 2422 2421
f 2421 2422 2423
f 2420 2424 2422
f 2422 2424 2425
f 2426 2427 2424
f 2424 2427 2428
f 2428 2429 2424
f 2424 2429 2425
f 2426 2424 2419
f 2419 2424 2420
f 2419 2418 2431
f 2431 2418 2430
f 2425 2432 2422
f 2422 2432 2423
f 2408 2410 2432
f 2432 2410 2423
f 2423 2410 2433
f 2433 2410 2411
f 2421 2423 2434
f 2434 2423 2433
f 2435 2418 2434
f 2434 2418 2421
f 2429 2417 2425
f 2425 2417 2432
f 2408 2432 2409
f 2409 2432 2417
f 2418 2435 2430
f 2430 2435 2436
f 2438 2435 2437
f 2437 2435 2434
f 2435 2438 2436
f 2436 2438 2439
f 2441 2438 2440
f 2440 2438 2437
f 2442 2443 2437
f 2437 2443 2440
f 2439 2438 2444
f 2444 2438 2441
f 2433 2442 2434
f 2434 2442 2437
f 2412 2442 2411
f 2411 2442 2433
f 2436 2445 2430
f 2430 2445 2446
f 2430 2446 2431
f 2431 2446 2447
f 2417 2429 2448
f 2448 2429 2428
f 2427 2449 2428
f 2428 2449 2448
f 2450 2416 2448
f 2448 2416 2417
f 2451 2450 2449
f 2449 2450 2448
f 2427 2452 2449
f 2449 2452 2453
f 2447 2446 2452
f 2452 2446 2453
f 2454 2412 2399
f 2399 2412 2400
f 2415 2455 2405
f 2405 2455 2398
f 2399 2398 2454
f 2454 2398 2455
f 2454 2455 2443
f 2443 2455 2456
f 2443 2456 2440
f 2440 2456 2457
f 2458 2456 2415
f 2415 2456 2455
f 2443 2442 2454
f 2454 2442 2412
f 2459 2458 2414
f 2414 2458 2415
f 2413 2416 2414
f 2414 2416 2459
f 2459 2416 2460
f 2460 2416 2450
f 2460 2461 2459
f 2459 2461 2458
f 2462 2463 2460
f 2460 2463 2461
f 2461 2457 2458
f 2458 2457 2456
f 2457 2461 2464
f 2464 2461 2463
f 2451 2462 2450
f 2450 2462 2460
f 2462 2451 2465
f 2465 2451 2466
f 2468 2469 2467
f 2467 2469 2465
f 2463 2462 2469
f 2469 2462 2465
f 2465 2466 2467
f 2467 2466 2445
f 2446 2445 2453
f 2453 2445 2466
f 2451 2449 2466
f 2466 2449 2453
f 2464 2441 2457
f 2457 2441 2440
f 2468 2444 2464
f 2464 2444 2441
f 2468 2464 2469
f 2469 2464 2463
f 2467 2439 2468
f 2468 2439 2444
f 2445 2436 2467
f 2467 2436 2439
f 2447 2426 2431
f 2431 2426 2419
f 2427 2426 2452
f 2452 2426 2447
f 2369 2179 2370
f 2370 2179 2178
f 2376 2379 2372
f 2372 2379 2373
f 2389 2381 2388
f 2388 2381 2380
f 2387 2382 2389
f 2389 2382 2381
f 2270 2385 2277
f 2277 2385 2384
f 2379 2388 2373
f 2373 2388 2380
f 2401 2271 2369
f 2369 2271 2179
f 2248 2277 2372
f 2372 2277 2384
f 2401 2390 2385
f 2385 2390 2386
f 2264 2382 2178
f 2178 2382 2370
f 2215 2134 2271
f 2271 2134 2179
f 2005 2000 2199
f 2199 2000 2215
f 2004 2001 2005
f 2005 2001 2000
f 2200 2214 2004
f 2004 2214 2001
f 2470 2471 2473
f 2473 2471 2472
f 2475 2476 2474
f 2474 2476 2477
f 2479 2475 2478
f 2478 2475 2474
f 2481 2482 2480
f 2480 2482 2483
f 2476 2484 2477
f 2477 2484 2485
f 2487 2488 2486
f 2486 2488 2489
f 2133 2490 2058
f 2058 2490 2491
f 2058 2491 2247
f 2247 2491 2492
f 2494 2495 2493
f 2493 2495 2496
f 2476 2483 2484
f 2484 2483 2497
f 2472 2498 2488
f 2488 2498 2489
f 2484 2497 2471
f 2471 2497 2499
f 2500 2479 2496
f 2496 2479 2501
f 2502 2503 2505
f 2505 2503 2504
f 2496 2501 2493
f 2493 2501 2506
f 2479 2478 2501
f 2501 2478 2507
f 2475 2479 2480
f 2480 2479 2500
f 2508 2509 2473
f 2473 2509 2470
f 2509 2510 2470
f 2470 2510 2485
f 2511 2481 2500
f 2500 2481 2480
f 2512 2494 2486
f 2486 2494 2493
f 2485 2484 2470
f 2470 2484 2471
f 2513 2514 2477
f 2477 2514 2474
f 2471 2499 2472
f 2472 2499 2498
f 2476 2475 2483
f 2483 2475 2480
f 2516 2508 2515
f 2515 2508 2473
f 2502 2505 2517
f 2517 2505 2507
f 2504 2487 2505
f 2505 2487 2506
f 2503 2516 2504
f 2504 2516 2515
f 2506 2487 2493
f 2493 2487 2486
f 2517 2507 2518
f 2518 2507 2478
f 2510 2513 2485
f 2485 2513 2477
f 2511 2495 2293
f 2293 2495 2154
f 2514 2518 2474
f 2474 2518 2478
f 2483 2482 2497
f 2497 2482 2492
f 2501 2507 2506
f 2506 2507 2505
f 2488 2487 2515
f 2515 2487 2504
f 2472 2488 2473
f 2473 2488 2515
f 2518 2519 2517
f 2517 2519 2520
f 2521 2519 2514
f 2514 2519 2518
f 2522 2521 2513
f 2513 2521 2514
f 2523 2522 2510
f 2510 2522 2513
f 2517 2520 2502
f 2502 2520 2524
f 2502 2524 2503
f 2503 2524 2525
f 2525 2526 2503
f 2503 2526 2516
f 2527 2524 2528
f 2528 2524 2520
f 2530 2531 2529
f 2529 2531 2532
f 2531 2533 2532
f 2532 2533 2534
f 2531 2535 2533
f 2533 2535 2536
f 2537 2538 2535
f 2535 2538 2539
f 2539 2540 2535
f 2535 2540 2536
f 2537 2535 2530
f 2530 2535 2531
f 2529 2541 2530
f 2530 2541 2542
f 2543 2534 2536
f 2536 2534 2533
f 2519 2521 2543
f 2543 2521 2534
f 2534 2521 2544
f 2544 2521 2522
f 2532 2534 2545
f 2545 2534 2544
f 2529 2532 2546
f 2546 2532 2545
f 2536 2540 2543
f 2543 2540 2528
f 2519 2543 2520
f 2520 2543 2528
f 2541 2529 2547
f 2547 2529 2546
f 2548 2549 2545
f 2545 2549 2546
f 2549 2550 2546
f 2546 2550 2547
f 2551 2552 2548
f 2548 2552 2549
f 2548 2553 2551
f 2551 2553 2554
f 2550 2549 2555
f 2555 2549 2552
f 2545 2544 2548
f 2548 2544 2553
f 2523 2553 2522
f 2522 2553 2544
f 2547 2556 2541
f 2541 2556 2557
f 2541 2557 2542
f 2542 2557 2558
f 2528 2540 2559
f 2559 2540 2539
f 2538 2560 2539
f 2539 2560 2559
f 2561 2527 2559
f 2559 2527 2528
f 2560 2562 2559
f 2559 2562 2561
f 2560 2538 2564
f 2564 2538 2563
f 2558 2557 2563
f 2563 2557 2564
f 2565 2523 2509
f 2509 2523 2510
f 2526 2566 2516
f 2516 2566 2508
f 2509 2508 2565
f 2565 2508 2566
f 2565 2566 2554
f 2554 2566 2567
f 2554 2567 2551
f 2551 2567 2568
f 2569 2567 2526
f 2526 2567 2566
f 2553 2523 2554
f 2554 2523 2565
f 2570 2569 2525
f 2525 2569 2526
f 2524 2527 2525
f 2525 2527 2570
f 2527 2561 2570
f 2570 2561 2571
f 2571 2572 2570
f 2570 2572 2569
f 2573 2574 2571
f 2571 2574 2572
f 2572 2568 2569
f 2569 2568 2567
f 2568 2572 2575
f 2575 2572 2574
f 2562 2573 2561
f 2561 2573 2571
f 2573 2562 2576
f 2576 2562 2577
f 2579 2580 2578
f 2578 2580 2576
f 2574 2573 2580
f 2580 2573 2576
f 2576 2577 2578
f 2578 2577 2556
f 2557 2556 2564
f 2564 2556 2577
f 2562 2560 2577
f 2577 2560 2564
f 2575 2552 2568
f 2568 2552 2551
f 2579 2555 2575
f 2575 2555 2552
f 2579 2575 2580
f 2580 2575 2574
f 2550 2555 2578
f 2578 2555 2579
f 2556 2547 2578
f 2578 2547 2550
f 2558 2537 2542
f 2542 2537 2530
f 2538 2537 2563
f 2563 2537 2558
f 2292 2295 2481
f 2481 2295 2482
f 2486 2489 2512
f 2512 2489 2581
f 2499 2491 2498
f 2498 2491 2490
f 2497 2492 2499
f 2499 2492 2491
f 2155 2154 2494
f 2494 2154 2495
f 2581 2489 2490
f 2490 2489 2498
f 2293 2292 2511
f 2511 2292 2481
f 2191 2155 2512
f 2512 2155 2494
f 2500 2496 2511
f 2511 2496 2495
f 2247 2492 2295
f 2295 2492 2482
f 2583 2584 2582
f 2582 2584 2585
f 2587 2588 2586
f 2586 2588 2589
f 2591 2587 2590
f 2590 2587 2586
f 2593 2594 2592
f 2592 2594 2595
f 2596 2597 2599
f 2599 2597 2598
f 2588 2600 2589
f 2589 2600 2601
f 2602 2603 2605
f 2605 2603 2604
f 2606 2607 2609
f 2609 2607 2608
f 2609 2608 2190
f 2190 2608 2610
f 2611 2612 2614
f 2614 2612 2613
f 2600 2588 2615
f 2615 2588 2595
f 2599 2598 2606
f 2606 2598 2607
f 2584 2616 2604
f 2604 2616 2605
f 2600 2615 2583
f 2583 2615 2617
f 2591 2619 2618
f 2618 2619 2614
f 2621 2622 2620
f 2620 2622 2623
f 2619 2624 2614
f 2614 2624 2611
f 2591 2590 2619
f 2619 2590 2625
f 2587 2591 2592
f 2592 2591 2618
f 2626 2627 2585
f 2585 2627 2582
f 2627 2628 2582
f 2582 2628 2601
f 2629 2593 2618
f 2618 2593 2592
f 2602 2597 2611
f 2611 2597 2612
f 2600 2583 2601
f 2601 2583 2582
f 2630 2631 2589
f 2589 2631 2586
f 2583 2617 2584
f 2584 2617 2616
f 2588 2587 2595
f 2595 2587 2592
f 2633 2626 2632
f 2632 2626 2585
f 2620 2623 2634
f 2634 2623 2625
f 2622 2603 2623
f 2623 2603 2624
f 2621 2633 2622
f 2622 2633 2632
f 2611 2624 2602
f 2602 2624 2603
f 2634 2625 2635
f 2635 2625 2590
f 2628 2630 2601
f 2601 2630 2589
f 2613 2195 2629
f 2629 2195 2194
f 2631 2635 2586
f 2586 2635 2590
f 2595 2594 2615
f 2615 2594 2610
f 2619 2625 2624
f 2624 2625 2623
f 2632 2604 2622
f 2622 2604 2603
f 2585 2584 2632
f 2632 2584 2604
f 2635 2636 2634
f 2634 2636 2637
f 2638 2636 2631
f 2631 2636 2635
f 2639 2638 2630
f 2630 2638 2631
f 2640 2639 2628
f 2628 2639 2630
f 2634 2637 2620
f 2620 2637 2641
f 2620 2641 2621
f 2621 2641 2642
f 2642 2643 2621
f 2621 2643 2633
f 2641 2637 2644
f 2644 2637 2645
f 2646 2647 2649
f 2649 2647 2648
f 2648 2650 2649
f 2649 2650 2651
f 2648 2652 2650
f 2650 2652 2653
f 2652 2654 2656
f 2656 2654 2655
f 2656 2657 2652
f 2652 2657 2653
f 2654 2652 2647
f 2647 2652 2648
f 2647 2646 2659
f 2659 2646 2658
f 2660 2651 2653
f 2653 2651 2650
f 2636 2638 2660
f 2660 2638 2651
f 2651 2638 2661
f 2661 2638 2639
f 2651 2661 2649
f 2649 2661 2662
f 2663 2646 2662
f 2662 2646 2649
f 2653 2657 2660
f 2660 2657 2645
f 2636 2660 2637
f 2637 2660 2645
f 2646 2663 2658
f 2658 2663 2664
f 2665 2666 2662
f 2662 2666 2663
f 2666 2667 2663
f 2663 2667 2664
f 2668 2669 2665
f 2665 2669 2666
f 2665 2670 2668
f 2668 2670 2671
f 2667 2666 2672
f 2672 2666 2669
f 2662 2661 2665
f 2665 2661 2670
f 2640 2670 2639
f 2639 2670 2661
f 2673 2674 2664
f 2664 2674 2658
f 2658 2674 2659
f 2659 2674 2675
f 2645 2657 2676
f 2676 2657 2656
f 2677 2676 2655
f 2655 2676 2656
f 2676 2678 2645
f 2645 2678 2644
f 2677 2679 2676
f 2676 2679 2678
f 2655 2680 2677
f 2677 2680 2681
f 2675 2674 2680
f 2680 2674 2681
f 2682 2640 2627
f 2627 2640 2628
f 2643 2683 2633
f 2633 2683 2626
f 2682 2627 2683
f 2683 2627 2626
f 2683 2684 2682
f 2682 2684 2671
f 2684 2685 2671
f 2671 2685 2668
f 2686 2684 2643
f 2643 2684 2683
f 2670 2640 2671
f 2671 2640 2682
f 2687 2686 2642
f 2642 2686 2643
f 2642 2641 2687
f 2687 2641 2644
f 2687 2644 2688
f 2688 2644 2678
f 2688 2689 2687
f 2687 2689 2686
f 2690 2691 2688
f 2688 2691 2689
f 2689 2685 2686
f 2686 2685 2684
f 2685 2689 2692
f 2692 2689 2691
f 2679 2690 2678
f 2678 2690 2688
f 2690 2679 2693
f 2693 2679 2694
f 2696 2697 2695
f 2695 2697 2693
f 2691 2690 2697
f 2697 2690 2693
f 2693 2694 2695
f 2695 2694 2673
f 2674 2673 2681
f 2681 2673 2694
f 2679 2677 2694
f 2694 2677 2681
f 2685 2692 2668
f 2668 2692 2669
f 2696 2672 2692
f 2692 2672 2669
f 2696 2692 2697
f 2697 2692 2691
f 2695 2667 2696
f 2696 2667 2672
f 2673 2664 2695
f 2695 2664 2667
f 2675 2654 2659
f 2659 2654 2647
f 2655 2654 2680
f 2680 2654 2675
f 2291 2156 2593
f 2593 2156 2594
f 2597 2602 2598
f 2598 2602 2605
f 2616 2617 2607
f 2607 2617 2608
f 2615 2610 2617
f 2617 2610 2608
f 2597 2596 2612
f 2612 2596 2698
f 2598 2605 2607
f 2607 2605 2616
f 2194 2291 2629
f 2629 2291 2593
f 2629 2618 2613
f 2613 2618 2614
f 2190 2610 2156
f 2156 2610 2594
f 2700 2010 2699
f 2699 2010 2086
f 2267 2701 2116
f 2116 2701 2702
f 2116 2702 2117
f 2117 2702 2703
f 2704 2705 2250
f 2250 2705 2254
f 2011 2706 2267
f 2267 2706 2701
f 2699 2086 2707
f 2707 2086 2289
f 2010 2700 2011
f 2011 2700 2706
f 2708 2707 2251
f 2251 2707 2289
f 2703 2704 2117
f 2117 2704 2250
f 2705 2708 2254
f 2254 2708 2251
f 2709 2710 2708
f 2708 2710 2707
f 2711 2709 2705
f 2705 2709 2708
f 2712 2711 2704
f 2704 2711 2705
f 2713 2712 2703
f 2703 2712 2704
f 2707 2710 2699
f 2699 2710 2714
f 2699 2714 2700
f 2700 2714 2715
f 2716 2706 2715
f 2715 2706 2700
f 2714 2710 2717
f 2717 2710 2718
f 2720 2721 2719
f 2719 2721 2722
f 2721 2723 2722
f 2722 2723 2724
f 2721 2725 2723
f 2723 2725 2726
f 2727 2728 2725
f 2725 2728 2726
f 2729 2725 2720
f 2720 2725 2721
f 2731 2729 2730
f 2730 2729 2720
f 2719 2732 2720
f 2720 2732 2730
f 2726 2733 2723
f 2723 2733 2724
f 2709 2711 2733
f 2733 2711 2724
f 2724 2711 2734
f 2734 2711 2712
f 2722 2724 2735
f 2735 2724 2734
f 2719 2722 2736
f 2736 2722 2735
f 2726 2728 2733
f 2733 2728 2718
f 2709 2733 2710
f 2710 2733 2718
f 2732 2719 2737
f 2737 2719 2736
f 2738 2739 2735
f 2735 2739 2736
f 2739 2740 2736
f 2736 2740 2737
f 2741 2742 2738
f 2738 2742 2739
f 2738 2743 2741
f 2741 2743 2744
f 2740 2739 2745
f 2745 2739 2742
f 2735 2734 2738
f 2738 2734 2743
f 2713 2743 2712
f 2712 2743 2734
f 2737 2746 2732
f 2732 2746 2747
f 2732 2747 2730
f 2730 2747 2731
f 2718 2728 2748
f 2748 2728 2727
f 2749 2750 2727
f 2727 2750 2748
f 2748 2751 2718
f 2718 2751 2717
f 2750 2752 2748
f 2748 2752 2751
f 2750 2749 2754
f 2754 2749 2753
f 2731 2747 2753
f 2753 2747 2754
f 2727 2725 2749
f 2749 2725 2729
f 2749 2729 2753
f 2753 2729 2731
f 2702 2755 2703
f 2703 2755 2713
f 2706 2716 2701
f 2701 2716 2756
f 2755 2702 2756
f 2756 2702 2701
f 2756 2757 2755
f 2755 2757 2744
f 2757 2758 2744
f 2744 2758 2741
f 2759 2757 2716
f 2716 2757 2756
f 2743 2713 2744
f 2744 2713 2755
f 2760 2759 2715
f 2715 2759 2716
f 2715 2714 2760
f 2760 2714 2717
f 2760 2717 2761
f 2761 2717 2751
f 2761 2762 2760
f 2760 2762 2759
f 2763 2764 2761
f 2761 2764 2762
f 2762 2758 2759
f 2759 2758 2757
f 2758 2762 2765
f 2765 2762 2764
f 2752 2763 2751
f 2751 2763 2761
f 2763 2752 2766
f 2766 2752 2767
f 2768 2769 2766
f 2766 2769 2770
f 2764 2763 2770
f 2770 2763 2766
f 2766 2767 2768
f 2768 2767 2746
f 2747 2746 2754
f 2754 2746 2767
f 2752 2750 2767
f 2767 2750 2754
f 2758 2765 2741
f 2741 2765 2742
f 2769 2745 2765
f 2765 2745 2742
f 2769 2765 2770
f 2770 2765 2764
f 2768 2740 2769
f 2769 2740 2745
f 2746 2737 2768
f 2768 2737 2740
f 2201 2212 2200
f 2200 2212 2214
f 2201 2202 2212
f 2212 2202 2185
f 2512 2581 2191
f 2191 2581 2192
f 2059 2290 2056
f 2056 2290 2272
f 2174 2199 2294
f 2294 2199 2278
f 2063 2175 2194
f 2194 2175 2291
f 2192 2581 2133
f 2133 2581 2490
f 2133 2132 2192
f 2192 2132 2189
f 2054 2276 2055
f 2055 2276 2138
f 2083 2279 2084
f 2084 2279 2771
f 2771 2279 2599
f 2599 2279 2596
f 2606 2772 2599
f 2599 2772 2771
f 2772 2773 2771
f 2771 2773 2084
f 2773 2774 2084
f 2084 2774 2085
f 2085 2775 2082
f 2082 2775 2144
f 2774 2078 2085
f 2085 2078 2775
f 2078 2774 2079
f 2079 2774 2776
f 2774 2773 2776
f 2776 2773 2777
f 2773 2772 2777
f 2777 2772 2778
f 2190 2189 2609
f 2609 2189 2778
f 2053 2052 2779
f 2779 2052 2181
f 2144 2775 2081
f 2081 2775 2078
f 2294 2153 2174
f 2174 2153 2175
f 2132 2276 2189
f 2189 2276 2778
f 2606 2609 2772
f 2772 2609 2778
f 2195 2613 2698
f 2698 2613 2612
f 2596 2279 2698
f 2698 2279 2195
f 2054 2777 2276
f 2276 2777 2778
f 2777 2054 2776
f 2776 2054 2053
f 2053 2779 2776
f 2776 2779 2079
f 2779 2181 2079
f 2079 2181 2080
f 2181 2239 2080
f 2080 2239 2240
f 2122 2256 2014
f 2042 1982 2076
f 2076 1982 2007
f 1982 1985 2007
f 2007 1985 2008
f 2095 2097 2265
f 2265 2097 2266
f 2076 2050 2042
f 2042 2050 2047
f 2046 2043 2047
f 2047 2043 2042
f 2118 1993 2046
f 2046 1993 2043
f 1995 1994 2118
f 2118 1994 1993
f 2267 1992 2011
f 2011 1992 2012
f 1997 2012 1994
f 1994 2012 1992
f 2226 2013 1997
f 1997 2013 2012
f 2225 2087 2226
f 2226 2087 2013
f 2225 2232 2087
f 2087 2232 2288
f 2232 2070 2288
f 2288 2070 2252
f 2070 2025 2252
f 2252 2025 2253
f 1988 2249 2025
f 2025 2249 2253
f 2116 2115 2267
f 2267 2115 2268
f 2096 1984 2237
f 2237 1984 1991
f 2095 1985 2096
f 2096 1985 1984
f 2265 2008 2095
f 2095 2008 1985
f 2092 2009 2265
f 2265 2009 2008
f 2091 2286 2092
f 2092 2286 2009
f 2255 2238 2091
f 2091 2238 2286
f 2256 2239 2255
f 2255 2239 2238
f 2122 2240 2256
f 2256 2240 2239
f 2121 2241 2122
f 2122 2241 2240
f 2022 2018 2097
f 2097 2018 2266
f 2022 2024 2018
f 2018 2024 2019
f 2024 2072 2019
f 2019 2072 2073
f 2072 2228 2073
f 2073 2228 2230
f 2228 2184 2230
f 2230 2184 2183
f 2121 2285 2241
f 2241 2285 2258
f 2285 2036 2258
f 2258 2036 2257
f 2177 2145 2193
f 2193 2145 2257
f 2173 2193 2196
f 2196 2193 2037
f 2036 2037 2257
f 2257 2037 2193
f 2196 2037 2066
f 2066 2037 2035
f 2061 2108 2034
f 2034 2108 2067
f 2108 2208 2067
f 2067 2208 2204
f 2208 2210 2204
f 2204 2210 2203
f 2210 2280 2203
f 2203 2280 2186
f 2183 2186 2235
f 2235 2186 2280
f 1987 2114 1988
f 1988 2114 2249
f 2237 2115 1987
f 1987 2115 2114
f 1991 2268 2237
f 2237 2268 2115
f 1991 1990 2268
f 2268 1990 1992
f 107 110 2781
f 2781 110 2780
f 117 2782 118
f 118 2782 2783
f 119 2784 120
f 120 2784 2785
f 125 2786 126
f 126 2786 2787
f 127 2788 128
f 128 2788 2789
f 127 132 2788
f 2788 132 2790
f 231 230 2792
f 2792 230 2791
f 118 2783 119
f 119 2783 2784
f 241 243 2794
f 2794 243 2793
f 2781 2795 107
f 107 2795 352
f 120 2785 437
f 437 2785 2796
f 126 2787 110
f 110 2787 2780
f 455 2797 456
f 456 2797 2798
f 128 2789 457
f 457 2789 2799
f 456 2798 117
f 117 2798 2782
f 2794 2797 241
f 241 2797 455
f 457 2799 125
f 125 2799 2786
f 132 231 2790
f 2790 231 2792
f 230 437 2791
f 2791 437 2796
f 2792 2789 2790
f 2790 2789 2788
f 2785 2784 2801
f 2801 2784 2800
f 2786 2802 2787
f 2787 2802 2803
f 2792 2791 2805
f 2805 2791 2804
f 2784 2783 2800
f 2800 2783 2806
f 2785 2801 2796
f 2796 2801 2807
f 2787 2803 2780
f 2780 2803 2808
f 2789 2809 2799
f 2799 2809 2810
f 2799 2810 2786
f 2786 2810 2802
f 2791 2796 2804
f 2804 2796 2807
f 2789 2792 2809
f 2809 2792 2805
f 2812 2797 2811
f 2811 2797 2794
f 2809 2805 2810
f 2810 2805 2804
f 2810 2804 2802
f 2802 2804 2807
f 2802 2807 2803
f 2803 2807 2801
f 2808 2803 2800
f 2800 2803 2801
f 2814 699 2813
f 2813 699 698
f 2808 2815 2780
f 2780 2815 2781
f 2817 2782 2816
f 2816 2782 2798
f 2815 2818 2781
f 2781 2818 2795
f 2797 2812 2798
f 2798 2812 2816
f 2783 2782 2806
f 2806 2782 2817
f 2800 2806 2808
f 2808 2806 2815
f 2794 2793 2811
f 2811 2793 2819
f 174 201 384
f 384 201 362
f 200 1766 390
f 390 1766 1777
f 1777 1778 390
f 390 1778 398
f 1778 361 398
f 398 361 222
f 2820 2821 628
f 628 2821 629
f 1406 2820 790
f 790 2820 628
f 794 1415 1233
f 1233 1415 1234
f 1406 790 1407
f 1407 790 1312
f 1407 1312 2822
f 2822 1312 1316
f 2823 1380 1543
f 1543 1380 1379
f 1385 1738 1382
f 1382 1738 1383
f 1381 791 1382
f 1382 791 1386
f 791 794 1386
f 1386 794 1233
f 1259 1390 1260
f 1260 1390 1389
f 1905 1542 1394
f 1394 1542 1395
f 1410 1413 1397
f 1397 1413 1398
f 2821 1410 629
f 629 1410 1397
f 2823 2822 1380
f 1380 2822 1316
f 1392 1395 1378
f 1378 1395 1379
f 1738 1399 1383
f 1383 1399 1398
f 1388 1235 1389
f 1389 1235 1234
f 1393 1391 1394
f 1394 1391 1390
f 1381 1384 779
f 779 1384 780
f 1282 788 792
f 792 788 793
f 1431 1262 1432
f 1432 1262 1261
f 1400 1342 1408
f 1408 1342 1409
f 1508 1544 1411
f 1411 1544 1412
f 788 787 793
f 793 787 1414
f 2821 2820 1429
f 1429 2820 1430
f 2822 2823 1506
f 1506 2823 1507
f 778 1282 779
f 779 1282 792
f 2820 1406 1430
f 1430 1406 1409
f 1410 2821 1411
f 1411 2821 1429
f 1407 2822 1408
f 1408 2822 1506
f 1544 781 1412
f 1412 781 780
f 1260 1415 1261
f 1261 1415 1414
f 1334 2824 923
f 923 2824 924
f 2826 1268 2825
f 2825 1268 1267
f 769 1212 2827
f 2827 1212 2828
f 1492 1190 1266
f 1266 1190 1267
f 1488 2829 1489
f 1489 2829 2830
f 922 1329 923
f 923 1329 1328
f 1484 2831 1485
f 1485 2831 2832
f 1482 2833 1485
f 1485 2833 1486
f 1324 1493 1489
f 1489 1493 1490
f 1265 1491 1266
f 1266 1491 1490
f 2835 2836 2834
f 2834 2836 2837
f 1250 2838 2827
f 2827 2838 2839
f 1488 1491 2840
f 2840 1491 2841
f 1268 2826 2842
f 2842 2826 2843
f 2844 2845 1495
f 1495 2845 1496
f 1427 2847 2846
f 2846 2847 926
f 2829 1488 2848
f 2848 1488 2840
f 1329 922 2849
f 2849 922 927
f 2850 2851 768
f 768 2851 1213
f 1265 1268 2852
f 2852 1268 2842
f 1491 1265 2841
f 2841 1265 2852
f 2854 2855 2853
f 2853 2855 2856
f 2855 2857 2856
f 2856 2857 598
f 2857 2858 598
f 598 2858 595
f 2858 2859 595
f 595 2859 626
f 649 652 2860
f 2860 652 2861
f 639 642 2862
f 2862 642 2863
f 2864 705 2862
f 2862 705 639
f 2865 1418 2864
f 2864 1418 705
f 2866 2867 2865
f 2865 2867 1418
f 1760 1348 1761
f 1761 1348 2867
f 1764 2868 1197
f 1197 2868 1198
f 2869 611 2868
f 2868 611 1198
f 2870 612 2869
f 2869 612 611
f 1352 1350 944
f 944 1350 688
f 1350 1256 688
f 688 1256 685
f 1256 1255 685
f 685 1255 692
f 1255 2871 692
f 692 2871 2872
f 701 2873 698
f 698 2873 2813
f 2872 1349 692
f 692 1349 693
f 1696 1744 1574
f 1574 1744 1575
f 1753 1618 1577
f 1577 1618 1578
f 1729 1594 1608
f 1608 1594 1609
f 1725 1630 1611
f 1611 1630 1612
f 1604 1607 1625
f 1625 1607 1626
f 1624 1703 1625
f 1625 1703 1912
f 1703 1702 1912
f 1912 1702 1913
f 1702 1753 1913
f 1913 1753 1577
f 1598 1569 1915
f 1915 1569 1578
f 1616 1615 1915
f 1915 1615 1916
f 1615 1696 1916
f 1916 1696 1574
f 1744 1745 1575
f 1575 1745 1917
f 1745 1565 1917
f 1917 1565 1609
f 1568 1725 1608
f 1608 1725 1611
f 2874 1613 1918
f 1918 1613 1612
f 1607 2874 1626
f 1626 2874 1918
f 1610 1613 1562
f 1562 1613 1563
f 1547 1550 1570
f 1570 1550 1571
f 1573 1576 1580
f 1580 1576 1581
f 1553 1556 1595
f 1595 1556 1596
f 1556 1582 1596
f 1596 1582 1581
f 1551 1547 1599
f 1599 1547 1570
f 1731 1914 1601
f 1601 1914 1602
f 1686 1689 1605
f 1605 1689 1606
f 1598 1743 1599
f 1599 1743 1692
f 2874 1607 1723
f 1723 1607 1606
f 1727 1553 1730
f 1730 1553 1595
f 1600 1686 1601
f 1601 1686 1605
f 1914 1572 1602
f 1602 1572 1571
f 1579 1693 1580
f 1580 1693 1692
f 1613 2874 1563
f 1563 2874 1723
f 1561 1727 1562
f 1562 1727 1730
f 1949 1742 1548
f 1548 1742 1549
f 1694 1949 1552
f 1552 1949 1548
f 1954 1589 1554
f 1554 1589 1555
f 1693 1579 1558
f 1558 1579 1559
f 1561 1564 1584
f 1584 1564 1585
f 1582 1556 1588
f 1588 1556 1555
f 1600 1603 1591
f 1591 1603 1592
f 1981 1977 1687
f 1687 1977 1688
f 1564 1722 1585
f 1585 1722 1690
f 1551 1693 1552
f 1552 1693 1558
f 1751 1954 1728
f 1728 1954 1554
f 1590 1981 1591
f 1591 1981 1687
f 1603 1550 1592
f 1592 1550 1549
f 1977 1691 1688
f 1688 1691 1690
f 1587 1560 1588
f 1588 1560 1559
f 1727 1561 1728
f 1728 1561 1584
f 2875 1919 1947
f 1947 1919 1948
f 1557 1560 1952
f 1952 1560 1953
f 1933 1932 1955
f 1955 1932 1956
f 1587 1589 1958
f 1958 1589 1956
f 1959 1933 1965
f 1965 1933 1955
f 1961 1964 1966
f 1966 1964 1967
f 1981 1590 1969
f 1969 1590 1967
f 1742 1949 1972
f 1972 1949 1948
f 1593 1742 1966
f 1966 1742 1972
f 1957 1950 1958
f 1958 1950 1953
f 1583 1586 1974
f 1974 1586 1975
f 1940 1943 1978
f 1978 1943 1979
f 1943 1976 1979
f 1979 1976 1975
f 1951 2875 1952
f 1952 2875 1947
f 1968 1940 1969
f 1969 1940 1978
f 1973 1959 1974
f 1974 1959 1965
f 1923 1971 1920
f 1920 1971 1921
f 1919 2875 1920
f 1920 2875 1924
f 2875 1951 1924
f 1924 1951 1926
f 1950 1957 1929
f 1929 1957 1930
f 2244 2243 1934
f 1934 2243 1935
f 1973 1976 1937
f 1937 1976 1938
f 1944 1980 1941
f 1941 1980 1942
f 1940 1968 1941
f 1941 1968 1945
f 2287 2244 1960
f 1960 2244 1934
f 1970 2245 1962
f 1962 2245 1963
f 2243 1931 1935
f 1935 1931 1930
f 1927 1926 1928
f 1928 1926 1929
f 1961 1922 1962
f 1962 1922 1921
f 2245 1946 1963
f 1963 1946 1945
f 1976 1943 1938
f 1938 1943 1942
f 1936 2287 1937
f 1937 2287 1960
f 743 1238 608
f 608 1238 609
f 607 1811 608
f 608 1811 744
f 1304 2876 1305
f 1305 2876 2877
f 586 585 1298
f 1298 585 1299
f 585 702 1299
f 1299 702 1300
f 702 1428 1300
f 1300 1428 1301
f 1238 586 609
f 609 586 1298
f 2878 2879 1218
f 1218 2879 2877
f 2880 2881 1812
f 1812 2881 1819
f 2883 1821 2882
f 2882 1821 1820
f 2840 2841 620
f 620 2841 621
f 2842 2843 795
f 795 2843 796
f 892 895 2844
f 2844 895 2845
f 2848 2840 942
f 942 2840 620
f 2849 927 1202
f 1202 927 1203
f 2852 2842 1270
f 1270 2842 795
f 2841 2852 621
f 621 2852 1270
f 941 1759 942
f 942 1759 2884
f 659 929 1427
f 1427 929 2847
f 1237 2851 751
f 751 2851 2850
f 1216 2885 1217
f 1217 2885 1754
f 2887 734 2886
f 2886 734 733
f 2889 1816 2888
f 2888 1816 1815
f 2890 1245 2889
f 2889 1245 1816
f 1824 2891 1825
f 1825 2891 1246
f 2892 2893 2895
f 2895 2893 2894
f 1854 1833 1851
f 1851 1833 1832
f 1851 1832 1884
f 1884 1832 1876
f 1884 1876 1441
f 1441 1876 1443
f 1441 1443 1442
f 1442 1443 1446
f 1442 1446 2896
f 2896 1446 1507
f 2897 2823 2898
f 2898 2823 1543
f 1542 2899 1543
f 1543 2899 2898
f 1542 1905 2899
f 2899 1905 2900
f 1905 1259 2900
f 2900 1259 2901
f 1262 1431 2902
f 2902 1431 1904
f 1431 1434 1904
f 1904 1434 1902
f 1902 1434 2903
f 2903 1434 719
f 2903 719 2904
f 2904 719 718
f 1869 1881 718
f 718 1881 2904
f 1881 1869 1880
f 1880 1869 756
f 1880 756 2905
f 2905 756 755
f 2905 755 2906
f 2906 755 758
f 762 2907 763
f 763 2907 2908
f 724 723 2909
f 2909 723 894
f 796 895 723
f 723 895 894
f 2843 2845 796
f 796 2845 895
f 2826 1496 2843
f 2843 1496 2845
f 2825 1497 2826
f 2826 1497 1496
f 1189 2836 2825
f 2825 2836 1497
f 797 891 798
f 798 891 2837
f 802 888 797
f 797 888 891
f 2910 2911 2913
f 2913 2911 2912
f 1780 1783 2915
f 2915 1783 2914
f 2916 2917 831
f 831 2917 832
f 2918 2919 845
f 845 2919 846
f 2920 2916 847
f 847 2916 831
f 2921 2922 857
f 857 2922 858
f 2923 2924 860
f 860 2924 861
f 2919 2912 846
f 846 2912 887
f 2925 2920 940
f 940 2920 847
f 2924 2926 861
f 861 2926 1204
f 2917 2918 832
f 832 2918 845
f 2927 2928 1449
f 1449 2928 1450
f 2929 2930 889
f 889 2930 2931
f 2896 1507 2897
f 2897 1507 2823
f 2902 2901 1262
f 1262 2901 1259
f 2932 2933 750
f 750 2933 1236
f 2933 2934 1236
f 1236 2934 1835
f 2936 2937 2935
f 2935 2937 2938
f 2940 2941 2939
f 2939 2941 2942
f 2943 2944 1841
f 1841 2944 1842
f 2945 1860 2944
f 2944 1860 1842
f 2945 2946 1860
f 1860 2946 1859
f 1889 2947 1890
f 1890 2947 1856
f 1856 2947 1857
f 1857 2947 2948
f 2950 709 2949
f 2949 709 1829
f 2952 730 2951
f 2951 730 729
f 2866 2953 2867
f 2867 2953 1761
f 2953 2954 1761
f 1761 2954 1420
f 2954 2955 1420
f 1420 2955 742
f 2955 2956 742
f 742 2956 739
f 2956 2957 739
f 739 2957 760
f 2957 2958 760
f 760 2958 761
f 2958 2959 761
f 761 2959 2960
f 2959 2961 2960
f 2960 2961 2962
f 2963 2964 1839
f 1839 2964 1840
f 2964 2965 1840
f 1840 2965 2942
f 2966 2950 2939
f 2939 2950 2949
f 2935 2967 2936
f 2936 2967 2968
f 2969 2970 736
f 736 2970 735
f 734 2887 1815
f 1815 2887 2888
f 2887 2882 2888
f 2888 2882 2881
f 1819 1820 1817
f 1817 1820 748
f 1195 1757 1197
f 1197 1757 1424
f 1757 647 1424
f 1424 647 646
f 647 648 646
f 646 648 643
f 648 1271 643
f 643 1271 737
f 1271 725 737
f 737 725 765
f 725 724 765
f 765 724 762
f 762 724 2907
f 2907 724 2909
f 1254 1437 2909
f 2909 1437 2907
f 1438 1253 1836
f 1836 1253 1835
f 1836 1835 2938
f 2938 1835 2934
f 2971 2972 2935
f 2935 2972 2967
f 897 896 2969
f 2969 896 2970
f 1815 1814 734
f 734 1814 731
f 728 1215 896
f 896 1215 732
f 2885 1216 733
f 733 1216 2886
f 1216 1219 2886
f 2886 1219 2883
f 2876 1304 1821
f 1821 1304 749
f 1304 1303 749
f 749 1303 746
f 1818 2973 1817
f 1817 2973 1810
f 747 2974 1818
f 1818 2974 2973
f 747 746 2974
f 2974 746 1303
f 2976 2977 2975
f 2975 2977 2978
f 2976 2979 2901
f 2901 2979 2900
f 2980 2981 2982
f 2982 2981 2979
f 2981 2980 2983
f 2983 2980 2984
f 2985 2897 2983
f 2983 2897 2898
f 2987 2988 2986
f 2986 2988 2985
f 2896 2988 1442
f 1442 2988 1439
f 1903 2977 1904
f 1904 2977 2902
f 1856 1855 1890
f 1890 1855 2989
f 2989 2990 1890
f 1890 2990 1359
f 2990 2991 1359
f 1359 2991 1356
f 2946 2992 1859
f 1859 2992 1893
f 2992 2993 1893
f 1893 2993 775
f 2993 2994 775
f 775 2994 776
f 2986 1356 2987
f 2987 1356 2991
f 2975 2978 776
f 776 2978 777
f 2982 2994 2980
f 2980 2994 2995
f 1357 2984 2995
f 2995 2984 2980
f 2995 2996 1357
f 1357 2996 1358
f 2996 2997 1358
f 1358 2997 1889
f 2998 2999 2932
f 2932 2999 2933
f 2999 2971 2933
f 2933 2971 2934
f 1837 1836 2937
f 2937 1836 2938
f 2943 1841 2941
f 2941 1841 1838
f 3001 2944 3000
f 3000 2944 2943
f 3001 3002 2944
f 2944 3002 2945
f 3002 3003 2945
f 2945 3003 2946
f 2997 3003 1889
f 1889 3003 2947
f 2947 3003 2948
f 2948 3003 3002
f 3001 3004 3002
f 3002 3004 2948
f 3000 3005 3001
f 3001 3005 3004
f 2940 3006 3000
f 3000 3006 3005
f 2999 3007 2971
f 2971 3007 2972
f 2998 2951 2999
f 2999 2951 3007
f 3008 2952 2998
f 2998 2952 2951
f 2966 2965 2936
f 2936 2965 2937
f 2935 2938 2971
f 2971 2938 2934
f 3003 2997 2946
f 2946 2997 2992
f 2997 2996 2992
f 2992 2996 2993
f 2996 2995 2993
f 2993 2995 2994
f 1356 2986 1357
f 1357 2986 2984
f 2982 2975 2994
f 2994 2975 776
f 1844 1843 1899
f 1899 1843 3009
f 1843 638 3009
f 3009 638 3010
f 638 637 3010
f 3010 637 3011
f 637 1830 3011
f 3011 1830 3012
f 1830 1833 3012
f 3012 1833 2894
f 1833 1854 2894
f 2894 1854 2895
f 1854 1853 2895
f 2895 1853 1888
f 1858 1857 1885
f 1885 1857 1892
f 1899 3009 1898
f 1898 3009 1874
f 3009 3010 1874
f 1874 3010 1865
f 3010 3011 1865
f 1865 3011 1862
f 3011 3012 1862
f 1862 3012 1882
f 3012 2894 1882
f 1882 2894 2893
f 1850 2890 782
f 782 2890 2889
f 783 2880 1811
f 1811 2880 1812
f 744 1810 745
f 745 1810 2973
f 745 2973 805
f 805 2973 806
f 2973 2974 806
f 806 2974 815
f 1303 812 2974
f 2974 812 815
f 1303 1302 812
f 812 1302 1221
f 1307 3013 1302
f 1302 3013 1221
f 1734 3014 1633
f 1633 3014 1634
f 1646 1649 1636
f 1636 1649 1637
f 1654 1657 1641
f 1641 1657 1642
f 1639 1736 1636
f 1636 1736 1684
f 1716 1713 1698
f 1698 1713 1699
f 1718 1721 1705
f 1705 1721 1706
f 1653 1654 1709
f 1709 1654 1641
f 1620 1623 1714
f 1714 1623 1699
f 1712 1682 1714
f 1714 1682 1740
f 1668 1671 1746
f 1746 1671 1747
f 1752 1650 1749
f 1749 1650 1750
f 1750 1650 1709
f 1709 1650 1653
f 1632 1668 1633
f 1633 1668 1746
f 1649 1752 1637
f 1637 1752 1749
f 1682 1643 1740
f 1740 1643 1642
f 3014 1685 1634
f 1634 1685 1684
f 1704 1748 1705
f 1705 1748 1747
f 1697 1707 1698
f 1698 1707 1706
f 1739 1701 1621
f 1621 1701 1622
f 1567 1566 1647
f 1647 1566 1648
f 1664 1695 1651
f 1651 1695 1652
f 1614 1617 1655
f 1655 1617 1656
f 1704 1707 1659
f 1659 1707 1660
f 3014 1734 1662
f 1662 1734 1663
f 1650 1752 1651
f 1651 1752 1665
f 1741 1657 1667
f 1667 1657 1656
f 1695 1614 1652
f 1652 1614 1655
f 1724 1567 1726
f 1726 1567 1647
f 1645 1628 1733
f 1733 1628 1663
f 1685 3014 1726
f 1726 3014 1662
f 1620 1741 1621
f 1621 1741 1667
f 1566 1666 1648
f 1648 1666 1665
f 1658 1737 1659
f 1659 1737 1901
f 1911 1661 1910
f 1910 1661 1660
f 1701 1911 1622
f 1622 1911 1910
f 1732 1748 1733
f 1733 1748 1901
f 1857 2948 1892
f 1892 2948 3004
f 1892 3004 1891
f 1891 3004 3005
f 1828 3006 1829
f 1829 3006 2949
f 2967 736 2968
f 2968 736 710
f 2972 2969 2967
f 2967 2969 736
f 2969 2972 897
f 897 2972 3007
f 897 3007 729
f 729 3007 2951
f 3016 753 3015
f 3015 753 752
f 3018 767 3017
f 3017 767 766
f 3019 3020 1249
f 1249 3020 3021
f 2915 2914 3019
f 3019 2914 3020
f 3023 2914 3022
f 3022 2914 1783
f 2827 2839 769
f 769 2839 766
f 3025 2838 3024
f 3024 2838 3021
f 768 767 2850
f 2850 767 3026
f 2850 3026 751
f 751 3026 752
f 750 753 2932
f 2932 753 3027
f 3008 2998 3027
f 3027 2998 2932
f 3028 3029 3008
f 3008 3029 2952
f 3029 3030 2952
f 2952 3030 730
f 3032 3033 3031
f 3031 3033 3034
f 3036 3037 3035
f 3035 3037 3038
f 2870 3039 612
f 612 3039 3040
f 3041 3042 3031
f 3031 3042 3038
f 3034 1352 3043
f 3043 1352 944
f 612 3040 613
f 613 3040 3044
f 613 3044 1425
f 1425 3044 1422
f 3045 3042 669
f 669 3042 670
f 3041 3043 599
f 599 3043 600
f 772 771 1544
f 1544 771 781
f 1503 771 1866
f 1866 771 770
f 771 1503 781
f 781 1503 778
f 61 281 416
f 416 281 1907
f 283 103 3046
f 3046 103 3047
f 76 79 3048
f 3048 79 3049
f 280 76 1906
f 1906 76 3048
f 3051 335 3050
f 3050 335 334
f 3053 417 3052
f 3052 417 416
f 3055 435 3054
f 3054 435 434
f 428 435 419
f 419 435 1908
f 420 1909 293
f 293 1909 443
f 79 294 3049
f 3049 294 444
f 3057 444 3056
f 3056 444 443
f 3051 3058 335
f 335 3058 452
f 216 215 1332
f 1332 215 452
f 308 283 462
f 462 283 3046
f 3050 334 3059
f 3059 334 462
f 103 62 3047
f 3047 62 417
f 313 312 434
f 434 312 463
f 3061 574 3060
f 3060 574 573
f 1310 3062 1428
f 1428 3062 3063
f 1258 3064 1255
f 1255 3064 2871
f 932 3065 2853
f 2853 3065 3066
f 699 2814 931
f 931 2814 3067
f 3068 1301 3063
f 3063 1301 1428
f 571 574 1310
f 1310 574 3062
f 3060 573 3069
f 3069 573 1332
f 3070 3071 1906
f 1906 3071 1907
f 3072 3073 1908
f 1908 3073 1909
f 3075 2814 3074
f 3074 2814 2813
f 2854 3076 1258
f 1258 3076 3064
f 2871 3077 2872
f 2872 3077 3078
f 3074 2813 3079
f 3079 2813 2873
f 2872 3078 1349
f 1349 3078 3080
f 2873 701 3068
f 3068 701 1301
f 1330 1201 3080
f 3080 1201 1349
f 1264 1263 3081
f 3081 1263 3082
f 3083 3084 3082
f 3082 3084 3081
f 811 1448 3086
f 3086 1448 3085
f 808 811 3087
f 3087 811 3086
f 3088 3083 833
f 833 3083 3082
f 884 3089 885
f 885 3089 3090
f 3087 1790 808
f 808 1790 816
f 1790 3087 1787
f 1787 3087 3091
f 3092 3091 3086
f 3086 3091 3087
f 3093 3094 3084
f 3084 3094 3095
f 3089 3096 3090
f 3090 3096 3088
f 3097 3093 3083
f 3083 3093 3084
f 3099 3100 3098
f 3098 3100 1786
f 3101 1788 2913
f 2913 1788 3102
f 838 837 885
f 885 837 886
f 886 837 3103
f 3103 837 1541
f 3094 3093 3104
f 3104 3093 3097
f 3105 3106 3089
f 3089 3106 3096
f 3108 3109 3107
f 3107 3109 3110
f 3111 3112 3091
f 3091 3112 1787
f 3114 3108 3113
f 3113 3108 3107
f 3114 3115 3112
f 3112 3115 3102
f 3091 3092 3111
f 3111 3092 3116
f 839 838 835
f 835 838 836
f 885 3090 838
f 838 3090 836
f 3110 3117 1247
f 1247 3117 3118
f 1247 3118 1248
f 1248 3118 3119
f 3120 3121 3119
f 3119 3121 1248
f 1247 844 3110
f 3110 844 3107
f 844 843 3107
f 3107 843 3113
f 843 3099 3113
f 3113 3099 3122
f 1781 3123 3098
f 3098 3123 3124
f 2915 2931 1780
f 1780 2931 2930
f 3019 3125 2915
f 2915 3125 2931
f 890 3125 2834
f 2834 3125 1252
f 3125 3019 1252
f 1252 3019 1249
f 907 908 946
f 946 908 947
f 1185 1188 1369
f 1369 1188 948
f 954 957 951
f 951 957 952
f 910 965 953
f 953 965 950
f 905 958 960
f 960 958 961
f 3126 978 949
f 949 978 962
f 936 935 967
f 967 935 968
f 994 993 969
f 969 993 966
f 902 904 971
f 971 904 972
f 983 985 973
f 973 985 970
f 906 905 974
f 974 905 960
f 977 981 959
f 959 981 975
f 911 910 1143
f 1143 910 953
f 952 957 1142
f 1142 957 1145
f 911 1143 1366
f 1366 1143 1368
f 1185 1369 1145
f 1145 1369 1142
f 993 1519 966
f 966 1519 1456
f 965 1454 950
f 950 1454 1457
f 900 899 1459
f 1459 899 1460
f 988 991 1461
f 1461 991 1458
f 899 963 1460
f 1460 963 1462
f 985 987 970
f 970 987 1463
f 904 906 972
f 972 906 974
f 981 983 975
f 975 983 973
f 935 900 968
f 968 900 1459
f 991 994 1458
f 1458 994 969
f 1154 1526 1088
f 1088 1526 1089
f 1109 1112 1092
f 1092 1112 1093
f 1083 1098 1084
f 1084 1098 1097
f 1078 1471 1100
f 1100 1471 1101
f 1075 1078 1104
f 1104 1078 1100
f 1152 1154 1156
f 1156 1154 1088
f 1156 1155 1372
f 1372 1155 1373
f 1372 1373 1104
f 1104 1373 1075
f 1467 1109 1465
f 1465 1109 1092
f 1465 1182 1468
f 1468 1182 1184
f 1474 1470 1096
f 1096 1470 1097
f 1102 1101 1083
f 1083 1101 1098
f 1112 1531 1093
f 1093 1531 1529
f 1102 1073 1099
f 1099 1073 1072
f 1526 1154 1079
f 1079 1154 1080
f 1081 1091 1082
f 1082 1091 1094
f 1069 1068 1085
f 1085 1068 1086
f 1153 1151 1080
f 1080 1151 1058
f 1371 1177 1179
f 1179 1177 1176
f 1099 1072 1103
f 1103 1072 1176
f 1068 1071 1086
f 1086 1071 1073
f 1085 1084 1180
f 1180 1084 1469
f 1066 1065 1183
f 1183 1065 1181
f 1153 1152 1177
f 1177 1152 1178
f 1091 1081 1182
f 1182 1081 1183
f 1057 1525 1079
f 1079 1525 1527
f 1120 1117 1076
f 1076 1117 1077
f 1087 1090 1107
f 1107 1090 1108
f 1127 1126 1110
f 1110 1126 1111
f 1095 1116 1096
f 1096 1116 1115
f 1471 1078 1119
f 1119 1078 1077
f 1087 1107 1155
f 1155 1107 1158
f 1376 1374 1157
f 1157 1374 1158
f 1076 1075 1374
f 1374 1075 1373
f 1109 1467 1110
f 1110 1467 1472
f 1467 1466 1472
f 1472 1466 1473
f 1135 1475 1114
f 1114 1475 1115
f 1471 1119 1095
f 1095 1119 1116
f 1126 1532 1111
f 1111 1532 1530
f 914 1276 1480
f 1480 1276 1517
f 3127 3128 1223
f 1223 3128 1224
f 824 933 1455
f 1455 933 3129
f 3131 1448 3130
f 3130 1448 1447
f 3132 3133 1452
f 1452 3133 1453
f 3130 1447 1322
f 1322 1447 1455
f 933 1514 3129
f 3129 1514 3134
f 1161 3135 1480
f 1480 3135 1481
f 3128 3136 1224
f 1224 3136 1499
f 3133 1162 1453
f 1453 1162 1517
f 1515 3127 1535
f 1535 3127 1223
f 3095 3085 3131
f 3131 3085 1448
f 3137 3092 3085
f 3085 3092 3086
f 3138 3116 3137
f 3137 3116 3092
f 3110 3109 3117
f 3117 3109 3139
f 3105 3140 3117
f 3117 3140 3118
f 3140 3141 3118
f 3118 3141 3119
f 3142 3120 3141
f 3141 3120 3119
f 1498 3143 1277
f 1277 3143 882
f 3144 3145 1340
f 1340 3145 1339
f 1340 3146 3144
f 3144 3146 3147
f 3145 3144 3143
f 3143 3144 3148
f 871 901 872
f 872 901 1362
f 3149 3148 3147
f 3147 3148 3144
f 1208 3150 1209
f 3098 1786 1781
f 1781 1786 1782
f 2930 2929 3123
f 3123 2929 2911
f 1794 1791 2916
f 2916 1791 2917
f 1793 3101 2918
f 2918 3101 2919
f 1796 1794 2920
f 2920 1794 2916
f 3151 3152 2921
f 2921 3152 2922
f 3153 3154 2923
f 2923 3154 2924
f 2919 3101 2912
f 2912 3101 2913
f 3155 1796 2925
f 2925 1796 2920
f 3154 3156 2924
f 2924 3156 2926
f 1791 1793 2917
f 2917 1793 2918
f 3157 3158 2927
f 2927 3158 2928
f 1780 2930 1781
f 1781 2930 3123
f 2825 1267 1189
f 1189 1267 1190
f 2827 2828 1250
f 1250 2828 1251
f 1489 2830 1324
f 1324 2830 1325
f 923 1328 1334
f 1334 1328 1335
f 1485 2832 1482
f 1482 2832 1483
f 1266 1490 1492
f 1492 1490 1493
f 1333 1346 1334
f 1334 1346 2824
f 722 799 1492
f 1492 799 1190
f 664 657 1482
f 1482 657 2833
f 631 634 1324
f 1324 634 1493
f 2828 1494 1251
f 1251 1494 2835
f 1249 3021 1250
f 1250 3021 2838
f 798 2837 1189
f 1189 2837 2836
f 3100 842 3160
f 3160 842 3159
f 1788 3101 1789
f 1789 3101 1793
f 1792 816 1789
f 1789 816 1790
f 817 816 1795
f 1795 816 1792
f 938 817 1797
f 1797 817 1795
f 1796 3155 1797
f 1797 3155 1798
f 3155 3158 1798
f 1798 3158 1799
f 3157 3152 1801
f 1801 3152 1802
f 3151 3156 1803
f 1803 3156 1804
f 3154 3153 1805
f 1805 3153 1806
f 3153 3161 1806
f 1806 3161 1807
f 3099 843 3100
f 3100 843 842
f 1788 1787 3102
f 3102 1787 3112
f 2910 3115 3124
f 3124 3115 3122
f 3099 3098 3122
f 3122 3098 3124
f 416 1907 3052
f 3052 1907 3071
f 3046 3047 3163
f 3163 3047 3162
f 249 445 259
f 259 445 3164
f 425 3165 424
f 424 3165 461
f 408 410 329
f 329 410 330
f 39 331 40
f 40 331 332
f 305 304 423
f 423 304 464
f 385 254 458
f 458 254 392
f 250 415 251
f 251 415 412
f 233 337 234
f 234 337 3166
f 435 3055 1908
f 1908 3055 3072
f 443 1909 3056
f 3056 1909 3073
f 3167 3049 3057
f 3057 3049 444
f 452 3058 1332
f 1332 3058 3069
f 234 3166 346
f 346 3166 411
f 3046 3163 462
f 462 3163 3059
f 259 3164 260
f 260 3164 336
f 3047 417 3162
f 3162 417 3053
f 463 3168 434
f 434 3168 3054
f 454 830 425
f 425 830 3165
f 3062 3169 3063
f 3063 3169 3170
f 1355 1354 1534
f 1534 1354 3171
f 3063 3170 3068
f 3068 3170 3172
f 574 3061 3062
f 3062 3061 3169
f 1534 3171 1535
f 1535 3171 3173
f 3079 2873 3172
f 3172 2873 3068
f 2838 3025 2839
f 2839 3025 3174
f 3176 3177 3175
f 3175 3177 3178
f 3180 1125 3179
f 3179 1125 1128
f 3182 3183 3181
f 3181 3183 3184
f 1134 3185 1130
f 1130 3185 3182
f 3186 3187 3189
f 3189 3187 3188
f 3191 3189 3190
f 3190 3189 3188
f 1137 1122 3190
f 3190 1122 3192
f 3175 3178 3193
f 3193 3178 3194
f 3181 3184 3179
f 3179 3184 3195
f 3197 3198 3196
f 3196 3198 3180
f 3200 3178 3199
f 3199 3178 3177
f 3202 3196 3201
f 3201 3196 3195
f 3204 3184 3203
f 3203 3184 3183
f 3206 3207 3205
f 3205 3207 3186
f 3205 3186 3208
f 3208 3186 3189
f 3209 3208 3191
f 3191 3208 3189
f 3210 3194 3200
f 3200 3194 3178
f 3201 3195 3204
f 3204 3195 3184
f 3197 3211 3177
f 3177 3211 3199
f 3213 3214 3212
f 3212 3214 3215
f 3217 3218 3216
f 3216 3218 3219
f 3221 3222 3220
f 3220 3222 3223
f 3225 3226 3224
f 3224 3226 3227
f 3229 3230 3228
f 3228 3230 3231
f 3233 3234 3232
f 3232 3234 3235
f 3237 3238 3236
f 3236 3238 3239
f 3238 3240 3239
f 3239 3240 3241
f 3232 3235 3242
f 3242 3235 3243
f 3245 3246 3244
f 3244 3246 3247
f 3248 3249 3245
f 3245 3249 3246
f 3251 3252 3250
f 3250 3252 3253
f 3255 3252 3254
f 3254 3252 3251
f 3256 3257 3259
f 3259 3257 3258
f 3261 3262 3260
f 3260 3262 3263
f 3265 3263 3264
f 3264 3263 3262
f 3256 3259 3266
f 3266 3259 3267
f 3269 3270 3268
f 3268 3270 3271
f 3269 3272 3270
f 3270 3272 3273
f 3274 3275 3277
f 3277 3275 3276
f 3278 3279 3276
f 3276 3279 3277
f 3281 3282 3280
f 3280 3282 3283
f 3280 3284 3281
f 3281 3284 3285
f 3287 3288 3286
f 3286 3288 3289
f 3290 3291 3288
f 3288 3291 3289
f 3234 3218 3235
f 3235 3218 3217
f 3232 3292 3233
f 3233 3292 3293
f 3239 3294 3236
f 3236 3294 3219
f 3233 3293 3237
f 3237 3293 3295
f 3296 3294 3241
f 3241 3294 3239
f 3240 3238 3297
f 3297 3238 3298
f 3217 3216 3235
f 3235 3216 3243
f 3297 3299 3240
f 3240 3299 3242
f 3246 3300 3247
f 3247 3300 3223
f 3301 3302 3254
f 3254 3302 3244
f 3249 3303 3246
f 3246 3303 3300
f 3245 3304 3248
f 3248 3304 3292
f 3252 3221 3253
f 3253 3221 3220
f 3250 3248 3299
f 3299 3248 3292
f 3222 3221 3255
f 3255 3221 3252
f 3297 3301 3251
f 3251 3301 3254
f 3258 3214 3259
f 3259 3214 3213
f 3257 3256 3304
f 3304 3256 3305
f 3263 3306 3260
f 3260 3306 3215
f 3261 3257 3302
f 3302 3257 3304
f 3307 3306 3265
f 3265 3306 3263
f 3262 3301 3264
f 3264 3301 3308
f 3259 3213 3267
f 3267 3213 3212
f 3308 3309 3264
f 3264 3309 3266
f 3270 3310 3271
f 3271 3310 3231
f 3311 3312 3278
f 3278 3312 3268
f 3270 3273 3310
f 3310 3273 3313
f 3272 3269 3305
f 3305 3269 3314
f 3277 3229 3274
f 3274 3229 3228
f 3275 3272 3309
f 3309 3272 3305
f 3279 3230 3277
f 3277 3230 3229
f 3276 3308 3278
f 3278 3308 3311
f 3281 3315 3282
f 3282 3315 3227
f 3290 3316 3283
f 3283 3316 3317
f 3281 3285 3315
f 3315 3285 3318
f 3284 3280 3314
f 3314 3280 3319
f 3289 3225 3286
f 3286 3225 3224
f 3287 3284 3312
f 3284 3314 3312
f 3291 3226 3289
f 3289 3226 3225
f 3288 3311 3290
f 3290 3311 3316
f 3212 3215 3307
f 3307 3215 3306
f 3294 3296 3219
f 3219 3296 3216
f 3303 3220 3300
f 3300 3220 3223
f 3224 3227 3318
f 3318 3227 3315
f 3228 3231 3313
f 3313 3231 3310
f 3234 3233 3236
f 3236 3233 3237
f 3243 3241 3242
f 3242 3241 3240
f 3247 3255 3244
f 3244 3255 3254
f 3253 3249 3250
f 3250 3249 3248
f 3260 3258 3261
f 3261 3258 3257
f 3266 3267 3264
f 3264 3267 3265
f 3268 3271 3278
f 3278 3271 3279
f 3274 3273 3275
f 3275 3273 3272
f 3283 3282 3290
f 3290 3282 3291
f 3286 3285 3287
f 3287 3285 3284
f 3218 3234 3219
f 3219 3234 3236
f 3295 3298 3237
f 3237 3298 3238
f 3216 3296 3243
f 3243 3296 3241
f 3242 3299 3232
f 3232 3299 3292
f 3223 3222 3247
f 3247 3222 3255
f 3244 3302 3245
f 3245 3302 3304
f 3303 3249 3220
f 3220 3249 3253
f 3297 3251 3299
f 3299 3251 3250
f 3215 3214 3260
f 3260 3214 3258
f 3301 3262 3302
f 3302 3262 3261
f 3212 3307 3267
f 3267 3307 3265
f 3266 3309 3256
f 3256 3309 3305
f 3271 3231 3279
f 3279 3231 3230
f 3268 3312 3269
f 3269 3312 3314
f 3228 3313 3274
f 3274 3313 3273
f 3308 3276 3309
f 3309 3276 3275
f 3282 3227 3291
f 3291 3227 3226
f 3317 3319 3283
f 3283 3319 3280
f 3224 3318 3286
f 3286 3318 3285
f 3312 3311 3287
f 3311 3288 3287
f 3320 3321 3194
f 3194 3321 3193
f 1375 3321 1121
f 1121 3321 3322
f 3323 3324 3322
f 3322 3324 3192
f 3175 1124 3176
f 3176 1124 1123
f 3179 3195 3180
f 3180 3195 3196
f 3181 1131 3182
f 3182 1131 1130
f 3207 3185 3186
f 3186 3185 3187
f 1136 3188 1133
f 1133 3188 3187
f 3190 3188 1137
f 1137 3188 1136
f 3193 1159 3175
f 3175 1159 1124
f 3179 1128 3181
f 3181 1128 1131
f 1533 3198 1123
f 1123 3198 3176
f 3321 1375 3193
f 3193 1375 1159
f 3321 3320 3322
f 3322 3320 3323
f 1122 1121 3192
f 3192 1121 3322
f 3194 3210 3320
f 3320 3210 3325
f 3324 3323 3327
f 3327 3323 3326
f 3320 3325 3323
f 3323 3325 3326
f 3208 3328 3205
f 3205 3328 3329
f 3330 3206 3329
f 3329 3206 3205
f 3203 3331 3204
f 3204 3331 3332
f 3210 3333 3325
f 3325 3333 3334
f 3325 3334 3326
f 3326 3334 3335
f 3327 3326 3336
f 3336 3326 3335
f 3327 3209 3324
f 3324 3209 3191
f 3190 3192 3191
f 3191 3192 3324
f 3338 3339 3337
f 3337 3339 3340
f 3338 3341 3339
f 3339 3341 3342
f 3341 3343 3342
f 3342 3343 3344
f 3343 3345 3344
f 3344 3345 3346
f 3345 3347 3346
f 3346 3347 3348
f 3347 3349 3348
f 3348 3349 3350
f 3337 3340 3351
f 3351 3340 3352
f 3351 3352 3353
f 3353 3352 3354
f 3353 3354 3355
f 3355 3354 3356
f 3350 3349 3357
f 3357 3349 3358
f 3355 3356 3359
f 3359 3356 3360
f 3359 3360 3361
f 3361 3360 3362
f 3361 3362 3363
f 3363 3362 3364
f 3363 3364 3358
f 3358 3364 3357
f 3339 3342 3365
f 3365 3342 3366
f 3342 3344 3366
f 3366 3344 3367
f 3344 3346 3367
f 3367 3346 3368
f 3346 3348 3368
f 3368 3348 3369
f 3348 3350 3369
f 3369 3350 3370
f 3368 3369 3371
f 3371 3369 3372
f 3369 3370 3372
f 3372 3370 3373
f 3373 3374 3372
f 3372 3374 3375
f 3377 3378 3376
f 3376 3378 3379
f 3377 3375 3378
f 3378 3375 3374
f 3375 3380 3372
f 3372 3380 3371
f 3377 3381 3375
f 3375 3381 3380
f 3376 3382 3377
f 3377 3382 3381
f 3384 3385 3383
f 3383 3385 3386
f 3384 3383 3388
f 3388 3383 3387
f 3388 3387 3389
f 3389 3387 3390
f 3392 3385 3391
f 3391 3385 3384
f 3388 3393 3384
f 3384 3393 3391
f 3389 3394 3388
f 3388 3394 3393
f 3389 3395 3394
f 3394 3395 3396
f 3395 3389 3397
f 3397 3389 3390
f 3339 3365 3340
f 3340 3365 3398
f 3340 3398 3352
f 3352 3398 3399
f 3371 3400 3368
f 3368 3400 3367
f 3400 3401 3367
f 3367 3401 3366
f 3366 3401 3365
f 3365 3401 3402
f 3398 3365 3403
f 3403 3365 3402
f 3398 3403 3399
f 3399 3403 3404
f 3403 3405 3404
f 3404 3405 3406
f 3352 3399 3354
f 3354 3399 3407
f 3399 3404 3407
f 3407 3404 3408
f 3404 3406 3408
f 3408 3406 3409
f 3405 3410 3406
f 3406 3410 3411
f 3410 3412 3411
f 3411 3412 3413
f 3397 3414 3395
f 3395 3414 3415
f 3417 3415 3416
f 3416 3415 3412
f 3410 3418 3412
f 3412 3418 3416
f 3410 3405 3418
f 3418 3405 3419
f 3405 3403 3419
f 3419 3403 3402
f 3370 3350 3420
f 3420 3350 3357
f 3373 3370 3421
f 3421 3370 3420
f 3374 3373 3422
f 3422 3373 3421
f 3378 3374 3423
f 3423 3374 3422
f 3378 3423 3379
f 3379 3423 3424
f 3424 3425 3379
f 3379 3425 3386
f 3383 3426 3387
f 3387 3426 3427
f 3387 3427 3390
f 3390 3427 3428
f 3390 3428 3397
f 3397 3428 3429
f 3429 3430 3397
f 3397 3430 3414
f 3411 3413 3431
f 3431 3413 3432
f 3406 3411 3409
f 3409 3411 3431
f 3401 3400 3335
f 3335 3400 3336
f 3401 3335 3402
f 3402 3335 3334
f 3402 3334 3419
f 3419 3334 3333
f 3419 3333 3418
f 3418 3333 3433
f 3418 3433 3416
f 3416 3433 3434
f 3435 3417 3434
f 3434 3417 3416
f 3394 3396 3436
f 3436 3396 3437
f 3393 3394 3332
f 3332 3394 3436
f 3393 3332 3391
f 3391 3332 3331
f 3330 3392 3331
f 3331 3392 3391
f 3382 3329 3381
f 3381 3329 3328
f 3354 3407 3356
f 3356 3407 3438
f 3356 3438 3360
f 3360 3438 3439
f 3360 3439 3362
f 3362 3439 3440
f 3362 3440 3364
f 3364 3440 3441
f 3364 3441 3357
f 3357 3441 3420
f 3421 3420 3442
f 3442 3420 3441
f 3442 3441 3443
f 3443 3441 3440
f 3443 3440 3444
f 3444 3440 3439
f 3444 3439 3445
f 3445 3439 3438
f 3445 3438 3408
f 3408 3438 3407
f 3422 3421 3446
f 3446 3421 3442
f 3446 3442 3447
f 3447 3442 3443
f 3447 3443 3448
f 3448 3443 3444
f 3448 3444 3449
f 3449 3444 3445
f 3449 3445 3409
f 3409 3445 3408
f 3409 3431 3449
f 3449 3431 3450
f 3449 3450 3448
f 3448 3450 3451
f 3451 3452 3448
f 3448 3452 3447
f 3447 3452 3446
f 3446 3452 3453
f 3446 3453 3422
f 3422 3453 3423
f 3424 3423 3454
f 3454 3423 3453
f 3452 3455 3453
f 3453 3455 3454
f 3452 3451 3455
f 3455 3451 3456
f 3450 3457 3451
f 3451 3457 3456
f 3431 3432 3450
f 3450 3432 3457
f 3454 3458 3424
f 3424 3458 3425
f 3427 3426 3459
f 3459 3426 3460
f 3428 3427 3461
f 3461 3427 3459
f 3428 3461 3429
f 3429 3461 3462
f 3462 3463 3429
f 3429 3463 3430
f 3464 3465 3462
f 3462 3465 3463
f 3455 3466 3454
f 3454 3466 3458
f 3465 3464 3466
f 3466 3464 3467
f 3461 3459 3468
f 3468 3459 3469
f 3468 3469 3464
f 3464 3469 3467
f 3464 3462 3468
f 3468 3462 3461
f 3459 3460 3469
f 3469 3460 3467
f 3295 3351 3298
f 3298 3351 3353
f 3353 3355 3298
f 3298 3355 3297
f 3297 3355 3301
f 3301 3355 3359
f 3301 3359 3308
f 3308 3359 3361
f 3308 3361 3311
f 3311 3361 3363
f 3311 3363 3316
f 3316 3363 3358
f 3316 3358 3317
f 3317 3358 3349
f 3349 3347 3317
f 3317 3347 3319
f 3347 3345 3319
f 3319 3345 3314
f 3345 3343 3314
f 3314 3343 3305
f 3343 3341 3305
f 3305 3341 3304
f 3304 3341 3292
f 3292 3341 3338
f 3292 3338 3293
f 3293 3338 3337
f 3293 3337 3295
f 3295 3337 3351
f 3437 3202 3436
f 3436 3202 3201
f 3436 3201 3332
f 3332 3201 3204
f 3433 3200 3434
f 3434 3200 3199
f 3211 3435 3199
f 3199 3435 3434
f 3333 3210 3433
f 3433 3210 3200
f 3380 3470 3371
f 3400 3371 3336
f 3336 3371 3470
f 3381 3328 3380
f 3380 3328 3470
f 3470 3328 3209
f 3209 3328 3208
f 3336 3470 3327
f 3327 3470 3209
f 1545 1763 1546
f 1546 1763 1762
f 1403 1546 773
f 773 1546 770
f 1221 3013 1220
f 1220 3013 3471
f 1305 2877 1306
f 1306 2877 2879
f 1220 3471 828
f 828 3471 829
f 1217 1754 3472
f 3472 1754 1756
f 1049 3473 1048
f 1048 3473 3474
f 1371 1179 3473
f 3473 1179 3474
f 1074 3475 1179
f 1179 3475 3474
f 3474 3475 1048
f 1048 3475 1056
f 919 666 1345
f 1345 666 665
f 856 680 919
f 919 680 666
f 679 680 1449
f 1449 680 858
f 1367 878 1500
f 1500 878 877
f 1366 908 1367
f 1367 908 878
f 1512 916 1513
f 1513 916 915
f 947 1368 948
f 948 1368 1369
f 1047 1021 1044
f 1044 1021 1020
f 1370 1049 1019
f 1019 1049 1020
f 1173 1030 1174
f 1174 1030 1033
f 3126 1188 1464
f 1464 1188 1187
f 1800 1451 1512
f 1512 1451 916
f 1175 1174 1186
f 1186 1174 1187
f 1030 1173 1047
f 1047 1173 1021
f 1513 915 3476
f 3476 915 1481
f 1345 665 3477
f 3477 665 1483
f 1502 1501 876
f 876 1501 877
f 1205 1451 1803
f 1803 1451 1802
f 3479 2832 3478
f 3478 2832 2831
f 1449 858 2927
f 2927 858 2922
f 908 1366 947
f 947 1366 1368
f 949 948 3126
f 3126 948 1188
f 3480 3135 1502
f 1502 3135 1501
f 2927 2922 3157
f 3157 2922 3152
f 3477 1483 3479
f 3479 1483 2832
f 1803 1802 3151
f 3151 1802 3152
f 663 658 664
f 664 658 657
f 655 658 939
f 939 658 706
f 1512 870 1800
f 1800 870 869
f 875 874 876
f 876 874 873
f 849 874 905
f 905 874 958
f 949 962 946
f 946 962 961
f 978 3126 979
f 979 3126 1464
f 1031 1168 1032
f 1032 1168 1022
f 1045 1013 1046
f 1046 1013 1012
f 1045 1044 1056
f 1056 1044 1048
f 1047 1046 1030
f 1030 1046 1031
f 939 706 940
f 940 706 1450
f 979 1464 1032
f 1032 1464 1033
f 3480 1478 3476
f 3476 1478 3134
f 2829 1487 2830
f 2830 1487 1486
f 848 1230 873
f 873 1230 1479
f 867 870 933
f 933 870 1514
f 1800 869 1801
f 1801 869 1799
f 2830 1486 1325
f 1325 1486 2833
f 940 1450 2925
f 2925 1450 2928
f 946 961 907
f 907 961 958
f 959 962 977
f 977 962 978
f 3476 3134 1513
f 1513 3134 1514
f 2925 2928 3155
f 3155 2928 3158
f 1325 2833 656
f 656 2833 657
f 1801 1799 3157
f 3157 1799 3158
f 1074 1055 3475
f 3475 1055 1056
f 1371 3473 1370
f 1370 3473 1049
f 2884 615 3481
f 3481 615 618
f 3478 2831 2846
f 2846 2831 617
f 2831 1484 617
f 617 1484 618
f 1484 1487 618
f 618 1487 3481
f 2848 3481 2829
f 2829 3481 1487
f 1480 1517 1161
f 1161 1517 1162
f 3129 1323 1455
f 1455 1323 1322
f 3129 3134 1323
f 1323 3134 1478
f 1535 3173 1515
f 1515 3173 1516
f 3085 3095 3137
f 3137 3095 3094
f 3137 3094 3138
f 3138 3094 3104
f 3117 3139 3105
f 3105 3139 3106
f 1138 1141 3127
f 3127 1141 3128
f 3081 3131 1264
f 1264 3131 3130
f 1227 1226 3132
f 3132 1226 3133
f 1264 3130 1229
f 1229 3130 1322
f 1160 1501 1161
f 1161 1501 3135
f 1141 1476 3128
f 3128 1476 3136
f 1226 1163 3133
f 3133 1163 1162
f 1363 1138 1515
f 1515 1138 3127
f 3084 3095 3081
f 3081 3095 3131
f 3089 884 3105
f 3105 884 3140
f 884 883 3140
f 3140 883 3141
f 883 3482 3141
f 3141 3482 3142
f 3476 1481 3480
f 3480 1481 3135
f 1502 1479 3480
f 3480 1479 1478
f 3168 463 440
f 714 1880 715
f 715 1880 2905
f 896 732 2970
f 2970 732 731
f 1263 834 3082
f 3082 834 833
f 898 1231 853
f 853 1231 854
f 3125 890 2931
f 2931 890 889
f 1237 893 2851
f 2851 893 892
f 898 853 899
f 899 853 963
f 988 987 989
f 989 987 986
f 1002 1007 1003
f 1003 1007 1006
f 1038 1036 1007
f 1007 1036 1004
f 1070 1052 1005
f 1005 1052 1006
f 1069 1067 1070
f 1070 1067 1052
f 1130 1129 1134
f 1134 1129 1135
f 879 1167 880
f 880 1167 1166
f 1171 1169 1037
f 1037 1169 1038
f 1085 1180 1069
f 1069 1180 1067
f 1209 1210 879
f 879 1210 1167
f 2885 1215 1754
f 1754 1215 1214
f 1263 855 834
f 834 855 854
f 708 1244 1826
f 1826 1244 1243
f 2909 894 1254
f 1254 894 893
f 1228 1361 964
f 964 1361 1360
f 2908 2907 1436
f 1436 2907 1437
f 2990 1440 2991
f 2991 1440 1439
f 964 1360 965
f 965 1360 1454
f 950 1457 951
f 951 1457 1456
f 970 1463 971
f 971 1463 1462
f 1025 1169 984
f 984 1169 986
f 1084 1097 1469
f 1469 1097 1470
f 1096 1115 1474
f 1474 1115 1475
f 1140 1361 1141
f 1141 1361 1476
f 1212 1495 2828
f 2828 1495 1494
f 880 1166 1452
f 1452 1166 1499
f 715 2905 1504
f 1504 2905 2906
f 954 1519 955
f 955 1519 1518
f 1026 1520 992
f 992 1520 1518
f 1029 1520 1043
f 1043 1520 1521
f 997 1522 1040
f 1040 1522 1521
f 1015 1522 1016
f 1016 1522 1523
f 1523 996 1524
f 1524 996 1062
f 1057 1060 1525
f 1525 1060 1524
f 1094 1528 1082
f 1082 1528 1527
f 1526 1528 1089
f 1089 1528 1529
f 1090 1531 1108
f 1108 1531 1530
f 1125 1533 1126
f 1126 1533 1532
f 3483 1755 727
f 727 1755 1214
f 735 1814 707
f 707 1814 1813
f 2891 1834 1246
f 1246 1834 1243
f 2904 1881 1847
f 1847 1881 1848
f 1852 1855 1853
f 1853 1855 1858
f 1902 2903 1877
f 1877 2903 1878
f 2903 2904 1878
f 1878 2904 1847
f 714 713 1848
f 1848 713 1849
f 1440 2990 1883
f 1883 2990 2989
f 1883 2989 1852
f 1852 2989 1855
f 2895 1888 2892
f 2892 1888 1887
f 774 777 1877
f 1877 777 1903
f 1251 2835 1252
f 1252 2835 2834
f 1213 2844 1212
f 1212 2844 1495
f 2851 892 1213
f 1213 892 2844
f 3123 2911 3124
f 3124 2911 2910
f 887 2929 888
f 888 2929 889
f 1435 2963 1436
f 1436 2963 2961
f 1253 1438 1254
f 1254 1438 1437
f 2970 731 735
f 735 731 1814
f 733 732 2885
f 2885 732 1215
f 2901 2902 2976
f 2976 2902 2977
f 2975 2982 2976
f 2976 2982 2979
f 2899 2900 2981
f 2981 2900 2979
f 2899 2981 2898
f 2898 2981 2983
f 2986 2985 2984
f 2984 2985 2983
f 2897 2985 2896
f 2896 2985 2988
f 2991 1439 2987
f 2987 1439 2988
f 777 2978 1903
f 1903 2978 2977
f 1885 1888 1858
f 1858 1888 1853
f 3090 3088 836
f 836 3088 833
f 3083 3088 3097
f 3097 3088 3096
f 3097 3096 3104
f 3104 3096 3106
f 3111 3116 3108
f 3108 3116 3109
f 3112 3111 3114
f 3114 3111 3108
f 3113 3122 3114
f 3114 3122 3115
f 891 890 2837
f 2837 890 2834
f 951 1456 954
f 954 1456 1519
f 967 1457 936
f 936 1457 1454
f 971 1462 902
f 902 1462 963
f 1461 1463 988
f 988 1463 987
f 1466 1468 1474
f 1474 1468 1470
f 1089 1529 1090
f 1090 1529 1531
f 1184 1181 1469
f 1469 1181 1180
f 1082 1527 1061
f 1061 1527 1525
f 1129 1473 1135
f 1135 1473 1475
f 1108 1530 1105
f 1105 1530 1532
f 1452 1499 3132
f 3132 1499 3136
f 3109 3116 3139
f 3139 3116 3138
f 2912 2911 887
f 887 2911 2929
f 2836 2835 1497
f 1497 2835 1494
f 2913 3102 2910
f 2910 3102 3115
f 1133 3187 1134
f 1134 3187 3185
f 3177 3176 3197
f 3197 3176 3198
f 3203 3183 3206
f 3206 3183 3207
f 3196 3202 3197
f 3197 3202 3211
f 3183 3182 3207
f 3207 3182 3185
f 1125 3180 1533
f 1533 3180 3198
f 3331 3203 3330
f 3330 3203 3206
f 3376 3379 3385
f 3385 3379 3386
f 3382 3376 3392
f 3392 3376 3385
f 3412 3415 3413
f 3413 3415 3414
f 3417 3396 3415
f 3415 3396 3395
f 3383 3386 3426
f 3426 3386 3425
f 3413 3414 3432
f 3432 3414 3430
f 3437 3396 3435
f 3435 3396 3417
f 3329 3382 3330
f 3330 3382 3392
f 3426 3425 3460
f 3460 3425 3458
f 3432 3430 3457
f 3457 3430 3463
f 3457 3463 3456
f 3456 3463 3465
f 3460 3458 3467
f 3467 3458 3466
f 3466 3455 3465
f 3465 3455 3456
f 3202 3437 3211
f 3211 3437 3435
f 3104 3106 3138
f 3138 3106 3139
f 3132 3136 1227
f 1227 3136 1476
f 943 687 600
f 600 687 601
f 596 625 667
f 667 625 1297
f 687 686 601
f 601 686 653
f 1319 784 711
f 711 784 712
f 1811 607 783
f 783 607 712
f 862 921 917
f 917 921 920
f 3478 925 3479
f 3479 925 924
f 2846 926 3478
f 3478 926 925
f 659 662 929
f 929 662 930
f 856 921 857
f 857 921 1204
f 1206 864 1207
f 1207 864 863
f 2876 1219 2877
f 2877 1219 1218
f 667 1297 593
f 593 1297 1296
f 917 920 1333
f 1333 920 1346
f 686 693 653
f 653 693 930
f 1277 913 1498
f 1498 913 1207
f 592 1536 610
f 610 1536 711
f 864 1206 1805
f 1805 1206 1804
f 1317 1536 1900
f 1900 1536 1809
f 1900 1809 1295
f 1295 1809 1296
f 3479 924 3477
f 3477 924 2824
f 927 926 1203
f 1203 926 2847
f 3484 2859 3032
f 3032 2859 3033
f 3472 2878 1217
f 1217 2878 1218
f 2889 2888 2880
f 2880 2888 2881
f 2886 2883 2887
f 2887 2883 2882
f 929 928 2847
f 2847 928 1203
f 857 1204 2921
f 2921 1204 2926
f 1820 1819 2882
f 2882 1819 2881
f 1821 2883 2876
f 2876 2883 1219
f 782 2889 783
f 783 2889 2880
f 1352 3034 1353
f 1353 3034 3033
f 3031 3034 3041
f 3041 3034 3043
f 944 943 3043
f 3043 943 600
f 1339 3145 1498
f 1498 3145 3143
f 1208 882 3148
f 3148 882 3143
f 2921 2926 3151
f 3151 2926 3156
f 3477 2824 1345
f 1345 2824 1346
f 1805 1804 3154
f 3154 1804 3156
f 886 3103 883
f 883 3103 3482
f 841 1248 3485
f 3485 1248 3121
f 2811 2819 2812
f 2812 2819 2816
f 2818 2815 2817
f 2817 2815 2806
f 2817 2816 2818
f 2818 2816 2819
f 2793 2795 2819
f 2819 2795 2818
f 243 352 2793
f 2793 352 2795
f 242 353 243
f 243 353 352
f 359 191 242
f 242 191 353
f 247 192 359
f 359 192 191
f 157 193 247
f 247 193 192
f 156 194 157
f 157 194 193
f 378 261 156
f 156 261 194
f 378 381 261
f 261 381 195
f 195 381 196
f 196 381 376
f 196 376 198
f 198 376 375
f 375 1776 198
f 198 1776 197
f 1776 1767 197
f 197 1767 274
f 181 274 199
f 199 274 1767
f 568 566 564
f 564 566 563
f 568 569 566
f 566 569 567
f 501 1773 1771
f 1771 1773 578
f 547 579 1773
f 1773 579 578
f 3486 470 474
f 474 470 469
f 450 582 3487
f 3487 582 3488
f 582 583 3488
f 3488 583 3489
f 583 584 3489
f 3489 584 3490
f 3490 584 3491
f 3491 584 543
f 470 3486 466
f 466 3486 467
f 3489 3490 503
f 503 3490 504
f 503 3492 3489
f 3489 3492 3488
f 3492 503 3493
f 3493 503 502
f 3495 3492 3494
f 3494 3492 3493
f 3487 3488 3495
f 3495 3488 3492
f 468 1774 465
f 465 1774 570
f 3494 3493 1775
f 1775 3493 1771
f 3490 3491 504
f 504 3491 1772
f 3491 543 1772
f 1772 543 548
f 450 3487 474
f 474 3487 3486
f 3495 467 3487
f 3487 467 3486
f 3494 468 3495
f 3495 468 467
f 468 3494 1774
f 1774 3494 1775
f 501 1771 502
f 502 1771 3493
f 527 366 384
f 384 366 365
f 522 524 527
f 527 524 366
f 521 534 522
f 522 534 524
f 530 535 521
f 521 535 534
f 508 486 513
f 513 486 532
f 513 532 541
f 541 532 535
f 667 668 596
f 596 668 597
f 1294 1297 624
f 624 1297 625
f 603 641 604
f 604 641 640
f 1290 1293 650
f 650 1293 651
f 1758 691 660
f 660 691 661
f 602 671 599
f 599 671 670
f 654 662 690
f 690 662 661
f 2856 598 695
f 695 598 597
f 602 654 671
f 671 654 690
f 604 640 676
f 676 640 704
f 1826 1829 708
f 708 1829 709
f 1288 1284 740
f 740 1284 741
f 755 754 758
f 758 754 759
f 2853 2856 932
f 932 2856 695
f 689 691 1192
f 1192 691 1193
f 784 1319 1240
f 1240 1319 1241
f 1813 1816 1244
f 1244 1816 1245
f 754 1288 759
f 759 1288 740
f 1894 1242 1318
f 1318 1242 1241
f 2867 1348 1418
f 1418 1348 1347
f 676 704 673
f 673 704 1347
f 1284 1287 741
f 741 1287 1419
f 1421 1426 1422
f 1422 1426 1425
f 1758 660 615
f 615 660 616
f 1192 1191 1421
f 1421 1191 1426
f 2962 1839 1504
f 1504 1839 1505
f 941 1194 1759
f 1759 1194 1193
f 1287 1537 1419
f 1419 1537 1760
f 1882 2893 1823
f 1823 2893 1824
f 1886 1891 1827
f 1827 1891 1828
f 1887 1886 1834
f 1834 1886 1827
f 1841 716 1838
f 1838 716 1505
f 782 784 1850
f 1850 784 1240
f 1239 1242 1863
f 1863 1242 1864
f 1242 1894 1864
f 1864 1894 1873
f 1822 1239 1823
f 1823 1239 1863
f 1318 1317 1895
f 1895 1317 1900
f 1894 1896 1873
f 1873 1896 1897
f 1291 1896 1292
f 1292 1896 1895
f 605 1898 606
f 606 1898 1897
f 1258 1257 2854
f 2854 1257 2855
f 1257 1351 2855
f 2855 1351 2857
f 1351 1353 2857
f 2857 1353 2858
f 1353 3033 2858
f 2858 3033 2859
f 2860 2861 3036
f 3036 2861 3037
f 2862 2863 2870
f 2870 2863 3039
f 2870 2869 2862
f 2862 2869 2864
f 2868 2865 2869
f 2869 2865 2864
f 1764 2866 2868
f 2868 2866 2865
f 1537 1199 1760
f 1760 1199 1348
f 615 2884 1758
f 1758 2884 1759
f 1825 1246 2890
f 2890 1246 1245
f 2893 2892 1824
f 1824 2892 2891
f 761 2960 758
f 758 2960 2906
f 3000 2943 2940
f 2940 2943 2941
f 2968 710 2950
f 2950 710 709
f 1764 1423 2866
f 2866 1423 2953
f 1423 645 2953
f 2953 645 2954
f 645 644 2954
f 2954 644 2955
f 644 738 2955
f 2955 738 2956
f 738 764 2956
f 2956 764 2957
f 764 763 2957
f 2957 763 2958
f 763 2908 2958
f 2958 2908 2959
f 2908 1436 2959
f 2959 1436 2961
f 1837 2964 1435
f 1435 2964 2963
f 1837 2937 2964
f 2964 2937 2965
f 2936 2968 2966
f 2966 2968 2950
f 1840 2942 1838
f 1838 2942 2941
f 2939 2949 2940
f 2940 2949 3006
f 2939 2942 2966
f 2966 2942 2965
f 1822 1825 1850
f 1850 1825 2890
f 1891 3005 1828
f 1828 3005 3006
f 3035 3038 3045
f 3045 3038 3042
f 3045 3044 3035
f 3035 3044 3040
f 669 1422 3045
f 3045 1422 3044
f 599 670 3041
f 3041 670 3042
f 931 3067 932
f 932 3067 3065
f 2853 3066 2854
f 2854 3066 3076
f 3067 3496 3065
f 3065 3496 3497
f 3066 3498 3076
f 3076 3498 3499
f 707 1813 708
f 708 1813 1244
f 2960 2962 2906
f 2906 2962 1504
f 2892 1887 2891
f 2891 1887 1834
f 1839 2962 2963
f 2963 2962 2961
f 595 626 596
f 596 626 625
f 623 626 3484
f 3484 626 2859
f 1291 1290 606
f 606 1290 603
f 1290 650 603
f 603 650 641
f 641 650 642
f 642 650 649
f 2860 2863 649
f 649 2863 642
f 3036 3039 2860
f 2860 3039 2863
f 3035 3040 3036
f 3036 3040 3039
f 1294 1293 1295
f 1295 1293 1292
f 624 651 1294
f 1294 651 1293
f 623 652 624
f 624 652 651
f 3484 2861 623
f 623 2861 652
f 3032 3037 3484
f 3484 3037 2861
f 3031 3038 3032
f 3032 3038 3037
f 3481 2848 2884
f 2884 2848 942
f 2846 617 1427
f 1427 617 616
f 3049 3167 3048
f 3048 3167 3500
f 1906 3048 3070
f 3070 3048 3500
f 1337 1768 3501
f 3501 1768 3502
f 3020 3503 3021
f 3021 3503 3024
f 2914 3023 3020
f 3020 3023 3503
f 859 1770 860
f 860 1770 3504
f 1336 3505 1768
f 1768 3505 3502
f 3065 3497 3066
f 3066 3497 3498
f 2814 3075 3067
f 3067 3075 3496
f 2839 3174 766
f 766 3174 3017
f 1337 3501 1338
f 1338 3501 1769
f 767 3018 3026
f 3026 3018 3506
f 3076 3499 3064
f 3064 3499 3507
f 727 730 3483
f 3483 730 3030
f 3064 3507 2871
f 2871 3507 3077
f 3100 3160 1786
f 1786 3160 1784
f 3026 3506 752
f 752 3506 3015
f 860 3504 2923
f 2923 3504 3508
f 753 3016 3027
f 3027 3016 3509
f 3027 3509 3008
f 3008 3509 3028
f 1782 1785 1783
f 1783 1785 3022
f 2923 3508 3153
f 3153 3508 3161
f 3148 3149 1208
f 1208 3149 3150
f 1335 1328 3510
f 3510 1328 1327
f 1336 1335 3505
f 3505 1335 3510
f 866 3511 1340
f 1340 3511 3146
f 865 1808 866
f 866 1808 3511
f 842 841 3159
f 3159 841 3485
f 2849 3512 1329
f 1329 3512 1326
f 1202 1331 2849
f 2849 1331 3512
f 3514 3515 3513
f 3513 3515 3516
f 3518 3516 3517
f 3517 3516 3515
f 3519 3520 3514
f 3514 3520 3515
f 3522 3523 3521
f 3521 3523 3524
f 3526 3527 3525
f 3525 3527 3528
f 3530 3531 3529
f 3529 3531 3532
f 3534 3535 3533
f 3533 3535 3536
f 3529 3532 3537
f 3537 3532 3538
f 3537 3539 3529
f 3529 3539 3540
f 3542 3543 3541
f 3541 3543 3544
f 3546 3547 3545
f 3545 3547 3548
f 3550 3534 3549
f 3549 3534 3533
f 3550 3543 3551
f 3551 3543 3552
f 3537 3545 3539
f 3539 3545 3548
f 3553 3554 3556
f 3556 3554 3555
f 3537 3557 3545
f 3545 3557 3546
f 3558 3559 3561
f 3561 3559 3560
f 3563 3564 3562
f 3562 3564 3565
f 3564 3563 3566
f 3566 3563 3567
f 3569 3570 3568
f 3568 3570 3571
f 3573 3574 3572
f 3572 3574 3575
f 3577 3578 3576
f 3576 3578 3579
f 3581 3582 3580
f 3580 3582 3583
f 3585 3586 3584
f 3584 3586 3579
f 3586 3587 3579
f 3579 3587 3576
f 3589 3590 3588
f 3588 3590 3591
f 3592 3593 3595
f 3595 3593 3594
f 3597 3598 3596
f 3596 3598 3595
f 3583 3600 3599
f 3599 3600 3601
f 3603 3599 3602
f 3602 3599 3601
f 3605 3606 3604
f 3604 3606 3607
f 3608 3555 3596
f 3596 3555 3554
f 3597 3610 3609
f 3609 3610 3565
f 3564 3611 3565
f 3565 3611 3609
f 3611 3564 3612
f 3612 3564 3566
f 3613 3614 3569
f 3569 3614 3570
f 3615 3616 3573
f 3573 3616 3574
f 3517 3617 3518
f 3518 3617 3618
f 3620 3621 3619
f 3619 3621 3622
f 3624 3625 3623
f 3623 3625 3626
f 3628 3629 3627
f 3627 3629 3630
f 3632 3633 3631
f 3631 3633 3634
f 3636 3637 3635
f 3635 3637 3638
f 3640 3641 3639
f 3639 3641 3642
f 3643 3644 3639
f 3639 3644 3640
f 3646 3513 3645
f 3645 3513 3647
f 3648 3514 3646
f 3646 3514 3513
f 3649 3519 3648
f 3648 3519 3514
f 3650 3651 3527
f 3527 3651 3652
f 3654 3651 3653
f 3653 3651 3650
f 3568 3571 3655
f 3655 3571 3656
f 3657 3658 3653
f 3653 3658 3659
f 3661 3662 3660
f 3660 3662 3658
f 3664 3665 3663
f 3663 3665 3666
f 3667 3657 3650
f 3650 3657 3653
f 3669 3523 3668
f 3668 3523 3670
f 3672 3673 3671
f 3671 3673 3674
f 3676 3677 3675
f 3675 3677 3678
f 3671 3674 3676
f 3676 3674 3677
f 3680 3681 3679
f 3679 3681 3682
f 3683 3684 3680
f 3680 3684 3681
f 3685 3686 3661
f 3661 3686 3662
f 3686 3687 3662
f 3662 3687 3688
f 3684 3683 3689
f 3689 3683 3690
f 3692 3693 3691
f 3691 3693 3694
f 3691 3694 3695
f 3695 3694 3696
f 3698 3699 3697
f 3697 3699 3700
f 3702 3703 3701
f 3701 3703 3704
f 3705 3706 3519
f 3519 3706 3520
f 3673 3672 3707
f 3707 3672 3708
f 3709 3710 3682
f 3682 3710 3679
f 3711 3712 3692
f 3692 3712 3693
f 3714 3715 3713
f 3713 3715 3716
f 3718 3700 3717
f 3717 3700 3699
f 3720 3721 3719
f 3719 3721 3722
f 3724 3725 3723
f 3723 3725 3726
f 3727 3728 3730
f 3730 3728 3729
f 3722 3721 3731
f 3731 3721 3732
f 3697 3700 3733
f 3733 3700 3714
f 3733 3714 3734
f 3734 3714 3713
f 3721 3723 3732
f 3732 3723 3735
f 3720 3736 3724
f 3724 3736 3737
f 3700 3718 3714
f 3714 3718 3715
f 3717 3699 3738
f 3738 3699 3739
f 3536 3740 3533
f 3533 3740 3540
f 3742 3743 3741
f 3741 3743 3744
f 3746 3747 3745
f 3745 3747 3748
f 3750 3751 3749
f 3749 3751 3752
f 3627 3632 3628
f 3628 3632 3631
f 3754 3755 3753
f 3753 3755 3626
f 3562 3565 3756
f 3756 3565 3610
f 3527 3652 3528
f 3528 3652 3757
f 3758 3524 3669
f 3669 3524 3523
f 3582 3598 3583
f 3583 3598 3600
f 3759 3670 3522
f 3522 3670 3523
f 3675 3678 3760
f 3760 3678 3761
f 3762 3763 3690
f 3690 3763 3689
f 3765 3766 3764
f 3764 3766 3767
f 3768 3739 3698
f 3698 3739 3699
f 3726 3725 3770
f 3770 3725 3769
f 3645 3647 3771
f 3771 3647 3772
f 3645 3678 3646
f 3646 3678 3677
f 3646 3677 3648
f 3648 3677 3674
f 3673 3649 3674
f 3674 3649 3648
f 3707 3773 3673
f 3673 3773 3649
f 3775 3776 3774
f 3774 3776 3777
f 3779 3526 3778
f 3778 3526 3525
f 3526 3779 3667
f 3667 3779 3780
f 3780 3781 3667
f 3667 3781 3657
f 3672 3679 3708
f 3708 3679 3710
f 3671 3680 3672
f 3672 3680 3679
f 3676 3683 3671
f 3671 3683 3680
f 3675 3690 3676
f 3676 3690 3683
f 3760 3762 3675
f 3675 3762 3690
f 3682 3681 3783
f 3783 3681 3782
f 3689 3784 3684
f 3684 3784 3785
f 3684 3785 3681
f 3681 3785 3782
f 3786 3709 3783
f 3783 3709 3682
f 3784 3689 3787
f 3787 3689 3763
f 3789 3557 3788
f 3788 3557 3790
f 3792 3793 3791
f 3791 3793 3794
f 3616 3615 3795
f 3795 3615 3796
f 3797 3798 3727
f 3727 3798 3728
f 3800 3801 3799
f 3799 3801 3802
f 3803 3578 3592
f 3592 3578 3593
f 3805 3806 3804
f 3804 3806 3807
f 3599 3603 3585
f 3585 3603 3586
f 3587 3586 3604
f 3604 3586 3603
f 3588 3591 3794
f 3794 3591 3791
f 3581 3803 3582
f 3582 3803 3592
f 3594 3561 3608
f 3608 3561 3790
f 3662 3688 3808
f 3808 3688 3809
f 3665 3664 3810
f 3810 3664 3811
f 3719 3812 3720
f 3720 3812 3736
f 3717 3813 3718
f 3718 3813 3737
f 3723 3721 3724
f 3724 3721 3720
f 3813 3717 3814
f 3814 3717 3738
f 3815 3816 303
f 303 3816 304
f 3818 3819 3817
f 3817 3819 3820
f 3578 3803 3579
f 3579 3803 3584
f 3558 3593 3577
f 3577 3593 3578
f 3822 3823 3821
f 3821 3823 3824
f 3546 3826 3825
f 3825 3826 3827
f 3828 3829 3547
f 3547 3829 3541
f 3831 3542 3830
f 3830 3542 3832
f 3834 3822 3833
f 3833 3822 3821
f 3835 3836 3827
f 3827 3836 3825
f 3800 3799 3828
f 3828 3799 3829
f 3830 3832 3837
f 3837 3832 3838
f 331 330 3551
f 3551 330 3839
f 3831 333 3552
f 3552 333 332
f 3819 3797 3841
f 3841 3797 3840
f 3513 3516 3647
f 3647 3516 3746
f 337 336 3745
f 3745 336 3772
f 3525 3528 3775
f 3775 3528 3749
f 3610 3597 3554
f 3554 3597 3596
f 3706 3702 3520
f 3520 3702 3701
f 3756 3610 3553
f 3553 3610 3554
f 3757 3750 3528
f 3528 3750 3749
f 3517 3515 3701
f 3701 3515 3520
f 3842 3584 3581
f 3581 3584 3803
f 3525 3775 3778
f 3778 3775 3774
f 3638 3843 3635
f 3635 3843 3618
f 3617 3621 3618
f 3618 3621 3635
f 3617 3517 3704
f 3704 3517 3701
f 3521 3624 3522
f 3522 3624 3623
f 3749 3844 3775
f 3775 3844 3776
f 3846 3847 3845
f 3845 3847 3848
f 3843 3747 3618
f 3618 3747 3518
f 3850 3851 3849
f 3849 3851 3748
f 3853 3854 3852
f 3852 3854 3855
f 3856 3857 3622
f 3622 3857 3619
f 3859 3860 3858
f 3858 3860 3861
f 3862 3844 3752
f 3752 3844 3749
f 3863 3759 3623
f 3623 3759 3522
f 3864 3777 3630
f 3630 3777 3776
f 3713 3865 3734
f 3734 3865 3866
f 3868 3869 3867
f 3867 3869 3870
f 3872 3873 3871
f 3871 3873 3874
f 3876 3877 3875
f 3875 3877 3878
f 3879 3880 3878
f 3878 3880 3881
f 3882 3883 3885
f 3885 3883 3884
f 3780 3886 3781
f 3781 3886 3887
f 3888 3685 3869
f 3869 3685 3661
f 3880 3879 3883
f 3883 3879 3884
f 3693 3783 3694
f 3694 3783 3782
f 3696 3785 3764
f 3764 3785 3784
f 3694 3782 3696
f 3696 3782 3785
f 3693 3786 3783
f 3787 3765 3784
f 3784 3765 3764
f 386 385 3765
f 3765 385 3766
f 3695 3889 3691
f 3691 3889 3890
f 3691 3890 3692
f 3692 3890 3891
f 3892 3711 3891
f 3891 3711 3692
f 3767 3893 3695
f 3695 3893 3889
f 3766 3894 3767
f 3767 3894 3893
f 3882 3885 3895
f 3895 3885 3896
f 3898 3698 3897
f 3897 3698 3697
f 3897 3697 3899
f 3899 3697 3733
f 3899 3733 3900
f 3900 3733 3734
f 3901 3768 3898
f 3898 3768 3698
f 3901 3902 3768
f 3768 3902 3903
f 3904 3905 3907
f 3907 3905 3906
f 3869 3661 3870
f 3870 3661 3660
f 3908 3909 3896
f 3896 3909 3895
f 3909 3758 3895
f 3895 3758 3669
f 3751 3531 3752
f 3752 3531 3848
f 3858 3536 3854
f 3854 3536 3535
f 3652 3562 3757
f 3757 3562 3756
f 3651 3654 3563
f 3563 3654 3567
f 3655 3656 3808
f 3808 3656 3659
f 3530 3740 3845
f 3845 3740 3861
f 3751 3750 3556
f 3556 3750 3553
f 3817 3820 3796
f 3796 3820 3795
f 410 409 3910
f 3910 409 3855
f 3750 3757 3553
f 3553 3757 3756
f 3908 3886 3909
f 3909 3886 3780
f 409 411 3855
f 3855 411 3851
f 413 412 3760
f 3760 412 3762
f 415 414 3763
f 3763 414 3787
f 3790 3557 3538
f 3538 3557 3537
f 3555 3608 3538
f 3538 3608 3790
f 3574 3911 3575
f 3575 3911 3912
f 3535 3534 3910
f 3910 3534 3839
f 3831 3552 3542
f 3542 3552 3543
f 3534 3550 3839
f 3839 3550 3551
f 3543 3550 3544
f 3544 3550 3549
f 3913 3914 3916
f 3916 3914 3915
f 3806 3805 3589
f 3589 3805 3590
f 3849 3843 3917
f 3917 3843 3638
f 3853 3644 3859
f 3859 3644 3742
f 3747 3746 3518
f 3518 3746 3516
f 3695 3696 3767
f 3767 3696 3764
f 3903 3918 3768
f 3768 3918 3739
f 3738 3739 3816
f 3816 3739 3918
f 3919 3920 3769
f 3769 3920 3770
f 3921 3726 3922
f 3922 3726 3770
f 3678 3645 3761
f 3761 3645 3771
f 3924 3913 3923
f 3923 3913 3916
f 3802 3925 3838
f 3838 3925 3837
f 3577 3926 3558
f 3558 3926 3559
f 3815 3919 3814
f 3814 3919 3769
f 3927 3928 3822
f 3822 3928 3823
f 3829 3832 3541
f 3541 3832 3542
f 3834 3927 3822
f 3832 3829 3838
f 3838 3829 3799
f 3745 3772 3746
f 3746 3772 3647
f 3849 3748 3843
f 3843 3748 3747
f 3854 3853 3858
f 3858 3853 3859
f 3854 3535 3855
f 3855 3535 3910
f 3557 3789 3546
f 3546 3789 3826
f 3923 3823 3924
f 3924 3823 3928
f 3823 3923 3929
f 3929 3923 3930
f 3531 3751 3532
f 3532 3751 3556
f 3532 3556 3538
f 3538 3556 3555
f 3932 3634 3931
f 3931 3634 3633
f 3814 3769 3813
f 3813 3769 3725
f 3620 3636 3621
f 3621 3636 3635
f 3847 3862 3848
f 3848 3862 3752
f 3531 3530 3848
f 3848 3530 3845
f 3933 3934 3830
f 3830 3934 3831
f 3925 3933 3837
f 3837 3933 3830
f 3934 440 3831
f 3831 440 333
f 3925 3802 3833
f 3833 3802 3801
f 3776 3844 3630
f 3630 3844 3627
f 3808 3659 3662
f 3662 3659 3658
f 3667 3650 3526
f 3526 3650 3527
f 3935 3666 3936
f 3936 3666 3665
f 3718 3737 3715
f 3715 3737 3736
f 3663 3809 3664
f 3664 3809 3688
f 3807 3806 3938
f 3938 3806 3937
f 445 413 3761
f 3761 413 3760
f 3902 447 3903
f 3903 447 446
f 3897 3890 3898
f 3898 3890 3889
f 3899 3891 3897
f 3897 3891 3890
f 3898 3889 3901
f 3901 3889 3893
f 3893 3894 3901
f 3901 3894 3902
f 414 386 3787
f 3787 386 3765
f 3940 3941 3939
f 3939 3941 3942
f 3840 3797 3943
f 3943 3797 3727
f 3665 3810 3936
f 3936 3810 3944
f 3921 3735 3726
f 3726 3735 3723
f 3920 3945 3770
f 3770 3945 3922
f 3521 3524 3774
f 3774 3524 3778
f 3864 3946 3625
f 3625 3946 3947
f 3773 3705 3649
f 3649 3705 3519
f 3779 3778 3758
f 3758 3778 3524
f 3812 3716 3736
f 3736 3716 3715
f 3624 3521 3777
f 3777 3521 3774
f 3703 3856 3704
f 3704 3856 3622
f 3900 3892 3899
f 3899 3892 3891
f 3641 3917 3642
f 3642 3917 3948
f 3895 3669 3882
f 3882 3669 3668
f 3855 3851 3852
f 3852 3851 3850
f 3894 458 3902
f 3902 458 447
f 3781 3887 3660
f 3660 3887 3870
f 3570 3566 3571
f 3571 3566 3567
f 3950 3576 3949
f 3949 3576 3587
f 3605 3602 3614
f 3614 3602 3612
f 3614 3612 3570
f 3570 3612 3566
f 3571 3567 3656
f 3656 3567 3654
f 3660 3658 3781
f 3781 3658 3657
f 3604 3607 3587
f 3587 3607 3949
f 3653 3659 3654
f 3654 3659 3656
f 3529 3540 3530
f 3530 3540 3740
f 3687 3811 3688
f 3688 3811 3664
f 3813 3725 3737
f 3737 3725 3724
f 3919 3815 461
f 461 3815 303
f 3818 3798 3819
f 3819 3798 3797
f 3819 3841 3820
f 3820 3841 3951
f 3816 3815 3738
f 3738 3815 3814
f 3540 3539 3533
f 3533 3539 3549
f 3548 3547 3544
f 3544 3547 3541
f 3539 3548 3549
f 3549 3548 3544
f 3741 3931 3860
f 3860 3931 3846
f 3801 3800 3835
f 3835 3800 3836
f 3934 3933 3824
f 3824 3933 3821
f 3825 3828 3546
f 3546 3828 3547
f 3833 3821 3925
f 3925 3821 3933
f 3800 3828 3836
f 3836 3828 3825
f 3824 3952 3934
f 3934 3952 440
f 3860 3846 3861
f 3861 3846 3845
f 3629 3946 3630
f 3630 3946 3864
f 3740 3536 3861
f 3861 3536 3858
f 3833 3801 3834
f 3834 3801 3835
f 3583 3599 3580
f 3580 3599 3585
f 3651 3563 3652
f 3652 3563 3562
f 3758 3909 3779
f 3779 3909 3780
f 3621 3617 3622
f 3622 3617 3704
f 3625 3947 3626
f 3626 3947 3753
f 3633 3632 3847
f 3847 3632 3862
f 3852 3850 3640
f 3640 3850 3641
f 3644 3853 3640
f 3640 3853 3852
f 3859 3742 3860
f 3860 3742 3741
f 3632 3627 3862
f 3862 3627 3844
f 3755 3863 3626
f 3626 3863 3623
f 3917 3638 3948
f 3948 3638 3637
f 3644 3643 3742
f 3742 3643 3743
f 3931 3633 3846
f 3846 3633 3847
f 3625 3624 3864
f 3864 3624 3777
f 3917 3641 3849
f 3849 3641 3850
f 3744 3932 3741
f 3741 3932 3931
f 3903 446 3918
f 3918 446 464
f 3953 3954 3956
f 3956 3954 3955
f 3958 3959 3957
f 3957 3959 3960
f 3876 3958 3877
f 3877 3958 3957
f 3877 3957 3961
f 3961 3957 3962
f 3963 3964 3958
f 3958 3964 3959
f 3965 3966 3876
f 3876 3966 3958
f 3966 3963 3958
f 3966 3967 3963
f 3963 3967 3968
f 3878 3877 3879
f 3879 3877 3961
f 3967 3969 3968
f 3968 3969 3970
f 3969 3971 3970
f 3970 3971 3972
f 3974 3904 3973
f 3973 3904 3907
f 3971 3975 3972
f 3972 3975 3976
f 3976 3975 3978
f 3978 3975 3977
f 3979 3980 3977
f 3977 3980 3978
f 3981 3982 3979
f 3979 3982 3980
f 3983 3984 3981
f 3981 3984 3982
f 3972 3985 3970
f 3970 3985 3986
f 3871 3987 3969
f 3969 3987 3971
f 3872 3871 3967
f 3967 3871 3969
f 3965 3872 3966
f 3966 3872 3967
f 3970 3986 3968
f 3968 3986 3988
f 3879 3961 3884
f 3884 3961 3940
f 3884 3940 3885
f 3885 3940 3939
f 3989 3990 3992
f 3992 3990 3991
f 3942 3993 3995
f 3995 3993 3994
f 3994 3996 3995
f 3995 3996 3974
f 3997 3998 3994
f 3994 3998 3996
f 3999 3997 3993
f 3993 3997 3994
f 4001 3996 4000
f 4000 3996 3998
f 4000 3998 4002
f 4002 3998 4003
f 4004 4003 3997
f 3997 4003 3998
f 3997 3999 4004
f 4004 3999 4005
f 4006 3995 3973
f 3973 3995 3974
f 3939 3942 4006
f 4006 3942 3995
f 3906 3887 3907
f 3907 3887 3886
f 3887 3906 3870
f 3870 3906 3867
f 3908 3973 3886
f 3886 3973 3907
f 3865 4007 3866
f 3866 4007 4008
f 3984 3983 4009
f 4009 3983 4010
f 3961 3962 3940
f 3940 3962 3941
f 4012 3868 4011
f 4011 3868 3867
f 4013 3975 3987
f 3987 3975 3971
f 4014 3977 4013
f 4013 3977 3975
f 4015 4010 4007
f 4007 4010 3983
f 4007 3983 4008
f 4008 3983 3981
f 4008 3981 4016
f 4016 3981 3979
f 4017 3984 4018
f 4018 3984 4009
f 3977 4014 3979
f 3979 4014 4016
f 3982 3984 4019
f 4019 3984 4017
f 4021 4022 4020
f 4020 4022 4023
f 4022 4012 4023
f 4023 4012 4011
f 4023 3904 4020
f 4020 3904 3974
f 4024 4025 4018
f 4018 4025 4017
f 4026 4027 4024
f 4024 4027 4025
f 4028 4026 4029
f 4029 4026 4024
f 4018 4021 4024
f 4024 4021 4029
f 4030 4031 4026
f 4026 4031 4027
f 4032 4030 4028
f 4028 4030 4026
f 4029 4001 4028
f 4028 4001 4000
f 4028 4000 4032
f 4032 4000 4002
f 4034 4035 4033
f 4033 4035 4036
f 4037 4038 4019
f 4019 4038 4039
f 4041 4039 4040
f 4040 4039 4038
f 4040 4038 4042
f 4042 4038 4036
f 4042 4036 4043
f 4043 4036 4035
f 3985 4044 4046
f 4046 4044 4045
f 4047 4048 4045
f 4045 4048 4046
f 4047 4049 4048
f 4048 4049 4050
f 4042 4047 4040
f 4040 4047 4045
f 4043 4049 4042
f 4042 4049 4047
f 4040 4045 4041
f 4041 4045 4044
f 4052 3959 4051
f 4051 3959 3964
f 4053 4054 4051
f 4051 4054 4055
f 3956 3960 4052
f 4052 3960 3959
f 3953 3956 4056
f 4056 3956 4052
f 4058 3953 4057
f 4057 3953 4056
f 4060 4061 4059
f 4059 4061 4062
f 4063 4064 4054
f 4054 4064 4057
f 4054 4053 4063
f 4063 4053 4065
f 4066 4067 4069
f 4069 4067 4068
f 4048 4050 4063
f 4063 4050 4064
f 4063 4065 4048
f 4048 4065 4046
f 3985 4046 3986
f 3986 4046 4065
f 3986 4065 3988
f 3988 4065 4053
f 3988 4053 3964
f 3964 4053 4051
f 3976 3978 4044
f 4044 3978 4041
f 3980 3982 4039
f 4039 3982 4019
f 4039 4041 3980
f 3980 4041 3978
f 3973 3908 4006
f 4006 3908 3896
f 3885 3939 3896
f 3896 3939 4006
f 4031 4034 4027
f 4027 4034 4033
f 4027 4033 4025
f 4025 4033 4037
f 4019 4017 4037
f 4037 4017 4025
f 3993 3942 4070
f 4070 3942 3941
f 3999 3993 4071
f 4071 3993 4070
f 3999 4071 4005
f 4005 4071 4072
f 4073 4074 4076
f 4076 4074 4075
f 4078 4079 4077
f 4077 4079 4080
f 4082 4080 4081
f 4081 4080 4079
f 4084 4085 4083
f 4083 4085 4086
f 4087 4088 4090
f 4090 4088 4089
f 4092 4093 4091
f 4091 4093 4094
f 4096 4097 4095
f 4095 4097 4098
f 4100 4101 4099
f 4099 4101 4102
f 4103 4104 4106
f 4106 4104 4105
f 4108 4109 4107
f 4107 4109 4110
f 4112 4113 4111
f 4111 4113 4114
f 4116 4117 4115
f 4115 4117 4118
f 4120 4121 4119
f 4119 4121 4122
f 4123 4124 4126
f 4126 4124 4125
f 4127 4128 4130
f 4130 4128 4129
f 4132 4133 4131
f 4131 4133 4134
f 4136 4108 4135
f 4135 4108 4107
f 4138 4139 4137
f 4137 4139 4140
f 4141 4142 4088
f 4088 4142 4089
f 4144 4145 4143
f 4143 4145 4146
f 4148 4149 4147
f 4147 4149 4150
f 4152 4153 4151
f 4151 4153 4154
f 4156 4082 4155
f 4155 4082 4081
f 4157 4158 4160
f 4160 4158 4159
f 4161 4162 4164
f 4164 4162 4163
f 4166 4122 4165
f 4165 4122 4121
f 4168 4152 4167
f 4167 4152 4151
f 4169 4170 4172
f 4172 4170 4171
f 4174 4175 4173
f 4173 4175 4176
f 4178 4149 4177
f 4177 4149 4179
f 4173 4176 4180
f 4180 4176 4181
f 4156 4085 4182
f 4182 4085 4183
f 4182 4184 4156
f 4156 4184 4082
f 4185 4186 4184
f 4184 4186 4187
f 4186 4188 4187
f 4187 4188 4189
f 4190 4191 4073
f 4073 4191 4074
f 4177 4179 4158
f 4158 4179 4159
f 4193 4127 4192
f 4192 4127 4130
f 4144 4194 4151
f 4151 4194 4167
f 4196 4197 4195
f 4195 4197 4198
f 4095 4199 4096
f 4096 4199 4200
f 4201 4202 4204
f 4204 4202 4203
f 4205 4206 4208
f 4208 4206 4207
f 4121 4120 4209
f 4209 4120 4210
f 4212 4213 4211
f 4211 4213 4214
f 4216 4217 4215
f 4215 4217 4218
f 4220 4221 4219
f 4219 4221 4222
f 4224 4196 4223
f 4223 4196 4195
f 4225 4226 4134
f 4134 4226 4131
f 4228 4229 4227
f 4227 4229 4230
f 4232 4233 4231
f 4231 4233 4098
f 4235 4236 4234
f 4234 4236 4237
f 4239 4240 4238
f 4238 4240 4241
f 4242 4243 4245
f 4245 4243 4244
f 4246 4247 4249
f 4249 4247 4248
f 4251 4252 4250
f 4250 4252 4253
f 4255 4256 4254
f 4254 4256 4257
f 4259 4260 4258
f 4258 4260 4261
f 4263 4264 4262
f 4262 4264 4265
f 4267 4268 4266
f 4266 4268 4269
f 4271 4199 4270
f 4270 4199 4272
f 4273 4274 4276
f 4276 4274 4275
f 4115 4118 4277
f 4277 4118 4278
f 4280 4281 4279
f 4279 4281 4282
f 4211 4283 4212
f 4212 4283 4284
f 4286 4287 4285
f 4285 4287 4288
f 4165 4121 4289
f 4289 4121 4209
f 4291 4286 4290
f 4290 4286 4285
f 4293 4294 4292
f 4292 4294 4295
f 4297 4298 4296
f 4296 4298 4299
f 4301 4302 4300
f 4300 4302 4303
f 4299 4304 4296
f 4296 4304 4305
f 4306 4292 4307
f 4307 4292 4295
f 4307 4308 4306
f 4306 4308 4309
f 4310 4309 4075
f 4075 4309 4308
f 4299 4298 4312
f 4312 4298 4311
f 4302 4301 4293
f 4293 4301 4294
f 3735 3921 4313
f 4313 3921 4314
f 4315 4314 3922
f 3922 4314 3921
f 4316 3945 829
f 829 3945 830
f 4289 4317 4165
f 4165 4317 4318
f 4320 4321 4319
f 4319 4321 4322
f 4324 4325 4323
f 4323 4325 4326
f 4327 4328 4330
f 4330 4328 4329
f 4290 4331 4291
f 4291 4331 4332
f 4165 4318 4166
f 4166 4318 4333
f 4334 4335 4337
f 4337 4335 4336
f 4339 4340 4338
f 4338 4340 4341
f 4168 4343 4342
f 4342 4343 4344
f 4346 4347 4345
f 4345 4347 4348
f 4350 4351 4349
f 4349 4351 4352
f 4354 4355 4353
f 4353 4355 4356
f 4357 4358 4324
f 4324 4358 4325
f 4337 4359 4334
f 4334 4359 4360
f 4362 4363 4361
f 4361 4363 4364
f 4366 4367 4365
f 4365 4367 4368
f 4369 4370 4372
f 4372 4370 4371
f 4331 4290 4374
f 4374 4290 4373
f 4373 4376 4375
f 4375 4376 4377
f 4379 4380 4378
f 4378 4380 4381
f 4217 4382 4218
f 4218 4382 4383
f 4385 4386 4384
f 4384 4386 4387
f 4388 4389 4338
f 4338 4389 4390
f 4337 4336 4392
f 4392 4336 4391
f 4394 4362 4393
f 4393 4362 4361
f 4396 4397 4395
f 4395 4397 4398
f 4400 4401 4399
f 4399 4401 4402
f 4345 4403 4346
f 4346 4403 4404
f 4405 4406 4342
f 4342 4406 4407
f 4409 4410 4408
f 4408 4410 4411
f 4408 4412 4409
f 4409 4412 4413
f 4181 4415 4414
f 4414 4415 4416
f 4182 4183 4417
f 4417 4183 4418
f 4419 4353 4311
f 4311 4353 4312
f 4421 4422 4420
f 4420 4422 4423
f 4353 4356 4312
f 4312 4356 4424
f 4166 4333 4425
f 4425 4333 4426
f 4425 4143 4166
f 4166 4143 4122
f 4427 4107 4428
f 4428 4107 4110
f 4429 4430 4174
f 4174 4430 4175
f 4335 4431 4336
f 4336 4431 4390
f 4336 4390 4391
f 4391 4390 4389
f 4432 4433 4435
f 4435 4433 4434
f 4437 4438 4436
f 4436 4438 4439
f 4441 4442 4440
f 4440 4442 4443
f 4359 4444 4361
f 4361 4444 4393
f 4446 4447 4445
f 4445 4447 4448
f 4338 4341 4388
f 4388 4341 4449
f 4450 4451 4398
f 4398 4451 4395
f 4453 4454 4452
f 4452 4454 4455
f 4457 4458 4456
f 4456 4458 4459
f 4460 4461 4448
f 4448 4461 4445
f 4463 4464 4462
f 4462 4464 4465
f 4462 4465 4466
f 4466 4465 4467
f 4468 4469 4467
f 4467 4469 4466
f 4469 4468 4470
f 4470 4468 4471
f 4472 4473 4471
f 4471 4473 4470
f 4475 4476 4474
f 4474 4476 4477
f 4479 4480 4478
f 4478 4480 4481
f 4483 4484 4482
f 4482 4484 4485
f 4487 4488 4486
f 4486 4488 4489
f 4491 4492 4490
f 4490 4492 4493
f 4494 4495 4493
f 4493 4495 4490
f 4496 4497 4494
f 4494 4497 4495
f 4497 4496 4498
f 4498 4496 4499
f 4500 4501 4503
f 4503 4501 4502
f 4505 4506 4504
f 4504 4506 4507
f 4466 4508 4462
f 4462 4508 4509
f 4470 4510 4469
f 4469 4510 4511
f 4513 4479 4512
f 4512 4479 4478
f 4515 4443 4514
f 4514 4443 4442
f 4516 4517 4519
f 4519 4517 4518
f 4521 4495 4520
f 4520 4495 4497
f 4522 4490 4521
f 4521 4490 4495
f 4491 4523 4488
f 4488 4523 4524
f 4525 4489 4524
f 4524 4489 4488
f 4484 4526 4485
f 4485 4526 4527
f 4503 4528 4500
f 4500 4528 4529
f 4530 4531 4533
f 4533 4531 4532
f 4535 4506 4534
f 4534 4506 4530
f 4486 4536 4487
f 4487 4536 4537
f 4487 4537 4492
f 4492 4537 4538
f 4494 4539 4496
f 4496 4539 4540
f 4542 4533 4541
f 4541 4533 4499
f 4544 4545 4543
f 4543 4545 4546
f 4548 4549 4547
f 4547 4549 4550
f 4536 4551 4537
f 4537 4551 4552
f 4537 4552 4538
f 4538 4552 4553
f 4554 4539 4556
f 4556 4539 4555
f 4557 4540 4554
f 4554 4540 4539
f 4559 4557 4558
f 4558 4557 4560
f 4540 4557 4541
f 4541 4557 4559
f 4562 4563 4561
f 4561 4563 4564
f 4546 4565 4543
f 4543 4565 4566
f 4547 4567 4548
f 4548 4567 4568
f 4570 4571 4569
f 4569 4571 4572
f 4574 4575 4573
f 4573 4575 4576
f 4578 4579 4577
f 4577 4579 4580
f 4582 4583 4581
f 4581 4583 4584
f 4585 4586 4588
f 4588 4586 4587
f 4589 4585 4590
f 4590 4585 4588
f 4592 4593 4591
f 4591 4593 4594
f 4596 4597 4595
f 4595 4597 4598
f 4600 4601 4599
f 4599 4601 4602
f 4563 4604 4603
f 4603 4604 4605
f 4603 4606 4608
f 4608 4606 4607
f 4609 4610 4594
f 4594 4610 4591
f 4611 4612 4614
f 4614 4612 4613
f 4616 4617 4615
f 4615 4617 4618
f 4602 4620 4619
f 4619 4620 4621
f 4619 4622 4602
f 4602 4622 4599
f 4605 4599 4623
f 4623 4599 4622
f 4605 4623 4603
f 4603 4623 4606
f 4625 4626 4624
f 4624 4626 4627
f 4438 4437 4628
f 4628 4437 4629
f 4442 4441 4630
f 4630 4441 4631
f 4630 4632 4442
f 4442 4632 4514
f 4633 4634 4529
f 4529 4634 4500
f 4500 4634 4501
f 4501 4634 4635
f 4637 4546 4636
f 4636 4546 4545
f 4639 4565 4638
f 4638 4565 4640
f 4573 4576 4641
f 4641 4576 4642
f 4593 4643 4594
f 4594 4643 4644
f 4645 4609 4644
f 4644 4609 4594
f 4647 4648 4646
f 4646 4648 4649
f 4651 4652 4650
f 4650 4652 4653
f 4654 4498 4519
f 4519 4498 4532
f 4520 4508 4521
f 4521 4508 4511
f 4522 4510 4523
f 4523 4510 4655
f 4524 4656 4525
f 4525 4656 4657
f 4514 4529 4515
f 4515 4529 4528
f 4658 4659 4661
f 4661 4659 4660
f 4496 4540 4499
f 4499 4540 4541
f 4493 4555 4494
f 4494 4555 4539
f 4549 4483 4550
f 4550 4483 4482
f 4545 4544 4501
f 4501 4544 4502
f 4636 4545 4635
f 4635 4545 4501
f 4589 4663 4662
f 4662 4663 4664
f 4662 4665 4558
f 4558 4665 4559
f 4569 4586 4570
f 4570 4586 4560
f 4552 4666 4553
f 4553 4666 4667
f 4668 4669 4670
f 4670 4669 4666
f 4672 4673 4671
f 4671 4673 4674
f 4287 4675 4288
f 4288 4675 4676
f 4678 4679 4677
f 4677 4679 4680
f 4681 4678 4682
f 4682 4678 4677
f 4682 4683 4681
f 4681 4683 4684
f 4161 4164 4685
f 4685 4164 4686
f 4414 4687 4689
f 4689 4687 4688
f 4405 4690 4346
f 4346 4690 4347
f 4691 4399 4693
f 4693 4399 4692
f 1209 4694 4365
f 4365 4694 4366
f 4650 1211 4651
f 4651 1211 1210
f 4695 4696 4255
f 4255 4696 4256
f 4697 4698 4218
f 4218 4698 4215
f 4700 4701 4699
f 4699 4701 4702
f 4703 4704 4303
f 4303 4704 4300
f 4315 3922 4316
f 4316 3922 3945
f 4653 4706 4705
f 4705 4706 4707
f 4709 4710 4708
f 4708 4710 4711
f 4335 4334 4713
f 4713 4334 4712
f 4714 4340 4321
f 4321 4340 4322
f 4716 4717 4715
f 4715 4717 4718
f 4238 4241 4719
f 4719 4241 4720
f 4231 4721 4307
f 4307 4721 4308
f 4723 4724 4722
f 4722 4724 4725
f 4727 4728 4726
f 4726 4728 4729
f 4730 4731 4327
f 4327 4731 4328
f 4733 4734 4732
f 4732 4734 4735
f 4720 4381 4736
f 4736 4381 4737
f 4738 4739 4741
f 4741 4739 4740
f 4743 4744 4742
f 4742 4744 4745
f 4338 4390 4339
f 4339 4390 4431
f 4746 4747 4431
f 4431 4747 4339
f 4291 4332 4289
f 4289 4332 4317
f 4289 4209 4291
f 4291 4209 4286
f 4287 4286 4210
f 4210 4286 4209
f 4749 4750 4748
f 4748 4750 4751
f 4212 4284 4752
f 4752 4284 4753
f 4752 4754 4212
f 4212 4754 4213
f 4252 4251 4225
f 4225 4251 4226
f 4227 4230 4248
f 4248 4230 4249
f 4205 4755 4757
f 4757 4755 4756
f 4708 4711 4758
f 4758 4711 4647
f 4367 4366 4759
f 4759 4366 4760
f 4526 4513 4527
f 4527 4513 4512
f 4420 4423 4385
f 4385 4423 4386
f 4705 4761 4653
f 4653 4761 4650
f 4761 1279 4650
f 4650 1279 1211
f 4762 4763 3944
f 3944 4763 3936
f 4274 4273 4765
f 4765 4273 4764
f 4767 4768 4766
f 4766 4768 4769
f 4770 4771 4769
f 4769 4771 4766
f 4771 4770 4242
f 4242 4770 4243
f 4093 4163 4094
f 4094 4163 4162
f 4772 4773 4775
f 4775 4773 4774
f 4777 4778 4776
f 4776 4778 4779
f 4417 4185 4182
f 4182 4185 4184
f 4780 4078 4781
f 4781 4078 4077
f 4781 4077 4782
f 4782 4077 4189
f 4188 4783 4189
f 4189 4783 4782
f 4295 4232 4307
f 4307 4232 4231
f 4785 4786 4784
f 4784 4786 4787
f 4784 1307 4785
f 4785 1307 1306
f 4078 4780 4096
f 4096 4780 4097
f 4075 4074 4310
f 4310 4074 4788
f 4788 4074 4789
f 4789 4074 4191
f 4789 4191 4059
f 4059 4191 4790
f 4791 4277 4792
f 4792 4277 4278
f 3732 3735 4793
f 4793 3735 4313
f 4793 4794 3732
f 3732 4794 3731
f 4792 4795 4791
f 4791 4795 4796
f 4797 4798 4799
f 4799 4798 4724
f 4763 4800 3936
f 3936 4800 3935
f 4801 4062 3729
f 3729 4062 3730
f 4713 4712 4802
f 4802 4712 4803
f 4146 4804 4119
f 4119 4804 4805
f 4498 4654 4497
f 4497 4654 4520
f 4806 4807 1326
f 1326 4807 1327
f 4689 4688 1330
f 1330 4688 1331
f 4801 4789 4062
f 4062 4789 4059
f 3730 4062 4808
f 4808 4062 4061
f 4810 4811 4809
f 4809 4811 4812
f 4813 4403 4814
f 4814 4403 4345
f 4815 4816 4349
f 4349 4816 4350
f 4817 4818 4820
f 4820 4818 4819
f 4406 4821 4407
f 4407 4821 4822
f 4823 4161 4824
f 4824 4161 4685
f 4181 4414 4825
f 4825 4414 4689
f 4741 4740 4826
f 4826 4740 4827
f 4828 4829 4827
f 4827 4829 4826
f 4142 4141 4415
f 4415 4141 4148
f 4830 1354 4761
f 4761 1354 1279
f 4832 4833 4831
f 4831 4833 4834
f 4835 4836 4626
f 4626 4836 4421
f 4451 4709 4395
f 4395 4709 4708
f 4627 4420 4837
f 4837 4420 4385
f 4837 1365 4838
f 4838 1365 1364
f 4397 4396 4839
f 4839 4396 4840
f 4842 4628 4841
f 4841 4628 4629
f 4671 4674 4631
f 4631 4674 4630
f 4674 4659 4630
f 4630 4659 4632
f 4633 4632 4658
f 4658 4632 4659
f 4658 4504 4633
f 4633 4504 4634
f 4635 4634 4507
f 4507 4634 4504
f 4843 4636 4507
f 4507 4636 4635
f 4844 4637 4843
f 4843 4637 4636
f 4637 4844 4640
f 4640 4844 4664
f 4638 4663 4642
f 4642 4663 4845
f 4847 4643 4846
f 4846 4643 4641
f 4644 4848 4645
f 4645 4848 4849
f 4851 4852 4850
f 4850 4852 4853
f 4855 4856 4854
f 4854 4856 4857
f 4859 4860 4858
f 4858 4860 4857
f 4715 4718 4859
f 4859 4718 4860
f 4862 4863 4861
f 4861 4863 4864
f 4866 4867 4865
f 4865 4867 4868
f 4870 4871 4869
f 4869 4871 4872
f 4869 4872 4116
f 4116 4872 4117
f 4820 4819 4874
f 4874 4819 4873
f 4876 4877 4875
f 4875 4877 4878
f 4880 4881 4879
f 4879 4881 4882
f 4884 4885 4883
f 4883 4885 4886
f 4887 4888 4280
f 4280 4888 4281
f 4818 4817 4889
f 4889 4817 4890
f 4891 4193 4823
f 4823 4193 4192
f 4892 4893 4228
f 4228 4893 4229
f 4158 4157 4894
f 4894 4157 4895
f 4896 4897 4132
f 4132 4897 4133
f 4099 4683 4100
f 4100 4683 4682
f 4101 4100 4899
f 4899 4100 4898
f 4150 4106 4147
f 4147 4106 4900
f 4100 4682 4898
f 4898 4682 4677
f 4080 4082 4187
f 4187 4082 4184
f 4077 4080 4189
f 4189 4080 4187
f 4191 4190 4790
f 4790 4190 4901
f 4177 4158 4680
f 4680 4158 4894
f 4108 4136 4752
f 4752 4136 4754
f 4752 4753 4108
f 4108 4753 4109
f 4817 4902 4890
f 4890 4902 4903
f 4904 4905 4907
f 4907 4905 4906
f 4909 4910 4908
f 4908 4910 4911
f 4913 4914 4912
f 4912 4914 4915
f 4916 4917 4919
f 4919 4917 4918
f 4312 4424 4299
f 4299 4424 4304
f 4920 4921 4297
f 4297 4921 4298
f 4194 4922 4167
f 4167 4922 4923
f 4924 4400 4691
f 4691 4400 4399
f 4395 4708 4396
f 4396 4708 4758
f 4367 4925 4368
f 4368 4925 4926
f 4919 4918 4873
f 4873 4918 4874
f 4836 4927 4421
f 4421 4927 4422
f 4921 4928 4298
f 4298 4928 4311
f 4143 4146 4122
f 4122 4146 4119
f 4929 4930 4455
f 4455 4930 4452
f 4932 4933 4931
f 4931 4933 4934
f 4935 4936 4932
f 4932 4936 4933
f 4461 4460 4457
f 4457 4460 4458
f 4480 4479 4475
f 4475 4479 4476
f 4660 4673 4517
f 4517 4673 4937
f 4661 4505 4658
f 4658 4505 4504
f 4484 4483 4489
f 4489 4483 4486
f 4462 4509 4463
f 4463 4509 4518
f 4469 4511 4466
f 4466 4511 4508
f 4655 4473 4656
f 4656 4473 4477
f 4476 4657 4477
f 4477 4657 4656
f 4479 4513 4476
f 4476 4513 4657
f 4489 4525 4484
f 4484 4525 4526
f 4483 4549 4486
f 4486 4549 4536
f 4549 4548 4536
f 4536 4548 4551
f 4548 4568 4551
f 4551 4568 4670
f 4663 4589 4845
f 4845 4589 4590
f 4668 4577 4938
f 4938 4577 4580
f 4940 4938 4939
f 4939 4938 4941
f 4940 4942 4669
f 4669 4942 4943
f 4587 4582 4944
f 4944 4582 4581
f 4848 4847 4608
f 4608 4847 4564
f 4616 4945 4613
f 4613 4945 4598
f 4615 4946 4616
f 4616 4946 4945
f 4947 4939 4948
f 4948 4939 4946
f 4599 4605 4600
f 4600 4605 4604
f 4608 4607 4848
f 4848 4607 4849
f 4613 4612 4616
f 4616 4612 4617
f 4835 4949 4709
f 4709 4949 4710
f 4357 1477 4837
f 4837 1477 1365
f 4712 4950 4803
f 4803 4950 4951
f 4401 4952 4402
f 4402 4952 4953
f 4759 4760 4402
f 4402 4760 4399
f 4508 4520 4509
f 4509 4520 4654
f 4510 4522 4511
f 4511 4522 4521
f 4513 4526 4657
f 4657 4526 4525
f 4632 4633 4514
f 4514 4633 4529
f 4931 4934 4453
f 4453 4934 4454
f 4153 4954 4154
f 4154 4954 4955
f 4957 4958 4956
f 4956 4958 4959
f 4961 4962 4960
f 4960 4962 4963
f 4120 4964 4210
f 4210 4964 4965
f 4967 4968 4966
f 4966 4968 4969
f 4349 4692 4815
f 4815 4692 4970
f 4652 4971 4653
f 4653 4971 4706
f 4758 4647 4972
f 4972 4647 4646
f 4973 4363 4646
f 4646 4363 4972
f 4950 4360 4974
f 4974 4360 4364
f 4431 4335 4746
f 4746 4335 4713
f 4358 4714 4325
f 4325 4714 4321
f 4765 4764 4266
f 4266 4764 4975
f 4202 4976 4203
f 4203 4976 4977
f 4917 4978 4918
f 4918 4978 4979
f 4279 4282 4854
f 4854 4282 4269
f 4820 4880 4817
f 4817 4880 4902
f 4890 4903 4980
f 4980 4903 4886
f 4982 4983 4981
f 4981 4983 4123
f 4795 4851 4796
f 4796 4851 4850
f 4918 4979 4874
f 4874 4979 4881
f 4809 4404 4810
f 4810 4404 4403
f 4354 4985 4984
f 4984 4985 4986
f 1364 1516 4838
f 4838 1516 4987
f 4759 4988 4367
f 4367 4988 4925
f 4989 4990 4481
f 4481 4990 4478
f 4443 4515 4990
f 4990 4515 4991
f 4527 4512 4992
f 4992 4512 4991
f 4528 4503 4992
f 4992 4503 4993
f 4993 4994 4485
f 4485 4994 4482
f 4544 4995 4502
f 4502 4995 4994
f 4995 4996 4550
f 4550 4996 4547
f 4998 4999 4997
f 4997 4999 4566
f 4998 5000 4578
f 4578 5000 4579
f 5001 5002 4596
f 4596 5002 4597
f 5003 4591 5004
f 5004 4591 4610
f 4626 4421 4627
f 4627 4421 4420
f 4837 4838 4627
f 4627 4838 4624
f 4761 4705 4830
f 4830 4705 5005
f 4705 4707 5005
f 5005 4707 5006
f 4308 4721 4075
f 4075 4721 4076
f 5007 4200 4797
f 4797 4200 4798
f 4685 4686 5008
f 5008 4686 5009
f 4889 4890 5010
f 5010 4890 4980
f 4323 1541 4324
f 4324 1541 1540
f 4385 4384 4358
f 4358 4384 4714
f 4396 4758 4840
f 4840 4758 4972
f 4866 4852 5011
f 5011 4852 5012
f 5013 4260 4980
f 4980 4260 5010
f 4875 4878 5014
f 5014 4878 5015
f 5017 5018 5016
f 5016 5018 5019
f 5016 5019 5020
f 5020 5019 5021
f 5023 5024 5022
f 5022 5024 5025
f 5027 5028 5026
f 5026 5028 5029
f 5031 5032 5030
f 5030 5032 5033
f 5035 5036 5034
f 5034 5036 5037
f 5039 5040 5038
f 5038 5040 5041
f 5043 5044 5042
f 5042 5044 5045
f 5038 5046 5039
f 5039 5046 5047
f 5049 5050 5048
f 5048 5050 5051
f 5053 5054 5052
f 5052 5054 5055
f 5057 5024 5056
f 5056 5024 5058
f 5060 5061 5059
f 5059 5061 5062
f 5064 5065 5063
f 5063 5065 5066
f 5043 5050 5064
f 5064 5050 5065
f 5038 5041 5067
f 5067 5041 5068
f 5070 5071 5069
f 5069 5071 5072
f 5074 5075 5073
f 5073 5075 5076
f 5034 5077 5035
f 5035 5077 5078
f 5080 5081 5079
f 5079 5081 5082
f 5084 5085 5083
f 5083 5085 5086
f 5085 5084 5087
f 5087 5084 5088
f 5090 5091 5089
f 5089 5091 5092
f 5094 5095 5093
f 5093 5095 5096
f 5098 5099 5097
f 5097 5099 5100
f 5102 5103 5101
f 5101 5103 5104
f 5105 5106 5108
f 5108 5106 5107
f 5110 5111 5109
f 5109 5111 5112
f 5114 5094 5113
f 5113 5094 5093
f 5116 5117 5115
f 5115 5117 5118
f 5120 5121 5119
f 5119 5121 5122
f 5124 5125 5123
f 5123 5125 5126
f 5128 5129 5127
f 5127 5129 5130
f 5097 5131 5098
f 5098 5131 5132
f 5134 5135 5133
f 5133 5135 5122
f 5084 5125 5088
f 5088 5125 5136
f 5138 5139 5137
f 5137 5139 5140
f 5142 5102 5141
f 5141 5102 5101
f 5106 5143 5107
f 5107 5143 5144
f 5146 5147 5145
f 5145 5147 5148
f 5149 5150 5109
f 5109 5150 5110
f 5151 5110 5152
f 5152 5110 5150
f 4715 5140 4716
f 4716 5140 5139
f 5143 4870 5144
f 5144 4870 4869
f 4115 5146 4116
f 4116 5146 5145
f 4791 4796 5149
f 5149 4796 5150
f 4796 4850 5150
f 5150 4850 5152
f 4858 5142 4859
f 4859 5142 5141
f 5153 5154 5115
f 5115 5154 5105
f 5156 5157 5155
f 5155 5157 5158
f 5159 5160 5053
f 5053 5160 5054
f 5161 5162 5020
f 5020 5162 5068
f 5026 5029 5163
f 5163 5029 5021
f 5083 5086 5164
f 5164 5086 5165
f 5090 5167 5166
f 5166 5167 5168
f 5169 5170 5172
f 5172 5170 5171
f 5174 5175 5173
f 5173 5175 5176
f 5177 5109 5178
f 5178 5109 5112
f 5179 5180 5182
f 5182 5180 5181
f 5123 5126 5120
f 5120 5126 5121
f 5180 5167 5181
f 5181 5167 5183
f 5184 5185 5179
f 5179 5185 5180
f 5186 5149 5177
f 5177 5149 5109
f 4868 5184 4865
f 4865 5184 5179
f 5188 5189 5187
f 5187 5189 5190
f 4277 4791 5186
f 5186 4791 5149
f 5179 5182 4865
f 4865 5182 4853
f 5189 4862 5190
f 5190 4862 4861
f 5156 5075 5191
f 5191 5075 5192
f 5036 5035 5193
f 5193 5035 5194
f 5115 5118 5153
f 5153 5118 5195
f 5022 5025 5196
f 5196 5025 5197
f 5155 5158 5069
f 5069 5158 5062
f 5063 5066 5198
f 5198 5066 5199
f 5073 5076 5200
f 5200 5076 5072
f 5202 5131 5201
f 5201 5131 5203
f 5143 5106 5204
f 5204 5106 5205
f 5114 5113 5206
f 5206 5113 5127
f 5098 5132 5193
f 5193 5132 5195
f 5204 5207 5143
f 5143 5207 4870
f 5088 5136 5208
f 5208 5136 5092
f 5209 5210 5089
f 5089 5210 5183
f 5211 5018 5060
f 5060 5018 5061
f 5017 5040 5070
f 5070 5040 5071
f 5191 5160 5156
f 5156 5160 5157
f 5048 5028 5049
f 5049 5028 5058
f 5207 5204 4858
f 4858 5204 5142
f 4859 5141 4715
f 4715 5141 5140
f 5212 5162 5042
f 5042 5162 5051
f 5182 5152 4853
f 4853 5152 4850
f 5214 5134 5213
f 5213 5134 5133
f 5164 5165 5133
f 5133 5165 5213
f 5215 5216 5201
f 5201 5216 5217
f 5147 5218 5148
f 5148 5218 5219
f 5147 5177 5218
f 5218 5177 5178
f 5141 5101 5140
f 5140 5101 5137
f 5201 5217 5202
f 5202 5217 5104
f 5146 5186 5147
f 5147 5186 5177
f 4277 5186 4115
f 4115 5186 5146
f 5191 5192 5031
f 5031 5192 5032
f 5052 5055 5220
f 5220 5055 5197
f 4116 5145 4869
f 4869 5145 5144
f 5034 5037 5214
f 5214 5037 5134
f 5097 5100 5114
f 5114 5100 5094
f 5108 5107 5219
f 5219 5107 5148
f 5221 5135 5116
f 5116 5135 5117
f 5124 5111 5209
f 5209 5111 5210
f 5107 5144 5148
f 5148 5144 5145
f 5152 5182 5151
f 5151 5182 5181
f 5208 5222 5088
f 5088 5222 5087
f 5222 5208 5171
f 5171 5208 5172
f 5223 1756 4698
f 4698 1756 1755
f 4427 5224 4107
f 4107 5224 4135
f 4178 4679 5225
f 5225 4679 5226
f 5227 5228 4892
f 4892 5228 4893
f 5229 5230 4171
f 4171 5230 4172
f 4855 4268 4884
f 4884 4268 4885
f 4884 4871 4855
f 4855 4871 4856
f 4684 5231 4896
f 4896 5231 4897
f 4768 4767 5009
f 5009 4767 5008
f 5205 5154 5102
f 5102 5154 5103
f 5099 5098 5194
f 5194 5098 5193
f 5198 5199 5079
f 5079 5199 5033
f 5102 5142 5205
f 5205 5142 5204
f 5224 4427 4681
f 4681 4427 4678
f 3712 3711 5232
f 5232 3711 5233
f 3968 3988 3963
f 3963 3988 3964
f 3976 4044 3972
f 3972 4044 3985
f 4038 4037 4036
f 4036 4037 4033
f 4794 4762 3731
f 3731 4762 3944
f 3731 3944 3722
f 3722 3944 3810
f 3874 5234 5232
f 5232 5234 3712
f 3906 3905 3867
f 3867 3905 4011
f 3904 4023 3905
f 3905 4023 4011
f 3719 3722 3811
f 3811 3722 3810
f 3812 3719 3687
f 3687 3719 3811
f 3716 3812 3686
f 3686 3812 3687
f 3713 3716 3685
f 3685 3716 3686
f 4810 4403 5235
f 5235 4403 4813
f 4345 1770 4814
f 4814 1770 1769
f 4067 4066 4058
f 4058 4066 5236
f 4043 4068 4049
f 4049 4068 4050
f 4034 5237 3989
f 3989 5237 3990
f 4031 4030 4072
f 4072 4030 4005
f 4003 4004 4002
f 4002 4004 4032
f 4004 4005 4032
f 4032 4005 4030
f 4067 4064 4068
f 4068 4064 4050
f 4058 4057 4067
f 4067 4057 4064
f 4035 4034 5238
f 5238 4034 3989
f 5236 5239 4058
f 4058 5239 5240
f 5234 3874 5241
f 5241 3874 3873
f 5241 3873 3881
f 3881 3873 3878
f 4800 4763 4788
f 4788 4763 4310
f 4763 4762 4310
f 4310 4762 4309
f 4762 4794 4309
f 4309 4794 4306
f 4794 4793 4306
f 4306 4793 4292
f 4293 4313 4302
f 4302 4313 4314
f 4302 4314 4303
f 4303 4314 4315
f 4303 4315 4703
f 4703 4315 4316
f 4035 4069 4043
f 4043 4069 4068
f 4324 1540 4357
f 4357 1540 1477
f 5232 3987 3874
f 3874 3987 3871
f 3987 5232 4013
f 4013 5232 5233
f 4013 5233 4014
f 4014 5233 5242
f 3888 4015 3865
f 3865 4015 4007
f 3866 4008 5243
f 5243 4008 4016
f 3873 5244 3878
f 3878 5244 3875
f 3965 5244 3872
f 3872 5244 3873
f 3876 3875 3965
f 3965 3875 5244
f 5243 4016 5242
f 5242 4016 4014
f 5246 5247 5245
f 5245 5247 5248
f 3576 3950 3577
f 3577 3950 3926
f 3584 3842 3585
f 3585 3842 3580
f 5249 5247 1784
f 1784 5247 1785
f 5250 5251 5253
f 5253 5251 5252
f 5255 5252 5254
f 5254 5252 5256
f 5254 5256 5258
f 5258 5256 5257
f 5258 5257 5260
f 5260 5257 5259
f 4356 5261 4424
f 4424 5261 5259
f 4355 5262 4356
f 4356 5262 5261
f 4924 5264 5263
f 5263 5264 5265
f 4693 5266 4691
f 4691 5266 5267
f 4351 5268 4352
f 4352 5268 5269
f 1808 1807 4351
f 4351 1807 5268
f 3580 3842 3581
f 3799 3802 3838
f 4800 4788 4801
f 4801 4788 4789
f 3729 3935 4801
f 4801 3935 4800
f 3728 3666 3729
f 3729 3666 3935
f 3728 3798 3666
f 3666 3798 3663
f 3798 3818 3663
f 3663 3818 3809
f 3818 3817 3809
f 3809 3817 3808
f 3796 3655 3817
f 3817 3655 3808
f 3615 3568 3796
f 3796 3568 3655
f 3573 3569 3615
f 3615 3569 3568
f 3572 3613 3573
f 3573 3613 3569
f 3792 3606 3572
f 3572 3606 3613
f 3607 3791 3949
f 3949 3791 3591
f 3590 3950 3591
f 3591 3950 3949
f 3805 3926 3590
f 3590 3926 3950
f 3804 3559 3805
f 3805 3559 3926
f 3804 3914 3559
f 3559 3914 3560
f 3924 3789 3913
f 3913 3789 3788
f 3924 3928 3789
f 3789 3928 3826
f 3928 3927 3826
f 3826 3927 3827
f 3927 3834 3827
f 3827 3834 3835
f 4079 4078 5270
f 5270 4078 5007
f 5271 5272 4233
f 4233 5272 5273
f 5275 5276 5274
f 5274 5276 5277
f 5278 5279 4236
f 4236 5279 4237
f 5278 5280 5271
f 5271 5280 5272
f 4235 5281 4236
f 4236 5281 5282
f 5284 5285 5283
f 5283 5285 5286
f 5288 5289 5287
f 5287 5289 5290
f 5292 5293 5291
f 5291 5293 5294
f 5287 5290 4726
f 4726 5290 5295
f 4293 4292 4313
f 4313 4292 4793
f 4720 4736 4719
f 4719 4736 5296
f 5297 4909 5298
f 5298 4909 4908
f 5299 5300 4976
f 4976 5300 5301
f 5302 4202 5303
f 5303 4202 4201
f 5304 5305 4983
f 4983 5305 5306
f 5308 5309 5307
f 5307 5309 5310
f 4722 4725 5283
f 5283 4725 5311
f 5291 5294 4125
f 4125 5294 4126
f 5313 5314 5312
f 5312 5314 5315
f 5316 5317 5319
f 5319 5317 5318
f 5321 5308 5320
f 5320 5308 5307
f 4819 4981 4873
f 4873 4981 5322
f 4981 4123 5322
f 5322 4123 4126
f 5324 5325 5323
f 5323 5325 5326
f 4764 5327 4975
f 4975 5327 5328
f 4172 5327 4169
f 4169 5327 5329
f 4768 4171 4769
f 4769 4171 4170
f 4243 4755 4244
f 4244 4755 5330
f 4755 4205 5330
f 5330 4205 4208
f 4206 4906 4207
f 4207 4906 4905
f 4686 5014 5009
f 5009 5014 5229
f 4756 4770 4170
f 4170 4770 4769
f 4170 4169 4756
f 4756 4169 4757
f 4273 5329 4764
f 4764 5329 5327
f 4276 5331 4273
f 4273 5331 5329
f 4770 4756 4243
f 4243 4756 4755
f 5333 4889 5332
f 5332 4889 5010
f 4877 5332 4878
f 4878 5332 4259
f 4875 4164 4876
f 4876 4164 4163
f 5334 5335 5324
f 5324 5335 5325
f 4983 5306 4123
f 4123 5306 4124
f 4818 4982 4819
f 4819 4982 4981
f 5332 5010 4259
f 4259 5010 4260
f 5014 4686 4875
f 4875 4686 4164
f 4171 4768 5229
f 5229 4768 5009
f 5337 4916 5336
f 5336 4916 4919
f 5293 5337 5294
f 5294 5337 5336
f 4982 4818 5333
f 5333 4818 4889
f 5338 5339 4262
f 4262 5339 5340
f 5307 5310 5338
f 5338 5310 5339
f 5341 5342 4204
f 4204 5342 5309
f 5336 4919 5322
f 5322 4919 4873
f 5294 5336 4126
f 4126 5336 5322
f 5323 5326 5343
f 5343 5326 5286
f 4914 5344 4915
f 4915 5344 5345
f 5312 5315 5344
f 5344 5315 5345
f 5347 5348 5346
f 5346 5348 5349
f 5350 5351 4832
f 4832 5351 4833
f 5352 5353 5349
f 5349 5353 5346
f 5354 5338 4265
f 4265 5338 4262
f 5320 5307 5354
f 5354 5307 5338
f 4201 5308 5303
f 5303 5308 5321
f 5356 5357 5355
f 5355 5357 4799
f 5358 5359 5334
f 5334 5359 5335
f 5358 5360 4093
f 4093 5360 4163
f 5360 5305 4163
f 4163 5305 4876
f 5305 5304 4876
f 4876 5304 4877
f 5270 4778 4079
f 4079 4778 4081
f 4779 5361 4774
f 4774 5361 5357
f 5356 5359 4775
f 4775 5359 4092
f 5333 5304 4982
f 4982 5304 4983
f 5332 4877 5333
f 5333 4877 5304
f 5015 4258 5230
f 5230 4258 5328
f 5327 4172 5328
f 5328 4172 5230
f 4169 5329 4757
f 4757 5329 5331
f 4757 5331 4205
f 4205 5331 4206
f 5331 4276 4206
f 4206 4276 4906
f 4276 4275 4906
f 4906 4275 4907
f 4275 4888 4907
f 4907 4888 4744
f 4887 4717 4745
f 4745 4717 4864
f 4716 5139 4861
f 4861 5139 5190
f 5139 5138 5190
f 5190 5138 5187
f 5138 5216 5187
f 5187 5216 5176
f 5215 5362 5173
f 5173 5362 5130
f 5364 5365 5363
f 5363 5365 5340
f 4742 4863 5366
f 5366 4863 4867
f 4862 5189 4868
f 4868 5189 5184
f 5189 5188 5184
f 5184 5188 5185
f 5188 5175 5185
f 5185 5175 5168
f 3560 3788 3561
f 3561 3788 3790
f 3596 3595 3608
f 3608 3595 3594
f 3598 3582 3595
f 3595 3582 3592
f 3600 3609 3601
f 3601 3609 3611
f 3602 3601 3612
f 3612 3601 3611
f 3606 3605 3613
f 3613 3605 3614
f 3793 5367 3794
f 3794 5367 5368
f 3598 3597 3600
f 3600 3597 3609
f 3793 3792 3575
f 3575 3792 3572
f 3561 3594 3558
f 3558 3594 3593
f 3807 3915 3804
f 3804 3915 3914
f 3916 3915 5370
f 5370 3915 5369
f 3602 3605 3603
f 3603 3605 3604
f 3606 3792 3607
f 3607 3792 3791
f 3914 3913 3560
f 3560 3913 3788
f 5174 5129 5166
f 5166 5129 5371
f 5170 5169 5093
f 5093 5169 5113
f 5166 5371 5090
f 5090 5371 5091
f 5128 5169 5372
f 5372 5169 5172
f 5127 5113 5128
f 5128 5113 5169
f 5114 5206 5203
f 5203 5206 5362
f 5200 5373 5073
f 5073 5373 5096
f 5374 5375 5200
f 5200 5375 5373
f 5039 5047 5374
f 5374 5047 5375
f 5087 5046 5085
f 5085 5046 5376
f 5212 5377 5067
f 5067 5377 5376
f 5042 5045 5212
f 5212 5045 5377
f 5064 5378 5043
f 5043 5378 5044
f 5063 5077 5064
f 5064 5077 5378
f 5079 5082 5198
f 5198 5082 5078
f 5099 5081 5100
f 5100 5081 5379
f 5100 5379 5094
f 5094 5379 5095
f 5381 5382 5380
f 5380 5382 5383
f 5385 5386 5384
f 5384 5386 5383
f 5385 5387 5386
f 5386 5387 5388
f 5390 5391 5389
f 5389 5391 5392
f 5393 5394 5396
f 5396 5394 5395
f 5398 5399 5397
f 5397 5399 5400
f 5402 5403 5401
f 5401 5403 5404
f 5406 5407 5405
f 5405 5407 5404
f 5408 5409 5163
f 5163 5409 5410
f 5411 5412 5414
f 5414 5412 5413
f 5057 5416 5415
f 5415 5416 5417
f 5393 5416 5418
f 5418 5416 5419
f 5396 5395 5420
f 5420 5395 5421
f 5423 5424 5422
f 5422 5424 5425
f 5415 5417 5220
f 5220 5417 5426
f 5418 5391 5393
f 5393 5391 5394
f 5414 5388 5411
f 5411 5388 5392
f 5059 5427 5060
f 5060 5427 5428
f 5423 5427 5429
f 5429 5427 5430
f 5432 5382 5431
f 5431 5382 5425
f 5429 5407 5423
f 5423 5407 5424
f 5380 5409 5381
f 5381 5409 5433
f 5381 5433 5422
f 5422 5433 5428
f 5027 5412 5056
f 5056 5412 5419
f 5435 5436 5434
f 5434 5436 5437
f 5159 5439 5438
f 5438 5439 5440
f 5053 5436 5159
f 5159 5436 5439
f 5441 5403 5398
f 5398 5403 5399
f 5163 5410 5026
f 5026 5410 5413
f 5438 5440 5442
f 5442 5440 5430
f 5444 5445 5443
f 5443 5445 5446
f 5447 5448 5450
f 5450 5448 5449
f 5451 5446 5452
f 5452 5446 5445
f 5454 5455 5453
f 5453 5455 5451
f 5456 5454 5458
f 5458 5454 5457
f 5460 5461 5459
f 5459 5461 5462
f 5464 5465 5463
f 5463 5465 5466
f 5468 5469 5467
f 5467 5469 5470
f 5472 5473 5471
f 5471 5473 5474
f 5475 5476 5478
f 5478 5476 5477
f 5479 5480 5482
f 5482 5480 5481
f 5483 5484 5448
f 5448 5484 5485
f 5448 5485 5449
f 5449 5485 5486
f 5487 5476 5488
f 5488 5476 5475
f 5490 5491 5489
f 5489 5491 5492
f 5494 5495 5493
f 5493 5495 5496
f 5498 5494 5497
f 5497 5494 5493
f 5500 5501 5499
f 5499 5501 5502
f 5503 5504 5446
f 5446 5504 5443
f 5506 5507 5505
f 5505 5507 5508
f 5510 5511 5509
f 5509 5511 5512
f 5514 5515 5513
f 5513 5515 5516
f 5518 5519 5517
f 5517 5519 5520
f 5495 5521 5496
f 5496 5521 5522
f 5524 5525 5523
f 5523 5525 5526
f 5527 5528 5494
f 5494 5528 5495
f 5499 5502 5529
f 5529 5502 5530
f 5531 5532 5485
f 5485 5532 5486
f 5485 5484 5531
f 5531 5484 5533
f 5482 5481 5534
f 5534 5481 5535
f 5536 5512 5506
f 5506 5512 5511
f 5455 5503 5451
f 5451 5503 5446
f 5467 5470 5511
f 5511 5470 5537
f 5538 5467 5510
f 5510 5467 5511
f 5540 5541 5539
f 5539 5541 5542
f 5543 5544 5546
f 5546 5544 5545
f 5548 5472 5547
f 5547 5472 5471
f 5493 5496 5549
f 5549 5496 5550
f 5496 5522 5550
f 5550 5522 5551
f 5553 5554 5552
f 5552 5554 5555
f 5557 5447 5556
f 5556 5447 5558
f 5557 5483 5447
f 5447 5483 5448
f 5478 5477 5553
f 5553 5477 5559
f 5477 5560 5559
f 5559 5560 5561
f 5476 5562 5477
f 5477 5562 5560
f 5476 5487 5562
f 5562 5487 5563
f 5560 5564 5561
f 5561 5564 5565
f 5564 5560 5566
f 5566 5560 5562
f 5563 5567 5562
f 5562 5567 5566
f 5569 5521 5568
f 5568 5521 5570
f 5481 5572 5571
f 5571 5572 5573
f 5574 5535 5571
f 5571 5535 5481
f 5576 5577 5575
f 5575 5577 5578
f 5579 5580 5456
f 5456 5580 5581
f 5475 5582 5488
f 5488 5582 5583
f 5584 5536 5505
f 5505 5536 5506
f 5585 5586 5588
f 5588 5586 5587
f 5590 5591 5589
f 5589 5591 5592
f 5519 5593 5520
f 5520 5593 5594
f 5595 5596 5462
f 5462 5596 5597
f 5599 5600 5598
f 5598 5600 5514
f 5602 5603 5601
f 5601 5603 5604
f 5524 5543 5525
f 5525 5543 5546
f 5543 5524 5606
f 5606 5524 5605
f 5607 5608 5500
f 5500 5608 5501
f 5610 5551 5609
f 5609 5551 5522
f 5611 5510 5598
f 5598 5510 5509
f 5612 5597 5457
f 5457 5597 5458
f 5510 5611 5538
f 5538 5611 5613
f 5580 5508 5581
f 5581 5508 5507
f 5615 5616 5614
f 5614 5616 5617
f 5619 5620 5618
f 5618 5620 5621
f 5623 5624 5622
f 5622 5624 5625
f 5627 5624 5626
f 5626 5624 5623
f 5629 5630 5628
f 5628 5630 5631
f 5633 5634 5632
f 5632 5634 5466
f 5635 5636 5463
f 5463 5636 5637
f 5523 5638 5524
f 5524 5638 5605
f 5639 5640 5641
f 5641 5640 5595
f 5611 5513 5613
f 5613 5513 5642
f 5643 5586 5608
f 5608 5586 5501
f 5622 5625 5590
f 5590 5625 5591
f 5598 5514 5611
f 5611 5514 5513
f 5645 5646 5644
f 5644 5646 5647
f 5620 5619 5491
f 5491 5619 5648
f 5649 5643 5492
f 5492 5643 5608
f 5650 5651 5653
f 5653 5651 5652
f 5463 5466 5635
f 5635 5466 5634
f 5597 5612 5462
f 5462 5612 5459
f 5635 5634 5523
f 5523 5634 5638
f 5654 5638 5633
f 5633 5638 5634
f 5655 5656 5525
f 5525 5656 5526
f 5658 5659 5657
f 5657 5659 5527
f 5660 5464 5637
f 5637 5464 5463
f 5632 5466 5661
f 5661 5466 5465
f 5661 5662 5632
f 5632 5662 5658
f 5662 5663 5658
f 5658 5663 5659
f 5665 5659 5664
f 5664 5659 5663
f 5632 5658 5633
f 5633 5658 5657
f 5666 5629 5530
f 5530 5629 5667
f 5528 5527 5665
f 5665 5527 5659
f 5668 5669 5570
f 5570 5669 5568
f 5669 5668 5670
f 5670 5668 5671
f 5646 5672 5673
f 5672 5674 5673
f 5673 5674 5675
f 5674 5460 5675
f 5675 5460 5459
f 5461 5676 5462
f 5462 5676 5595
f 5677 5678 5680
f 5680 5678 5679
f 5628 5681 5629
f 5629 5681 5667
f 5682 5529 5667
f 5667 5529 5530
f 5675 5459 5683
f 5683 5459 5612
f 5585 5666 5502
f 5502 5666 5530
f 5589 5684 5602
f 5602 5684 5603
f 5646 5645 5663
f 5663 5645 5664
f 5685 5647 5673
f 5673 5647 5646
f 5686 5687 5683
f 5683 5687 5685
f 5688 5689 5533
f 5533 5689 5531
f 5690 5691 5535
f 5535 5691 5534
f 5692 5690 5574
f 5574 5690 5535
f 5685 5687 5689
f 5689 5687 5693
f 5489 5694 5490
f 5490 5694 5695
f 5690 5692 5696
f 5696 5692 5697
f 5696 5644 5690
f 5690 5644 5691
f 5447 5450 5558
f 5558 5450 5698
f 5699 5700 5642
f 5642 5700 5613
f 5701 5702 5540
f 5540 5702 5541
f 5431 5703 5432
f 5432 5703 5697
f 5385 5384 5574
f 5574 5384 5692
f 5389 5387 5573
f 5573 5387 5571
f 5565 5390 5573
f 5573 5390 5389
f 5390 5565 5704
f 5704 5565 5564
f 5566 5705 5564
f 5564 5705 5704
f 5569 5441 5609
f 5609 5441 5398
f 5568 5405 5569
f 5569 5405 5441
f 5670 5706 5669
f 5669 5706 5406
f 5703 5431 5670
f 5670 5431 5706
f 5432 5697 5384
f 5384 5697 5692
f 5574 5571 5385
f 5385 5571 5387
f 5607 5707 5489
f 5489 5707 5694
f 5518 5708 5519
f 5519 5708 5709
f 5711 5576 5710
f 5710 5576 5575
f 5713 5714 5712
f 5712 5714 5715
f 5553 5552 5478
f 5478 5552 5716
f 5717 5475 5716
f 5716 5475 5478
f 5718 5719 5605
f 5605 5719 5606
f 5505 5622 5584
f 5584 5622 5590
f 5508 5623 5505
f 5505 5623 5622
f 5626 5623 5580
f 5580 5623 5508
f 5580 5579 5626
f 5626 5579 5720
f 5579 5721 5720
f 5720 5721 5722
f 5666 5585 5723
f 5723 5585 5588
f 5724 5725 5639
f 5639 5725 5640
f 5554 5726 5555
f 5555 5726 5727
f 5453 5728 5729
f 5689 5688 5685
f 5685 5688 5647
f 5604 5730 5512
f 5512 5730 5509
f 5628 5631 5618
f 5618 5631 5592
f 5601 5604 5536
f 5536 5604 5512
f 5732 5676 5731
f 5731 5676 5660
f 5730 5604 5733
f 5733 5604 5603
f 5563 5487 5551
f 5551 5487 5550
f 5489 5492 5607
f 5607 5492 5608
f 5573 5572 5565
f 5565 5572 5561
f 5609 5522 5569
f 5569 5522 5521
f 5499 5734 5500
f 5500 5734 5735
f 5596 5736 5721
f 5721 5736 5722
f 5737 5600 5594
f 5594 5600 5520
f 5599 5730 5517
f 5517 5730 5733
f 5660 5738 5731
f 5731 5738 5739
f 5648 5649 5491
f 5491 5649 5492
f 5501 5586 5502
f 5502 5586 5585
f 5525 5546 5655
f 5655 5546 5740
f 5600 5599 5520
f 5520 5599 5517
f 5708 5739 5709
f 5709 5739 5738
f 5636 5635 5526
f 5526 5635 5523
f 5670 5671 5703
f 5703 5671 5741
f 5490 5695 5742
f 5742 5695 5743
f 5682 5678 5744
f 5744 5678 5677
f 5678 5681 5679
f 5679 5681 5621
f 5742 5743 5679
f 5679 5743 5680
f 5618 5621 5628
f 5628 5621 5681
f 5725 5724 5589
f 5589 5724 5684
f 5456 5458 5579
f 5579 5458 5721
f 5675 5683 5673
f 5673 5683 5685
f 5529 5682 5745
f 5745 5682 5744
f 5721 5458 5596
f 5596 5458 5597
f 5701 5540 5719
f 5719 5540 5606
f 5703 5741 5697
f 5697 5741 5696
f 5500 5735 5607
f 5607 5735 5707
f 5549 5746 5493
f 5493 5746 5497
f 5700 5747 5613
f 5613 5747 5538
f 5420 5421 5434
f 5434 5421 5400
f 5689 5693 5531
f 5531 5693 5532
f 5705 5566 5748
f 5748 5566 5567
f 5609 5398 5610
f 5610 5398 5397
f 5669 5406 5568
f 5568 5406 5405
f 5488 5583 5549
f 5549 5583 5746
f 5714 5713 5710
f 5710 5713 5711
f 5747 5468 5538
f 5538 5468 5467
f 5548 5547 5749
f 5749 5547 5750
f 5733 5603 5751
f 5751 5603 5684
f 5589 5602 5590
f 5590 5602 5584
f 5636 5752 5614
f 5614 5752 5615
f 5753 5754 5738
f 5738 5754 5755
f 5602 5601 5584
f 5584 5601 5536
f 5723 5736 5630
f 5630 5736 5640
f 5595 5640 5596
f 5596 5640 5736
f 5734 5499 5745
f 5745 5499 5529
f 5627 5587 5643
f 5643 5587 5586
f 5553 5559 5554
f 5554 5559 5480
f 5559 5561 5480
f 5480 5561 5572
f 5554 5480 5726
f 5726 5480 5479
f 5749 5750 5715
f 5715 5750 5712
f 5683 5612 5686
f 5686 5612 5457
f 5678 5682 5681
f 5681 5682 5667
f 5598 5509 5599
f 5599 5509 5730
f 5679 5621 5742
f 5742 5621 5620
f 5652 5616 5653
f 5653 5616 5615
f 5220 5426 5052
f 5052 5426 5437
f 5487 5488 5550
f 5550 5488 5549
f 5742 5620 5490
f 5490 5620 5491
f 5551 5610 5563
f 5563 5610 5567
f 5610 5397 5567
f 5567 5397 5748
f 5614 5617 5753
f 5753 5617 5754
f 5480 5572 5481
f 5755 5756 5738
f 5738 5756 5709
f 5745 5744 5758
f 5758 5744 5757
f 5745 5758 5734
f 5734 5758 5759
f 5735 5734 5760
f 5760 5734 5759
f 5707 5735 5761
f 5761 5735 5760
f 5744 5677 5757
f 5757 5677 5762
f 5677 5680 5762
f 5762 5680 5763
f 5763 5680 5764
f 5764 5680 5743
f 5765 5766 5762
f 5762 5766 5757
f 5768 5769 5767
f 5767 5769 5770
f 5771 5772 5770
f 5770 5772 5767
f 5770 5769 5774
f 5774 5769 5773
f 5775 5776 5774
f 5774 5776 5777
f 5773 5778 5774
f 5774 5778 5775
f 5779 5766 5773
f 5773 5766 5778
f 5777 5771 5774
f 5774 5771 5770
f 5780 5781 5783
f 5783 5781 5782
f 5781 5780 5771
f 5771 5780 5772
f 5773 5769 5779
f 5779 5769 5768
f 5768 5759 5779
f 5779 5759 5758
f 5768 5784 5759
f 5759 5784 5760
f 5767 5785 5768
f 5768 5785 5784
f 5785 5767 5786
f 5786 5767 5772
f 5766 5779 5757
f 5757 5779 5758
f 5780 5787 5772
f 5772 5787 5786
f 5785 5786 5788
f 5788 5786 5789
f 5786 5787 5789
f 5789 5787 5790
f 5788 5789 5791
f 5791 5789 5792
f 5791 5793 5788
f 5788 5793 5794
f 5795 5792 5790
f 5790 5792 5789
f 5785 5788 5784
f 5784 5788 5794
f 5784 5794 5760
f 5760 5794 5761
f 5787 5780 5796
f 5796 5780 5783
f 5775 5778 5797
f 5797 5778 5766
f 5797 5798 5775
f 5775 5798 5776
f 5766 5765 5797
f 5797 5765 5799
f 5798 5797 5800
f 5800 5797 5799
f 5798 5801 5776
f 5776 5801 5802
f 5707 5761 5694
f 5694 5761 5803
f 5695 5804 5743
f 5743 5804 5764
f 5804 5695 5803
f 5803 5695 5694
f 5803 5793 5804
f 5804 5793 5805
f 5793 5791 5805
f 5805 5791 5806
f 5804 5805 5764
f 5764 5805 5807
f 5803 5761 5793
f 5793 5761 5794
f 5808 5763 5807
f 5807 5763 5764
f 5808 5765 5763
f 5763 5765 5762
f 5809 5799 5808
f 5808 5799 5765
f 5809 5808 5810
f 5810 5808 5807
f 5811 5809 5812
f 5812 5809 5810
f 5805 5806 5807
f 5807 5806 5810
f 5806 5813 5810
f 5810 5813 5812
f 5799 5809 5800
f 5800 5809 5811
f 5815 5800 5814
f 5814 5800 5811
f 5814 5817 5816
f 5816 5817 5818
f 5814 5811 5817
f 5817 5811 5812
f 5814 5816 5815
f 5815 5816 5796
f 5815 5796 5801
f 5801 5796 5783
f 5801 5798 5815
f 5815 5798 5800
f 5791 5792 5806
f 5806 5792 5813
f 5818 5813 5795
f 5795 5813 5792
f 5818 5817 5813
f 5813 5817 5812
f 5816 5818 5790
f 5790 5818 5795
f 5790 5787 5816
f 5816 5787 5796
f 5771 5777 5781
f 5781 5777 5782
f 5782 5802 5783
f 5783 5802 5801
f 5782 5777 5802
f 5802 5777 5776
f 5588 5587 5722
f 5722 5587 5720
f 5591 5619 5592
f 5592 5619 5618
f 5625 5624 5648
f 5648 5624 5649
f 5624 5627 5649
f 5649 5627 5643
f 5631 5630 5725
f 5725 5630 5640
f 5625 5648 5591
f 5591 5648 5619
f 5588 5722 5723
f 5723 5722 5736
f 5631 5725 5592
f 5592 5725 5589
f 5723 5630 5666
f 5666 5630 5629
f 5587 5627 5720
f 5720 5627 5626
f 5820 5821 5819
f 5819 5821 5822
f 5824 5825 5823
f 5823 5825 5826
f 5823 5826 5827
f 5827 5826 5828
f 5829 5830 5832
f 5832 5830 5831
f 5518 5833 5708
f 5708 5833 5834
f 5835 5836 5824
f 5824 5836 5825
f 5838 5839 5837
f 5837 5839 5840
f 5751 5684 5842
f 5842 5684 5841
f 5843 5841 5724
f 5724 5841 5684
f 5845 5846 5844
f 5844 5846 5847
f 5848 5830 5836
f 5836 5830 5825
f 5518 5751 5833
f 5833 5751 5842
f 5839 5838 5821
f 5821 5838 5849
f 5850 5848 5822
f 5822 5848 5836
f 5851 5845 5828
f 5828 5845 5852
f 5854 5855 5853
f 5853 5855 5856
f 5845 5844 5852
f 5852 5844 5857
f 5858 5827 5852
f 5852 5827 5828
f 5851 5828 5829
f 5829 5828 5826
f 5819 5859 5820
f 5820 5859 5860
f 5835 5861 5819
f 5819 5861 5859
f 5851 5829 5862
f 5862 5829 5832
f 5844 5847 5837
f 5837 5847 5834
f 5819 5822 5835
f 5835 5822 5836
f 5823 5863 5824
f 5824 5863 5864
f 5849 5850 5821
f 5821 5850 5822
f 5825 5830 5826
f 5826 5830 5829
f 5820 5860 5865
f 5865 5860 5866
f 5858 5854 5867
f 5867 5854 5853
f 5854 5857 5855
f 5855 5857 5840
f 5855 5865 5856
f 5856 5865 5866
f 5837 5840 5844
f 5844 5840 5857
f 5827 5858 5868
f 5868 5858 5867
f 5824 5864 5835
f 5835 5864 5861
f 5732 5731 5862
f 5862 5731 5846
f 5863 5823 5868
f 5868 5823 5827
f 5843 5831 5848
f 5848 5831 5830
f 5854 5858 5857
f 5857 5858 5852
f 5855 5840 5865
f 5865 5840 5839
f 5865 5839 5820
f 5820 5839 5821
f 5868 5867 5870
f 5870 5867 5869
f 5868 5870 5863
f 5863 5870 5871
f 5863 5871 5864
f 5864 5871 5872
f 5864 5872 5861
f 5861 5872 5873
f 5867 5853 5869
f 5869 5853 5874
f 5853 5856 5874
f 5874 5856 5875
f 5856 5866 5875
f 5875 5866 5876
f 5877 5878 5874
f 5874 5878 5869
f 5880 5881 5879
f 5879 5881 5882
f 5883 5884 5880
f 5880 5884 5881
f 5881 5884 5886
f 5886 5884 5885
f 5887 5888 5886
f 5886 5888 5889
f 5885 5890 5886
f 5886 5890 5887
f 5889 5882 5886
f 5886 5882 5881
f 5882 5891 5879
f 5879 5891 5892
f 5885 5884 5893
f 5893 5884 5883
f 5883 5871 5893
f 5893 5871 5870
f 5883 5894 5871
f 5871 5894 5872
f 5880 5895 5883
f 5883 5895 5894
f 5896 5895 5879
f 5879 5895 5880
f 5893 5878 5885
f 5885 5878 5890
f 5878 5893 5869
f 5869 5893 5870
f 5897 5896 5892
f 5892 5896 5879
f 5895 5896 5898
f 5898 5896 5899
f 5896 5897 5899
f 5899 5897 5900
f 5898 5899 5901
f 5901 5899 5902
f 5901 5903 5898
f 5898 5903 5904
f 5900 5905 5899
f 5899 5905 5902
f 5898 5904 5895
f 5895 5904 5894
f 5894 5904 5872
f 5872 5904 5873
f 5897 5892 5907
f 5907 5892 5906
f 5892 5891 5906
f 5906 5891 5908
f 5887 5890 5909
f 5909 5890 5878
f 5888 5887 5910
f 5910 5887 5909
f 5878 5877 5909
f 5909 5877 5911
f 5909 5911 5910
f 5910 5911 5912
f 5913 5914 5910
f 5910 5914 5888
f 5908 5914 5906
f 5906 5914 5913
f 5861 5873 5859
f 5859 5873 5915
f 5860 5916 5866
f 5866 5916 5876
f 5916 5860 5915
f 5915 5860 5859
f 5915 5903 5916
f 5916 5903 5917
f 5903 5901 5917
f 5917 5901 5918
f 5916 5917 5876
f 5876 5917 5919
f 5903 5915 5904
f 5904 5915 5873
f 5920 5875 5919
f 5919 5875 5876
f 5920 5877 5875
f 5875 5877 5874
f 5920 5921 5877
f 5877 5921 5911
f 5921 5920 5922
f 5922 5920 5919
f 5923 5921 5924
f 5924 5921 5922
f 5917 5918 5919
f 5919 5918 5922
f 5918 5925 5922
f 5922 5925 5924
f 5921 5923 5911
f 5911 5923 5912
f 5927 5912 5926
f 5926 5912 5923
f 5926 5929 5928
f 5928 5929 5930
f 5926 5923 5929
f 5929 5923 5924
f 5926 5928 5927
f 5927 5928 5907
f 5927 5907 5913
f 5913 5907 5906
f 5913 5910 5927
f 5927 5910 5912
f 5901 5902 5918
f 5918 5902 5925
f 5930 5925 5905
f 5905 5925 5902
f 5930 5929 5925
f 5925 5929 5924
f 5928 5930 5900
f 5900 5930 5905
f 5900 5897 5928
f 5928 5897 5907
f 5882 5889 5891
f 5891 5889 5908
f 5908 5889 5914
f 5914 5889 5888
f 5832 5831 5641
f 5641 5831 5639
f 5833 5838 5834
f 5834 5838 5837
f 5842 5841 5849
f 5849 5841 5850
f 5841 5843 5850
f 5850 5843 5848
f 5847 5846 5739
f 5739 5846 5731
f 5842 5849 5833
f 5833 5849 5838
f 5862 5832 5732
f 5732 5832 5641
f 5847 5739 5834
f 5834 5739 5708
f 5862 5846 5851
f 5851 5846 5845
f 5831 5843 5639
f 5639 5843 5724
f 5676 5732 5595
f 5595 5732 5641
f 5676 5461 5660
f 5660 5461 5464
f 5461 5460 5464
f 5464 5460 5465
f 5460 5674 5465
f 5465 5674 5661
f 5931 5932 5934
f 5934 5932 5933
f 5936 5937 5935
f 5935 5937 5938
f 5935 5938 5939
f 5939 5938 5940
f 5942 5943 5941
f 5941 5943 5944
f 5945 5946 5936
f 5936 5946 5937
f 5948 5949 5947
f 5947 5949 5950
f 5951 5952 5519
f 5519 5952 5593
f 5953 5951 5709
f 5709 5951 5519
f 5955 5956 5954
f 5954 5956 5957
f 5958 5942 5946
f 5946 5942 5937
f 5948 5959 5949
f 5949 5959 5933
f 5960 5958 5934
f 5934 5958 5946
f 5961 5955 5940
f 5940 5955 5962
f 5963 5964 5966
f 5966 5964 5965
f 5955 5954 5962
f 5962 5954 5967
f 5968 5939 5962
f 5962 5939 5940
f 5961 5940 5941
f 5941 5940 5938
f 5931 5969 5932
f 5932 5969 5970
f 5945 5971 5931
f 5931 5971 5969
f 5941 5944 5961
f 5961 5944 5972
f 5954 5957 5947
f 5947 5957 5973
f 5945 5931 5946
f 5946 5931 5934
f 5935 5974 5936
f 5936 5974 5975
f 5959 5960 5933
f 5933 5960 5934
f 5937 5942 5938
f 5938 5942 5941
f 5932 5970 5976
f 5976 5970 5977
f 5968 5964 5978
f 5978 5964 5963
f 5965 5964 5950
f 5950 5964 5967
f 5976 5977 5965
f 5965 5977 5966
f 5947 5950 5954
f 5954 5950 5967
f 5939 5968 5979
f 5979 5968 5978
f 5936 5975 5945
f 5945 5975 5971
f 5972 5754 5956
f 5956 5754 5617
f 5974 5935 5979
f 5979 5935 5939
f 5953 5943 5958
f 5958 5943 5942
f 5964 5968 5967
f 5967 5968 5962
f 5965 5950 5976
f 5976 5950 5949
f 5976 5949 5932
f 5932 5949 5933
f 5979 5978 5981
f 5981 5978 5980
f 5979 5981 5974
f 5974 5981 5982
f 5974 5982 5975
f 5975 5982 5983
f 5975 5983 5971
f 5971 5983 5984
f 5978 5963 5980
f 5980 5963 5985
f 5963 5966 5985
f 5985 5966 5986
f 5986 5966 5987
f 5987 5966 5977
f 5988 5989 5985
f 5985 5989 5980
f 5991 5992 5990
f 5990 5992 5993
f 5994 5995 5991
f 5991 5995 5992
f 5992 5995 5997
f 5997 5995 5996
f 5998 5999 5997
f 5997 5999 6000
f 5996 6001 5997
f 5997 6001 5998
f 6000 5993 5997
f 5997 5993 5992
f 6002 6003 5993
f 5993 6003 5990
f 5995 5994 5996
f 5996 5994 6004
f 5994 5982 6004
f 6004 5982 5981
f 5994 6005 5982
f 5982 6005 5983
f 5991 6006 5994
f 5994 6006 6005
f 6006 5991 6007
f 6007 5991 5990
f 5996 6004 6001
f 6001 6004 5989
f 5989 6004 5980
f 5980 6004 5981
f 6003 6008 5990
f 5990 6008 6007
f 6009 6006 6010
f 6010 6006 6007
f 6008 6011 6007
f 6007 6011 6010
f 6012 6009 6013
f 6013 6009 6010
f 6009 6012 6015
f 6015 6012 6014
f 6011 6016 6010
f 6010 6016 6013
f 6006 6009 6005
f 6005 6009 6015
f 6005 6015 5983
f 5983 6015 5984
f 6008 6003 6018
f 6018 6003 6017
f 6003 6002 6017
f 6017 6002 6019
f 5998 6001 6020
f 6020 6001 5989
f 5999 5998 6021
f 6021 5998 6020
f 5989 5988 6020
f 6020 5988 6022
f 6021 6020 6023
f 6023 6020 6022
f 6021 6024 5999
f 5999 6024 6025
f 6019 6025 6017
f 6017 6025 6024
f 5971 5984 5969
f 5969 5984 6026
f 5970 6027 5977
f 5977 6027 5987
f 6027 5970 6026
f 6026 5970 5969
f 6026 6014 6027
f 6027 6014 6028
f 6014 6012 6028
f 6028 6012 6029
f 6027 6028 5987
f 5987 6028 6030
f 6026 5984 6014
f 6014 5984 6015
f 6031 5986 6030
f 6030 5986 5987
f 6031 5988 5986
f 5986 5988 5985
f 6032 6022 6031
f 6031 6022 5988
f 6032 6031 6033
f 6033 6031 6030
f 6034 6032 6035
f 6035 6032 6033
f 6028 6029 6030
f 6030 6029 6033
f 6029 6036 6033
f 6033 6036 6035
f 6032 6034 6022
f 6022 6034 6023
f 6038 6023 6037
f 6037 6023 6034
f 6037 6040 6039
f 6039 6040 6041
f 6037 6034 6040
f 6040 6034 6035
f 6037 6039 6038
f 6038 6039 6018
f 6038 6018 6024
f 6024 6018 6017
f 6024 6021 6038
f 6038 6021 6023
f 6012 6013 6029
f 6029 6013 6036
f 6041 6036 6016
f 6016 6036 6013
f 6041 6040 6036
f 6036 6040 6035
f 6041 6016 6039
f 6039 6016 6011
f 6011 6008 6039
f 6039 6008 6018
f 5993 6000 6002
f 6002 6000 6019
f 6019 6000 6025
f 6025 6000 5999
f 5943 5756 5944
f 5944 5756 5755
f 6042 5948 5973
f 5973 5948 5947
f 5952 5951 5959
f 5959 5951 5960
f 5951 5953 5960
f 5960 5953 5958
f 5616 5957 5617
f 5617 5957 5956
f 6042 5952 5948
f 5948 5952 5959
f 5944 5755 5972
f 5972 5755 5754
f 5957 5616 5973
f 5973 5616 5652
f 5956 5955 5972
f 5972 5955 5961
f 5943 5953 5756
f 5756 5953 5709
f 6044 6045 6043
f 6043 6045 6046
f 6048 6049 6047
f 6047 6049 6050
f 6047 6050 6051
f 6051 6050 6052
f 6054 6055 6053
f 6053 6055 6056
f 6057 6058 6060
f 6060 6058 6059
f 6061 6062 6048
f 6048 6062 6049
f 6063 6064 6066
f 6066 6064 6065
f 6067 6068 6070
f 6070 6068 6069
f 6071 6069 5653
f 5653 6069 6068
f 6072 6073 6075
f 6075 6073 6074
f 6062 6076 6049
f 6049 6076 6054
f 6058 6067 6059
f 6059 6067 6070
f 6064 6077 6065
f 6065 6077 6045
f 6078 6076 6046
f 6046 6076 6062
f 6073 6080 6079
f 6079 6080 6052
f 6082 6083 6081
f 6081 6083 6084
f 6072 6085 6073
f 6073 6085 6080
f 6086 6051 6080
f 6080 6051 6052
f 6079 6052 6053
f 6053 6052 6050
f 6043 6087 6044
f 6044 6087 6088
f 6061 6089 6043
f 6043 6089 6087
f 6053 6056 6079
f 6079 6056 6090
f 6063 6072 6060
f 6060 6072 6075
f 6043 6046 6061
f 6061 6046 6062
f 6047 6091 6048
f 6048 6091 6092
f 6077 6078 6045
f 6045 6078 6046
f 6049 6054 6050
f 6050 6054 6053
f 6044 6088 6093
f 6093 6088 6094
f 6086 6082 6095
f 6095 6082 6081
f 6083 6082 6066
f 6066 6082 6085
f 6093 6094 6083
f 6083 6094 6084
f 6072 6063 6085
f 6085 6063 6066
f 6051 6086 6096
f 6096 6086 6095
f 6048 6092 6061
f 6061 6092 6089
f 5656 5655 6090
f 6090 5655 6074
f 6091 6047 6096
f 6096 6047 6051
f 6071 6055 6076
f 6076 6055 6054
f 6082 6086 6085
f 6085 6086 6080
f 6093 6083 6065
f 6065 6083 6066
f 6044 6093 6045
f 6045 6093 6065
f 6096 6095 6098
f 6098 6095 6097
f 6096 6098 6091
f 6091 6098 6099
f 6091 6099 6092
f 6092 6099 6100
f 6092 6100 6089
f 6089 6100 6101
f 6095 6081 6097
f 6097 6081 6102
f 6081 6084 6102
f 6102 6084 6103
f 6103 6084 6104
f 6104 6084 6094
f 6106 6097 6105
f 6105 6097 6102
f 6107 6108 6110
f 6110 6108 6109
f 6111 6112 6108
f 6108 6112 6109
f 6109 6112 6114
f 6114 6112 6113
f 6114 6115 6117
f 6117 6115 6116
f 6113 6118 6114
f 6114 6118 6115
f 6117 6110 6114
f 6114 6110 6109
f 6110 6119 6107
f 6107 6119 6120
f 6112 6111 6113
f 6113 6111 6121
f 6111 6099 6121
f 6121 6099 6098
f 6111 6122 6099
f 6099 6122 6100
f 6123 6122 6108
f 6108 6122 6111
f 6124 6123 6107
f 6107 6123 6108
f 6113 6121 6118
f 6118 6121 6106
f 6106 6121 6097
f 6097 6121 6098
f 6125 6124 6120
f 6120 6124 6107
f 6126 6123 6127
f 6127 6123 6124
f 6125 6128 6124
f 6124 6128 6127
f 6129 6126 6130
f 6130 6126 6127
f 6126 6129 6132
f 6132 6129 6131
f 6128 6133 6127
f 6127 6133 6130
f 6123 6126 6122
f 6122 6126 6132
f 6122 6132 6100
f 6100 6132 6101
f 6120 6134 6125
f 6125 6134 6135
f 6120 6119 6134
f 6134 6119 6136
f 6115 6118 6137
f 6137 6118 6106
f 6115 6137 6116
f 6116 6137 6138
f 6137 6106 6139
f 6139 6106 6105
f 6138 6137 6140
f 6140 6137 6139
f 6141 6142 6138
f 6138 6142 6116
f 6136 6142 6134
f 6134 6142 6141
f 6089 6101 6087
f 6087 6101 6143
f 6088 6144 6094
f 6094 6144 6104
f 6143 6144 6087
f 6087 6144 6088
f 6131 6145 6143
f 6143 6145 6144
f 6129 6146 6131
f 6131 6146 6145
f 6144 6145 6104
f 6104 6145 6147
f 6143 6101 6131
f 6131 6101 6132
f 6148 6103 6147
f 6147 6103 6104
f 6103 6148 6102
f 6102 6148 6105
f 6148 6149 6105
f 6105 6149 6139
f 6149 6148 6150
f 6150 6148 6147
f 6151 6149 6152
f 6152 6149 6150
f 6145 6146 6147
f 6147 6146 6150
f 6146 6153 6150
f 6150 6153 6152
f 6149 6151 6139
f 6139 6151 6140
f 6155 6140 6154
f 6154 6140 6151
f 6154 6157 6156
f 6156 6157 6158
f 6154 6151 6157
f 6157 6151 6152
f 6154 6156 6155
f 6155 6156 6135
f 6155 6135 6141
f 6141 6135 6134
f 6141 6138 6155
f 6155 6138 6140
f 6146 6129 6153
f 6153 6129 6130
f 6158 6153 6133
f 6133 6153 6130
f 6158 6157 6153
f 6153 6157 6152
f 6156 6158 6128
f 6128 6158 6133
f 6128 6125 6156
f 6156 6125 6135
f 6110 6117 6119
f 6119 6117 6136
f 6136 6117 6142
f 6142 6117 6116
f 6055 5615 6056
f 6056 5615 5752
f 6060 6059 6063
f 6063 6059 6064
f 6077 6070 6078
f 6078 6070 6069
f 6069 6071 6078
f 6078 6071 6076
f 6159 6057 6075
f 6075 6057 6060
f 6059 6070 6064
f 6064 6070 6077
f 6056 5752 6090
f 6090 5752 5656
f 6090 6074 6079
f 6079 6074 6073
f 6055 6071 5615
f 5615 6071 5653
f 5547 5471 6160
f 6160 5471 6161
f 5729 5577 6163
f 6163 5577 6162
f 5577 5576 6162
f 6162 5576 6164
f 5713 6165 5711
f 5711 6165 6166
f 5474 5729 6167
f 6167 5729 6163
f 5750 5547 6168
f 6168 5547 6160
f 5471 5474 6161
f 6161 5474 6167
f 6169 5712 6168
f 6168 5712 5750
f 5711 6166 5576
f 5576 6166 6164
f 6165 5713 6169
f 6169 5713 5712
f 6168 6170 6169
f 6169 6170 6171
f 6169 6171 6165
f 6165 6171 6172
f 6165 6172 6166
f 6166 6172 6173
f 6166 6173 6164
f 6164 6173 6174
f 6168 6160 6170
f 6170 6160 6175
f 6160 6161 6175
f 6175 6161 6176
f 6161 6167 6176
f 6176 6167 6177
f 6179 6170 6178
f 6178 6170 6175
f 6181 6182 6180
f 6180 6182 6183
f 6184 6185 6181
f 6181 6185 6182
f 6186 6187 6185
f 6185 6187 6182
f 6186 6188 6187
f 6187 6188 6189
f 6190 6183 6187
f 6187 6183 6182
f 6183 6190 6191
f 6191 6190 6192
f 6191 6193 6183
f 6183 6193 6180
f 6186 6185 6194
f 6194 6185 6184
f 6184 6172 6194
f 6194 6172 6171
f 6184 6195 6172
f 6172 6195 6173
f 6181 6196 6184
f 6184 6196 6195
f 6196 6181 6197
f 6197 6181 6180
f 6186 6194 6188
f 6188 6194 6179
f 6179 6194 6170
f 6170 6194 6171
f 6193 6198 6180
f 6180 6198 6197
f 6199 6196 6200
f 6200 6196 6197
f 6198 6201 6197
f 6197 6201 6200
f 6202 6199 6203
f 6203 6199 6200
f 6199 6202 6205
f 6205 6202 6204
f 6201 6206 6200
f 6200 6206 6203
f 6196 6199 6195
f 6195 6199 6205
f 6195 6205 6173
f 6173 6205 6174
f 6198 6193 6208
f 6208 6193 6207
f 6193 6191 6207
f 6207 6191 6192
f 6189 6188 6209
f 6209 6188 6179
f 6210 6189 6211
f 6211 6189 6209
f 6209 6179 6212
f 6212 6179 6178
f 6211 6209 6213
f 6213 6209 6212
f 6211 6214 6210
f 6210 6214 6215
f 6192 6215 6207
f 6207 6215 6214
f 6190 6187 6210
f 6210 6187 6189
f 6192 6190 6215
f 6215 6190 6210
f 6162 6164 6216
f 6216 6164 6174
f 6167 6163 6177
f 6177 6163 6217
f 6216 6217 6162
f 6162 6217 6163
f 6204 6218 6216
f 6216 6218 6217
f 6202 6219 6204
f 6204 6219 6218
f 6217 6218 6177
f 6177 6218 6220
f 6216 6174 6204
f 6204 6174 6205
f 6221 6176 6220
f 6220 6176 6177
f 6176 6221 6175
f 6175 6221 6178
f 6221 6222 6178
f 6178 6222 6212
f 6222 6221 6223
f 6223 6221 6220
f 6224 6222 6225
f 6225 6222 6223
f 6218 6219 6220
f 6220 6219 6223
f 6219 6226 6223
f 6223 6226 6225
f 6222 6224 6212
f 6212 6224 6213
f 6228 6213 6227
f 6227 6213 6224
f 6229 6227 6231
f 6231 6227 6230
f 6227 6224 6230
f 6230 6224 6225
f 6227 6229 6228
f 6228 6229 6208
f 6228 6208 6214
f 6214 6208 6207
f 6214 6211 6228
f 6228 6211 6213
f 6219 6202 6226
f 6226 6202 6203
f 6231 6226 6206
f 6206 6226 6203
f 6231 6230 6226
f 6226 6230 6225
f 6229 6231 6201
f 6201 6231 6206
f 6201 6198 6229
f 6229 6198 6208
f 5674 5672 5661
f 5661 5672 5662
f 5662 5672 5663
f 5663 5672 5646
f 5651 6042 5652
f 5652 6042 5973
f 5518 5517 5751
f 5751 5517 5733
f 5738 5660 5753
f 5753 5660 5637
f 5752 5636 5656
f 5656 5636 5526
f 5952 6042 5593
f 5593 6042 5651
f 5593 5651 5594
f 5594 5651 5650
f 5600 5737 5514
f 5514 5737 5515
f 5546 5545 5740
f 5740 5545 6232
f 6232 6058 5740
f 5740 6058 6057
f 6067 6058 6233
f 6233 6058 6232
f 6233 6232 6234
f 6234 6232 5545
f 6234 5545 6235
f 6235 5545 5544
f 5606 6236 5543
f 5543 6236 5544
f 6235 5544 5539
f 5539 5544 6236
f 6237 6235 5542
f 5542 6235 5539
f 6235 6237 6234
f 6234 6237 6238
f 6234 6238 6233
f 6233 6238 6239
f 5653 6068 5650
f 5650 6068 6239
f 5642 5513 6240
f 6240 5513 5516
f 5539 6236 5540
f 5540 6236 5606
f 5636 5614 5637
f 5637 5614 5753
f 6239 5737 5650
f 5650 5737 5594
f 6239 6068 6233
f 6233 6068 6067
f 6075 6074 6159
f 6159 6074 5655
f 6057 6159 5740
f 5740 6159 5655
f 5515 5737 6238
f 6238 5737 6239
f 6238 6237 5515
f 5515 6237 5516
f 5542 6240 6237
f 6237 6240 5516
f 6240 5542 5642
f 5642 5542 5541
f 5702 5699 5541
f 5541 5699 5642
f 5582 5475 5717
f 5470 5443 5537
f 5537 5443 5504
f 5469 5444 5470
f 5470 5444 5443
f 5726 5557 5727
f 5727 5557 5556
f 5537 5504 5511
f 5511 5504 5506
f 5504 5503 5506
f 5506 5503 5507
f 5503 5455 5507
f 5507 5455 5581
f 5455 5454 5581
f 5581 5454 5456
f 5473 5453 5474
f 5474 5453 5729
f 5457 5454 5473
f 5473 5454 5453
f 5473 5472 5457
f 5457 5472 5686
f 5472 5548 5686
f 5686 5548 5687
f 5749 5693 5548
f 5548 5693 5687
f 5715 5532 5749
f 5749 5532 5693
f 5714 5486 5715
f 5715 5486 5532
f 5714 5710 5486
f 5486 5710 5449
f 5728 5578 5729
f 5729 5578 5577
f 5452 5445 5698
f 5698 5445 5558
f 5445 5444 5558
f 5558 5444 5556
f 5444 5469 5556
f 5556 5469 5727
f 5469 5468 5727
f 5727 5468 5555
f 5468 5747 5555
f 5555 5747 5552
f 5747 5700 5552
f 5552 5700 5716
f 5700 5699 5716
f 5716 5699 5717
f 5699 5702 5717
f 5717 5702 5582
f 5702 5701 5582
f 5582 5701 5583
f 5726 5479 5557
f 5557 5479 5483
f 5483 5479 5484
f 5484 5479 5482
f 5534 5533 5482
f 5482 5533 5484
f 5691 5688 5534
f 5534 5688 5533
f 5644 5647 5691
f 5691 5647 5688
f 5719 5746 5701
f 5701 5746 5583
f 5718 5497 5719
f 5719 5497 5746
f 5718 5605 5654
f 5654 5605 5638
f 5498 5654 5657
f 5657 5654 5633
f 5497 5718 5498
f 5498 5718 5654
f 5657 5527 5498
f 5498 5527 5494
f 5528 5570 5495
f 5495 5570 5521
f 5665 5668 5528
f 5528 5668 5570
f 5664 5671 5665
f 5665 5671 5668
f 5645 5741 5664
f 5664 5741 5671
f 5644 5696 5645
f 5645 5696 5741
f 5710 5575 5449
f 5449 5575 5450
f 5575 5578 5450
f 5450 5578 5698
f 5578 5728 5698
f 5698 5728 5452
f 5452 5728 5451
f 5451 5728 5453
f 3619 6241 3620
f 3620 6241 6242
f 6243 6244 3628
f 3628 6244 3629
f 6245 6246 3634
f 3634 6246 3631
f 6247 6248 3636
f 3636 6248 3637
f 6249 6250 3642
f 3642 6250 3639
f 3639 6250 3643
f 3643 6250 6251
f 3743 6252 3744
f 3744 6252 6253
f 6246 6243 3631
f 3631 6243 3628
f 3753 6254 3754
f 3754 6254 6255
f 3857 6256 3619
f 3619 6256 6241
f 6257 6245 3932
f 3932 6245 3634
f 6242 6247 3620
f 3620 6247 3636
f 6258 6259 3946
f 3946 6259 3947
f 6260 6249 3948
f 3948 6249 3642
f 6244 6258 3629
f 3629 6258 3946
f 3947 6259 3753
f 3753 6259 6254
f 6248 6260 3637
f 3637 6260 3948
f 3643 6251 3743
f 3743 6251 6252
f 3744 6253 3932
f 3932 6253 6257
f 6250 6249 6251
f 6251 6249 6252
f 6245 6261 6246
f 6246 6261 6262
f 6263 6264 6247
f 6247 6264 6248
f 6252 6265 6253
f 6253 6265 6266
f 6246 6262 6243
f 6243 6262 6267
f 6268 6261 6257
f 6257 6261 6245
f 6269 6263 6242
f 6242 6263 6247
f 6270 6271 6260
f 6260 6271 6249
f 6264 6270 6248
f 6248 6270 6260
f 6253 6266 6257
f 6257 6266 6268
f 6249 6271 6252
f 6252 6271 6265
f 6254 6259 6272
f 6272 6259 6273
f 6266 6265 6270
f 6270 6265 6271
f 6268 6266 6264
f 6264 6266 6270
f 6261 6268 6263
f 6263 6268 6264
f 6269 6262 6263
f 6263 6262 6261
f 4186 4185 6274
f 6274 4185 6275
f 6241 6276 6242
f 6242 6276 6269
f 6258 6244 6277
f 6277 6244 6278
f 6256 6279 6241
f 6241 6279 6276
f 6259 6258 6273
f 6273 6258 6277
f 6243 6267 6244
f 6244 6267 6278
f 6276 6267 6269
f 6269 6267 6262
f 6254 6272 6255
f 6255 6272 6280
f 3865 3713 3888
f 3888 3713 3685
f 5242 5233 3892
f 3892 5233 3711
f 3900 5243 3892
f 3892 5243 5242
f 3734 3866 3900
f 3900 3866 5243
f 4117 6281 4118
f 4118 6281 6282
f 4118 6282 4278
f 4278 6282 4879
f 4717 4887 4718
f 4718 4887 4280
f 4792 4278 4882
f 4882 4278 4879
f 4795 4792 6283
f 6283 4792 4882
f 4852 4851 5012
f 5012 4851 6284
f 4856 5207 4857
f 4857 5207 4858
f 4860 4279 4857
f 4857 4279 4854
f 4718 4280 4860
f 4860 4280 4279
f 4864 4863 4745
f 4745 4863 4742
f 5366 4867 5011
f 5011 4867 4866
f 4871 4884 4872
f 4872 4884 4883
f 4872 4883 4117
f 4117 4883 6281
f 6284 4851 6283
f 6283 4851 4795
f 4852 4866 4853
f 4853 4866 4865
f 4871 4870 4856
f 4856 4870 5207
f 4717 4716 4864
f 4864 4716 4861
f 4868 4867 4862
f 4862 4867 4863
f 4268 4855 4269
f 4269 4855 4854
f 4281 4274 4282
f 4282 4274 4765
f 4744 4743 4907
f 4907 4743 4904
f 4874 4881 4820
f 4820 4881 4880
f 4885 5013 4886
f 4886 5013 4980
f 4888 4275 4281
f 4281 4275 4274
f 4902 6282 4903
f 4903 6282 6281
f 6283 4979 6284
f 6284 4979 4978
f 4282 4765 4269
f 4269 4765 4266
f 4880 4879 4902
f 4902 4879 6282
f 4903 6281 4886
f 4886 6281 4883
f 4882 4881 6283
f 6283 4881 4979
f 5013 4885 4267
f 4267 4885 4268
f 4888 4887 4744
f 4744 4887 4745
f 4410 6285 4411
f 4411 6285 4812
f 4750 4749 6286
f 6286 4749 6287
f 6289 4695 6288
f 6288 4695 4255
f 4750 4675 4751
f 4751 4675 4965
f 6290 6291 4963
f 4963 6291 4960
f 4807 4806 4411
f 4411 4806 4408
f 6292 6293 4959
f 4959 6293 4956
f 4958 6294 4959
f 4959 6294 4955
f 4962 4964 4963
f 4963 4964 4805
f 4962 4961 4751
f 4751 4961 4748
f 6296 6297 6295
f 6295 6297 6298
f 6299 6300 6288
f 6288 6300 4735
f 6302 4961 6301
f 6301 4961 4960
f 6304 6287 6303
f 6303 6287 4749
f 4968 6305 4969
f 4969 6305 6306
f 4413 6308 6307
f 6307 6308 4900
f 6301 4960 6309
f 6309 4960 6291
f 4412 4408 6310
f 6310 4408 4806
f 4696 6311 4256
f 4256 6311 6312
f 6303 4749 6313
f 6313 4749 4748
f 6313 4748 6302
f 6302 4748 4961
f 6315 6316 6314
f 6314 6316 6317
f 4084 6318 6315
f 6315 6318 6316
f 4083 6319 4084
f 4084 6319 6318
f 4112 6320 4083
f 4083 6320 6319
f 6322 4138 6321
f 6321 4138 4137
f 6324 4128 6323
f 6323 4128 4127
f 4127 4193 6323
f 6323 4193 6325
f 4193 4891 6325
f 6325 4891 6326
f 4891 6327 6326
f 6326 6327 6328
f 6327 4824 5227
f 5227 4824 5228
f 5231 4684 6329
f 6329 4684 4683
f 4683 4099 6329
f 6329 4099 6330
f 4099 4102 6330
f 6330 4102 6331
f 4174 4826 4429
f 4429 4826 4829
f 4173 4741 4174
f 4174 4741 4826
f 4180 4738 4173
f 4173 4738 4741
f 6332 6333 4180
f 4180 6333 4738
f 6274 6334 4186
f 4186 6334 4188
f 4181 4825 4180
f 4180 4825 6332
f 5044 5213 5045
f 5045 5213 5165
f 5046 5087 5047
f 5047 5087 5222
f 5077 5063 5078
f 5078 5063 5198
f 5081 5099 5082
f 5082 5099 5194
f 5095 5074 5096
f 5096 5074 5073
f 5373 5170 5096
f 5096 5170 5093
f 5375 5171 5373
f 5373 5171 5170
f 5047 5222 5375
f 5375 5222 5171
f 5046 5038 5376
f 5376 5038 5067
f 5377 5086 5376
f 5376 5086 5085
f 5045 5165 5377
f 5377 5165 5086
f 5378 5214 5044
f 5044 5214 5213
f 5077 5034 5378
f 5378 5034 5214
f 5082 5194 5078
f 5078 5194 5035
f 5081 5080 5379
f 5379 5080 6335
f 5379 6335 5095
f 5095 6335 5074
f 5032 5080 5033
f 5033 5080 5079
f 5040 5017 5041
f 5041 5017 5016
f 5050 5043 5051
f 5051 5043 5042
f 5065 5023 5066
f 5066 5023 5022
f 5050 5049 5065
f 5065 5049 5023
f 5041 5016 5068
f 5068 5016 5020
f 5071 5374 5072
f 5072 5374 5200
f 5075 5156 5076
f 5076 5156 5155
f 5162 5212 5068
f 5068 5212 5067
f 5075 5074 5192
f 5192 5074 6335
f 5066 5022 5199
f 5199 5022 5196
f 5076 5155 5072
f 5072 5155 5069
f 5040 5039 5071
f 5071 5039 5374
f 5162 5161 5051
f 5051 5161 5048
f 5192 6335 5032
f 5032 6335 5080
f 5199 5196 5033
f 5033 5196 5030
f 5018 5211 5019
f 5019 5211 5408
f 5019 5408 5021
f 5021 5408 5163
f 5024 5057 5025
f 5025 5057 5415
f 5028 5048 5029
f 5029 5048 5161
f 5054 5031 5055
f 5055 5031 5030
f 5024 5023 5058
f 5058 5023 5049
f 5061 5070 5062
f 5062 5070 5069
f 5157 5438 5158
f 5158 5438 5442
f 5160 5191 5054
f 5054 5191 5031
f 5029 5161 5021
f 5021 5161 5020
f 5025 5415 5197
f 5197 5415 5220
f 5158 5442 5062
f 5062 5442 5059
f 5018 5017 5061
f 5061 5017 5070
f 5160 5159 5157
f 5157 5159 5438
f 5028 5027 5058
f 5058 5027 5056
f 5055 5030 5197
f 5197 5030 5196
f 5409 5380 5410
f 5410 5380 6336
f 5026 5413 5027
f 5027 5413 5412
f 5396 5417 5393
f 5393 5417 5416
f 5416 5057 5419
f 5419 5057 5056
f 5417 5396 5426
f 5426 5396 5420
f 5427 5423 5428
f 5428 5423 5422
f 5427 5059 5430
f 5430 5059 5442
f 5409 5408 5433
f 5433 5408 5211
f 5433 5211 5428
f 5428 5211 5060
f 5412 5411 5419
f 5419 5411 5418
f 5436 5053 5437
f 5437 5053 5052
f 5439 5402 5440
f 5440 5402 5401
f 5436 5435 5439
f 5439 5435 5402
f 5410 6336 5413
f 5413 6336 5414
f 5440 5401 5430
f 5430 5401 5429
f 5426 5420 5437
f 5437 5420 5434
f 5382 5432 5383
f 5383 5432 5384
f 5386 6336 5383
f 5383 6336 5380
f 6336 5386 5414
f 5414 5386 5388
f 5391 5418 5392
f 5392 5418 5411
f 5705 5395 5704
f 5704 5395 5394
f 5399 5435 5400
f 5400 5435 5434
f 5403 5441 5404
f 5404 5441 5405
f 5407 5429 5404
f 5404 5429 5401
f 5395 5705 5421
f 5421 5705 5748
f 5424 5706 5425
f 5425 5706 5431
f 5391 5390 5394
f 5394 5390 5704
f 5392 5388 5389
f 5389 5388 5387
f 5382 5381 5425
f 5425 5381 5422
f 5407 5406 5424
f 5424 5406 5706
f 5403 5402 5399
f 5399 5402 5435
f 5421 5748 5400
f 5400 5748 5397
f 4097 4721 4098
f 4098 4721 4231
f 4233 5273 4098
f 4098 5273 4095
f 6337 6338 4785
f 4785 6338 4786
f 4076 4780 4073
f 4073 4780 4781
f 4782 4190 4781
f 4781 4190 4073
f 4783 4901 4782
f 4782 4901 4190
f 4780 4076 4097
f 4097 4076 4721
f 6337 2879 4701
f 4701 2879 2878
f 5280 6339 5272
f 5272 6339 6340
f 5282 5281 6341
f 6341 5281 6342
f 4109 6302 4110
f 4110 6302 6301
f 4283 6304 4284
f 4284 6304 6303
f 6305 4379 6306
f 6306 4379 4378
f 4110 6301 4428
f 4428 6301 6309
f 6310 4688 4412
f 4412 4688 4687
f 4284 6303 4753
f 4753 6303 6313
f 4753 6313 4109
f 4109 6313 6302
f 6343 5226 4428
f 4428 5226 4427
f 4147 4900 4416
f 4416 4900 6308
f 6312 6311 4241
f 4241 6311 4720
f 5223 6344 4702
f 4702 6344 4699
f 4221 4220 6345
f 6345 4220 6346
f 5276 5275 6347
f 6347 5275 6348
f 5275 4728 6348
f 6348 4728 6349
f 4727 6350 5284
f 5284 6350 5285
f 6351 6352 6354
f 6354 6352 6353
f 5313 5312 5292
f 5292 5312 5293
f 5312 5344 5293
f 5293 5344 5337
f 5344 4914 5337
f 5337 4914 4916
f 4914 4913 4916
f 4916 4913 4917
f 4913 6355 4917
f 4917 6355 4978
f 6356 6357 6284
f 6284 6357 5012
f 6357 6358 5012
f 5012 6358 5011
f 5011 6358 5366
f 5366 6358 6359
f 6360 4742 6359
f 6359 4742 5366
f 4743 6361 4904
f 4904 6361 5364
f 5363 4905 5364
f 5364 4905 4904
f 5363 6362 4905
f 4905 6362 4207
f 6362 6363 4207
f 4207 6363 4208
f 6363 5342 4208
f 4208 5342 5330
f 5342 5341 5330
f 5330 5341 4244
f 5341 6364 4244
f 4244 6364 4245
f 6364 6365 4245
f 4245 6365 4246
f 6366 6367 4253
f 4253 6367 4250
f 4214 6368 4211
f 4211 6368 4380
f 4380 4379 4211
f 4211 4379 4283
f 4379 6305 4283
f 4283 6305 6304
f 6305 4968 6304
f 6304 4968 6287
f 4968 4967 6287
f 6287 4967 6286
f 4967 6297 6286
f 6286 6297 4676
f 6296 4376 4288
f 4288 4376 4285
f 4376 4373 4285
f 4285 4373 4290
f 6369 6370 6372
f 6372 6370 6371
f 5245 6373 5246
f 5246 6373 6374
f 4317 6375 4318
f 4318 6375 6376
f 4331 6377 4332
f 4332 6377 6378
f 6379 4333 6376
f 6376 4333 4318
f 4343 6380 4344
f 4344 6380 6381
f 4347 6382 4348
f 4348 6382 6383
f 4374 6371 4331
f 4331 6371 6377
f 4333 6379 4426
f 4426 6379 6384
f 4690 6385 4347
f 4347 6385 6382
f 4332 6378 4317
f 4317 6378 6375
f 4922 6386 4923
f 4923 6386 6387
f 6388 6389 4375
f 4375 6389 6390
f 6355 6356 4978
f 4978 6356 6284
f 4742 6360 4743
f 4743 6360 6361
f 6391 4238 6392
f 6392 4238 4719
f 6392 4719 6393
f 6393 4719 5296
f 6395 6396 6394
f 6394 6396 6397
f 6399 6400 6398
f 6398 6400 6401
f 6402 5302 6403
f 6403 5302 5303
f 5303 5321 6403
f 6403 5321 6404
f 5320 6405 5321
f 5321 6405 6404
f 5319 6406 5350
f 5350 6406 5351
f 5319 5318 6406
f 6406 5318 6407
f 5288 4197 6408
f 6408 4197 6409
f 4217 4216 6410
f 6410 4216 6411
f 5227 6412 6327
f 6327 6412 6328
f 4892 6413 5227
f 5227 6413 6412
f 4228 6414 4892
f 4892 6414 6413
f 4227 6415 4228
f 4228 6415 6414
f 4248 6416 4227
f 4227 6416 6415
f 4247 6417 4248
f 4248 6417 6416
f 6417 4247 6419
f 6419 4247 6418
f 6419 6418 6421
f 6421 6418 6420
f 6422 5301 6423
f 6423 5301 5300
f 6423 5300 6424
f 6424 5300 6399
f 6408 6409 6398
f 6398 6409 6425
f 6426 6427 6397
f 6397 6427 6394
f 6428 4224 6429
f 6429 4224 4223
f 6347 6346 5276
f 5276 6346 4220
f 6346 6347 6341
f 6341 6347 6339
f 5280 5278 5282
f 5282 5278 4236
f 4896 5224 4684
f 4684 5224 4681
f 4132 4135 4896
f 4896 4135 5224
f 4131 4136 4132
f 4132 4136 4135
f 4226 4754 4131
f 4131 4754 4136
f 4251 4213 4226
f 4226 4213 4754
f 4250 4214 4251
f 4251 4214 4213
f 4250 6367 4214
f 4214 6367 6368
f 6367 4910 6368
f 6368 4910 4737
f 4909 5297 4736
f 4736 5297 5296
f 5297 6395 5296
f 5296 6395 6393
f 6427 6430 6394
f 6394 6430 6431
f 6429 4383 6428
f 6428 4383 4382
f 4219 5277 4220
f 4220 5277 5276
f 4222 4697 4383
f 4383 4697 4218
f 6345 4699 4221
f 4221 4699 6344
f 6342 4700 6345
f 6345 4700 4699
f 4235 4786 5281
f 5281 4786 6338
f 4234 4787 4235
f 4235 4787 4786
f 5279 5278 6432
f 6432 5278 5271
f 4237 5279 6433
f 6433 5279 6432
f 4787 4234 6433
f 6433 4234 4237
f 6435 6436 6434
f 6434 6436 6437
f 6359 6438 6360
f 6360 6438 6437
f 6439 6440 6441
f 6441 6440 6438
f 6443 6439 6442
f 6442 6439 6441
f 6357 6356 6442
f 6442 6356 6444
f 6444 6446 6445
f 6445 6446 6447
f 4912 6446 4913
f 4913 6446 6355
f 6361 6436 5364
f 5364 6436 5365
f 5319 5350 5316
f 5316 5350 6448
f 4832 6449 5350
f 5350 6449 6448
f 4831 6450 4832
f 4832 6450 6449
f 5354 6451 5320
f 5320 6451 6405
f 4265 6452 5354
f 5354 6452 6451
f 4264 6453 4265
f 4265 6453 6452
f 6450 4831 6447
f 6447 4831 6445
f 4263 6435 4264
f 4264 6435 6434
f 6454 6453 6439
f 6439 6453 6440
f 6439 6443 6454
f 6454 6443 4834
f 4833 6455 4834
f 4834 6455 6454
f 5351 6456 4833
f 4833 6456 6455
f 6457 6391 6458
f 6458 6391 6392
f 6458 6392 6431
f 6431 6392 6393
f 5298 6396 5297
f 5297 6396 6395
f 6402 6400 5302
f 5302 6400 5299
f 6402 6403 6459
f 6459 6403 6460
f 6460 6403 6461
f 6461 6403 6404
f 6405 6462 6404
f 6404 6462 6461
f 6406 6462 5351
f 5351 6462 6456
f 6406 6407 6462
f 6462 6407 6461
f 6407 6463 6461
f 6461 6463 6460
f 6463 6464 6460
f 6460 6464 6459
f 6464 6465 6459
f 6459 6465 6401
f 6430 6466 6431
f 6431 6466 6458
f 6466 6410 6458
f 6458 6410 6457
f 6410 6411 6457
f 6457 6411 6467
f 6396 6424 6397
f 6397 6424 6425
f 6393 6395 6431
f 6431 6395 6394
f 6451 6456 6405
f 6405 6456 6462
f 6452 6455 6451
f 6451 6455 6456
f 6453 6454 6452
f 6452 6454 6455
f 6443 6445 4834
f 4834 6445 4831
f 6440 6453 6434
f 6434 6453 4264
f 6468 5306 5360
f 5360 5306 5305
f 6469 4124 6468
f 6468 4124 5306
f 6470 4125 6469
f 6469 4125 4124
f 6471 5291 6470
f 6470 5291 4125
f 6353 5292 6471
f 6471 5292 5291
f 5292 6353 5313
f 5313 6353 6352
f 5347 5314 6352
f 6352 5314 5313
f 5353 5318 5346
f 5346 5318 5317
f 5334 6468 5358
f 5358 6468 5360
f 5324 6469 5334
f 5334 6469 6468
f 5323 6470 5324
f 5324 6470 6469
f 5343 6471 5323
f 5323 6471 6470
f 6354 6353 5343
f 5343 6353 6471
f 6348 6349 4270
f 4270 6349 5311
f 5272 6340 5273
f 5273 6340 4272
f 6432 5271 4232
f 4232 5271 4233
f 4294 6432 4295
f 4295 6432 4232
f 6432 4294 6433
f 6433 4294 4301
f 4301 4300 6433
f 6433 4300 4787
f 4704 4784 4300
f 4300 4784 4787
f 4704 3013 4784
f 4784 3013 1307
f 5103 6472 5104
f 5104 6472 5202
f 5108 5116 5105
f 5105 5116 5115
f 5111 5124 5112
f 5112 5124 5123
f 5154 5205 5105
f 5105 5205 5106
f 5167 5180 5168
f 5168 5180 5185
f 5175 5188 5176
f 5176 5188 5187
f 5112 5123 5178
f 5178 5123 5120
f 5167 5090 5183
f 5183 5090 5089
f 5210 5151 5183
f 5183 5151 5181
f 5216 5138 5217
f 5217 5138 5137
f 5218 5119 5219
f 5219 5119 5221
f 5218 5178 5119
f 5119 5178 5120
f 5217 5137 5104
f 5104 5137 5101
f 5116 5108 5221
f 5221 5108 5219
f 5111 5110 5210
f 5210 5110 5151
f 5154 5153 5103
f 5103 5153 6472
f 5216 5215 5176
f 5176 5215 5173
f 5175 5174 5168
f 5168 5174 5166
f 5091 5172 5092
f 5092 5172 5208
f 5117 5037 5118
f 5118 5037 5036
f 5121 5164 5122
f 5122 5164 5133
f 5125 5084 5126
f 5126 5084 5083
f 5129 5174 5130
f 5130 5174 5173
f 5131 5202 5132
f 5132 5202 6472
f 5135 5221 5122
f 5122 5221 5119
f 5125 5124 5136
f 5136 5124 5209
f 5126 5083 5121
f 5121 5083 5164
f 5118 5036 5195
f 5195 5036 5193
f 5131 5097 5203
f 5203 5097 5114
f 5132 6472 5195
f 5195 6472 5153
f 5136 5209 5092
f 5092 5209 5089
f 5135 5134 5117
f 5117 5134 5037
f 5362 5206 5130
f 5130 5206 5127
f 5372 5371 5128
f 5128 5371 5129
f 5371 5372 5091
f 5091 5372 5172
f 5362 5215 5203
f 5203 5215 5201
f 6463 6407 5353
f 5353 6407 5318
f 6464 6463 5352
f 5352 6463 5353
f 6408 6465 5288
f 5288 6465 5289
f 4196 4224 6426
f 6426 4224 6427
f 6430 6427 6428
f 6428 6427 4224
f 6466 6430 4382
f 4382 6430 6428
f 6410 6466 4217
f 4217 6466 4382
f 4240 4239 3015
f 3015 4239 3016
f 4254 4257 3017
f 3017 4257 3018
f 6473 6474 4732
f 4732 6474 6475
f 6474 6374 6475
f 6475 6374 6373
f 5246 6374 3022
f 3022 6374 3023
f 4254 6299 4255
f 4255 6299 6288
f 6473 6300 3024
f 3024 6300 3025
f 6476 4257 6312
f 6312 4257 4256
f 4240 6476 4241
f 4241 6476 6312
f 6477 4239 6391
f 6391 4239 4238
f 6467 6477 6457
f 6457 6477 6391
f 6411 3029 6467
f 6467 3029 3028
f 4216 3030 6411
f 6411 3030 3029
f 6479 6480 6478
f 6478 6480 6481
f 6483 6484 6482
f 6482 6484 6485
f 6486 6487 4102
f 4102 6487 6331
f 6483 6488 6478
f 6478 6488 6489
f 4429 4829 6490
f 6490 4829 6479
f 6491 6486 4101
f 4101 6486 4102
f 4895 6491 4899
f 4899 6491 4101
f 4160 6488 4157
f 4157 6488 6492
f 6489 4087 6490
f 6490 4087 4090
f 4267 4261 5013
f 5013 4261 4260
f 4258 4261 5328
f 5328 4261 4975
f 4261 4267 4975
f 4975 4267 4266
f 5367 3793 3912
f 3912 3793 3575
f 6494 3616 6493
f 6493 3616 3795
f 6496 3589 6495
f 6495 3589 3588
f 6495 3588 5368
f 5368 3588 3794
f 3841 3840 3050
f 3050 3840 3051
f 3912 3911 3052
f 3052 3911 3053
f 3929 3930 3054
f 3054 3930 3055
f 5370 3930 3916
f 3916 3930 3923
f 3938 5369 3807
f 3807 5369 3915
f 3589 6496 3806
f 3806 6496 3937
f 3938 3937 3056
f 3056 3937 3057
f 3051 3840 3058
f 3058 3840 3943
f 3730 4808 3727
f 3727 4808 3943
f 3820 3951 3795
f 3795 3951 6493
f 3951 3841 3059
f 3059 3841 3050
f 3911 3574 6494
f 6494 3574 3616
f 3823 3929 3824
f 3824 3929 3952
f 4061 4060 3060
f 3060 4060 3061
f 6497 6498 4901
f 4901 6498 4790
f 6333 6499 4738
f 4738 6499 4739
f 6500 6501 6314
f 6314 6501 4418
f 6502 6275 4417
f 4417 6275 4185
f 6503 6497 4783
f 4783 6497 4901
f 6498 4060 4790
f 4790 4060 4059
f 4808 4061 3069
f 3069 4061 3060
f 5367 3071 5368
f 5368 3071 3070
f 5369 3073 5370
f 5370 3073 3072
f 6274 6275 3074
f 3074 6275 3075
f 6499 6504 4739
f 4739 6504 6317
f 6333 6332 3077
f 3077 6332 3078
f 6334 6274 3079
f 3079 6274 3074
f 6332 4825 3078
f 3078 4825 3080
f 6334 6503 4188
f 4188 6503 4783
f 4825 4689 3080
f 3080 4689 1330
f 6506 4747 6505
f 6505 4747 4746
f 6505 6507 6506
f 6506 6507 6508
f 4297 6509 4920
f 4920 6509 6510
f 4296 6511 4297
f 4297 6511 6509
f 6506 6508 4319
f 4319 6508 6512
f 4372 4371 6514
f 6514 4371 6513
f 6511 4296 5251
f 5251 4296 4305
f 5251 5250 6511
f 6511 5250 6515
f 6516 6509 6515
f 6515 6509 6511
f 6517 6507 6519
f 6519 6507 6518
f 6512 6520 6513
f 6513 6520 6514
f 6507 6517 6508
f 6508 6517 6521
f 5249 6523 6522
f 6522 6523 6524
f 6525 6370 5253
f 5253 6370 6526
f 4370 4323 4371
f 4371 4323 4326
f 4370 3103 4323
f 4323 3103 1541
f 6521 6517 6527
f 6527 6517 6519
f 6520 6528 6514
f 6514 6528 6529
f 6531 6532 6530
f 6530 6532 6533
f 5250 6534 6515
f 6515 6534 6535
f 6530 6533 6536
f 6536 6533 6537
f 6526 6538 6534
f 6534 6538 6537
f 6515 6535 6516
f 6516 6535 6539
f 4325 4321 4326
f 4326 4321 4320
f 4371 4326 6513
f 6513 4326 4320
f 6531 4731 6541
f 6541 4731 6540
f 4731 4730 6540
f 6540 4730 6542
f 4730 3121 6542
f 6542 3121 3120
f 6530 4328 6531
f 6531 4328 4731
f 4328 6530 4329
f 4329 6530 6536
f 4329 6536 6524
f 6524 6536 6543
f 6544 6545 6522
f 6522 6545 5248
f 6389 6388 5245
f 5245 6388 6373
f 6388 6546 6373
f 6373 6546 6475
f 4733 6546 6295
f 6295 6546 4377
f 4732 6475 4733
f 4733 6475 6546
f 4393 4432 4394
f 4394 4432 4435
f 4434 4672 4842
f 4842 4672 4671
f 4440 4439 4441
f 4441 4439 4438
f 4436 4450 4437
f 4437 4450 4398
f 4447 4444 4448
f 4448 4444 4392
f 4446 4464 4433
f 4433 4464 6547
f 4454 4423 4455
f 4455 4423 4422
f 4452 4481 4453
f 4453 4481 4480
f 4458 4389 4459
f 4459 4389 4388
f 4456 4471 4457
f 4457 4471 4468
f 4391 4460 4392
f 4392 4460 4448
f 4461 4467 4445
f 4445 4467 4465
f 4437 4398 4629
f 4629 4398 4397
f 4438 4628 4441
f 4441 4628 4631
f 4841 4629 4839
f 4839 4629 4397
f 4628 4842 4631
f 4631 4842 4671
f 4930 4989 4452
f 4452 4989 4481
f 4929 4927 4436
f 4436 4927 4450
f 4933 4387 4934
f 4934 4387 4386
f 4931 4475 4932
f 4932 4475 4474
f 4936 4449 4933
f 4933 4449 4387
f 4935 4472 4456
f 4456 4472 4471
f 4389 4458 4391
f 4391 4458 4460
f 4457 4468 4461
f 4461 4468 4467
f 4934 4386 4454
f 4454 4386 4423
f 4453 4480 4931
f 4931 4480 4475
f 4575 4997 4576
f 4576 4997 4639
f 4579 4596 4580
f 4580 4596 4595
f 4583 4582 4572
f 4572 4582 4569
f 4587 4944 4588
f 4588 4944 4562
f 4588 4562 4590
f 4590 4562 4561
f 4576 4639 4642
f 4642 4639 4638
f 4642 4845 4641
f 4641 4845 4846
f 4845 4590 4846
f 4846 4590 4561
f 4941 4938 4595
f 4595 4938 4580
f 4938 4940 4668
f 4668 4940 4669
f 4583 4942 4584
f 4584 4942 4947
f 4582 4587 4569
f 4569 4587 4586
f 5000 5001 4579
f 4579 5001 4596
f 4558 4560 4585
f 4585 4560 4586
f 4565 4639 4566
f 4566 4639 4997
f 4568 4567 4577
f 4577 4567 4578
f 4570 4554 4571
f 4571 4554 4556
f 4640 4565 4637
f 4637 4565 4546
f 4662 4664 4665
f 4665 4664 4844
f 4662 4558 4589
f 4589 4558 4585
f 4554 4570 4557
f 4557 4570 4560
f 4571 4667 4572
f 4572 4667 4943
f 4551 4670 4552
f 4552 4670 4666
f 4640 4664 4638
f 4638 4664 4663
f 4670 4568 4668
f 4668 4568 4577
f 4999 4996 4566
f 4566 4996 4543
f 4608 4564 4603
f 4603 4564 4563
f 4573 4593 4574
f 4574 4593 4592
f 4597 4614 4598
f 4598 4614 4613
f 4601 4600 4584
f 4584 4600 4581
f 4563 4562 4604
f 4604 4562 4944
f 4643 4593 4641
f 4641 4593 4573
f 4643 4847 4644
f 4644 4847 4848
f 4564 4847 4561
f 4561 4847 4846
f 4945 4941 4598
f 4598 4941 4595
f 4941 4945 4939
f 4939 4945 4946
f 4601 4948 4602
f 4602 4948 4620
f 4600 4604 4581
f 4581 4604 4944
f 5002 5003 4597
f 4597 5003 4614
f 4988 4759 4953
f 4953 4759 4402
f 4706 6548 4707
f 4707 6548 6549
f 4311 4928 4419
f 4419 4928 6550
f 4921 4920 6551
f 6551 4920 6552
f 4925 6553 4926
f 4926 6553 6554
f 4928 4921 4802
f 4802 4921 6551
f 6555 4985 6550
f 6550 4985 4419
f 4952 6556 4953
f 4953 6556 4649
f 4971 6557 4706
f 4706 6557 6548
f 4988 4648 4925
f 4925 4648 6553
f 4707 6549 5006
f 5006 6549 4987
f 4920 6510 6552
f 6552 6510 6518
f 6558 6510 6516
f 6516 6510 6509
f 6559 6558 6539
f 6539 6558 6516
f 6531 6541 6532
f 6532 6541 6560
f 6540 6561 6541
f 6541 6561 6529
f 6542 6562 6540
f 6540 6562 6561
f 6542 3120 6562
f 6562 3120 3142
f 4366 6563 4760
f 4760 6563 4970
f 4815 6564 4816
f 4816 6564 6565
f 3147 3146 6565
f 6565 3146 4816
f 6564 6563 6565
f 6565 6563 6566
f 4837 4385 4357
f 4357 4385 4358
f 6565 6566 3147
f 3147 6566 3149
f 4694 1209 3150
f 5247 5249 5248
f 5248 5249 6522
f 6372 6390 6545
f 6545 6390 6389
f 6375 5254 6376
f 6376 5254 5258
f 6377 6525 6378
f 6378 6525 5255
f 5260 6379 5258
f 5258 6379 6376
f 6380 6567 6381
f 6381 6567 6568
f 6382 6569 6383
f 6383 6569 6570
f 6377 6371 6525
f 6525 6371 6370
f 6379 5260 6384
f 6384 5260 6571
f 6385 6572 6382
f 6382 6572 6569
f 6378 5255 6375
f 6375 5255 5254
f 6386 6573 6387
f 6387 6573 6574
f 6545 6389 5248
f 5248 6389 5245
f 4675 4750 4676
f 4676 4750 6286
f 4734 6289 4735
f 4735 6289 6288
f 4804 6290 4805
f 4805 6290 4963
f 4811 4807 4812
f 4812 4807 4411
f 4954 6292 4955
f 4955 6292 4959
f 4964 4962 4965
f 4965 4962 4751
f 6285 4821 4812
f 4812 4821 4809
f 4675 4287 4965
f 4965 4287 4210
f 6294 4145 4955
f 4955 4145 4154
f 4964 4120 4805
f 4805 4120 4119
f 6298 4966 4734
f 4734 4966 6289
f 6300 6473 4735
f 4735 6473 4732
f 6297 6296 4676
f 4676 6296 4288
f 6523 3160 4330
f 4330 3160 3159
f 5253 5252 6525
f 6525 5252 5255
f 5256 5252 4305
f 4305 5252 5251
f 4304 5257 4305
f 4305 5257 5256
f 4424 5259 4304
f 4304 5259 5257
f 5261 6571 5259
f 5259 6571 5260
f 5262 6573 5261
f 5261 6573 6571
f 5264 6567 5265
f 5265 6567 6574
f 5266 6572 5267
f 5267 6572 6568
f 5268 6570 5269
f 5269 6570 6569
f 1807 3161 5268
f 5268 3161 6570
f 6524 6523 4329
f 4329 6523 4330
f 5253 6526 5250
f 5250 6526 6534
f 6543 6538 6544
f 6544 6538 6369
f 6524 6543 6522
f 6522 6543 6544
f 3071 5367 3052
f 3052 5367 3912
f 6493 3163 6494
f 6494 3163 3162
f 3164 445 3771
f 3771 445 3761
f 461 3165 3919
f 3919 3165 3920
f 330 410 3839
f 3839 410 3910
f 332 331 3552
f 3552 331 3551
f 464 304 3918
f 3918 304 3816
f 385 458 3766
f 3766 458 3894
f 412 415 3762
f 3762 415 3763
f 3166 337 3748
f 3748 337 3745
f 3072 3055 5370
f 5370 3055 3930
f 3073 5369 3056
f 3056 5369 3938
f 3167 3057 6496
f 6496 3057 3937
f 3069 3058 4808
f 4808 3058 3943
f 411 3166 3851
f 3851 3166 3748
f 3059 3163 3951
f 3951 3163 6493
f 336 3164 3772
f 3772 3164 3771
f 3053 3911 3162
f 3162 3911 6494
f 3054 3168 3929
f 3929 3168 3952
f 3165 830 3920
f 3920 830 3945
f 3170 3169 6497
f 6497 3169 6498
f 3171 1354 5005
f 5005 1354 4830
f 3172 3170 6503
f 6503 3170 6497
f 3169 3061 6498
f 6498 3061 4060
f 3173 3171 5006
f 5006 3171 5005
f 3079 3172 6334
f 6334 3172 6503
f 3174 3025 6299
f 6299 3025 6300
f 6576 6577 6575
f 6575 6577 6578
f 4612 4611 6579
f 6579 4611 6580
f 6582 6583 6581
f 6581 6583 6584
f 6584 6585 4618
f 4618 6585 4621
f 6586 6587 6589
f 6589 6587 6588
f 6588 6587 6590
f 6590 6587 6591
f 6592 4606 6590
f 6590 4606 4623
f 6594 6576 6593
f 6593 6576 6575
f 6595 6582 6579
f 6579 6582 6581
f 6580 6597 6596
f 6596 6597 6598
f 6577 6576 6599
f 6599 6576 6600
f 6595 6596 6601
f 6601 6596 6602
f 6583 6582 6603
f 6603 6582 6604
f 6586 6606 6605
f 6605 6606 6607
f 6587 6586 6608
f 6608 6586 6605
f 6587 6608 6591
f 6591 6608 6609
f 6576 6594 6600
f 6600 6594 6610
f 6582 6595 6604
f 6604 6595 6601
f 6599 6611 6577
f 6577 6611 6598
f 6613 6614 6612
f 6612 6614 6615
f 6617 6618 6616
f 6616 6618 6619
f 6621 6622 6620
f 6620 6622 6623
f 6625 6626 6624
f 6624 6626 6627
f 6629 6630 6628
f 6628 6630 6631
f 6633 6634 6632
f 6632 6634 6635
f 6637 6638 6636
f 6636 6638 6639
f 6640 6641 6637
f 6637 6641 6638
f 6643 6633 6642
f 6642 6633 6632
f 6645 6646 6644
f 6644 6646 6647
f 6646 6648 6647
f 6647 6648 6649
f 6651 6652 6650
f 6650 6652 6653
f 6653 6652 6654
f 6654 6652 6655
f 6656 6657 6659
f 6659 6657 6658
f 6661 6662 6660
f 6660 6662 6663
f 6662 6661 6664
f 6664 6661 6665
f 6667 6657 6666
f 6666 6657 6656
f 6669 6670 6668
f 6668 6670 6671
f 6672 6673 6670
f 6670 6673 6671
f 6674 6675 6677
f 6677 6675 6676
f 6675 6678 6676
f 6676 6678 6679
f 6681 6682 6680
f 6680 6682 6683
f 6684 6685 6683
f 6683 6685 6680
f 6687 6688 6686
f 6686 6688 6689
f 6687 6690 6688
f 6688 6690 6691
f 6619 6618 6633
f 6633 6618 6634
f 6632 6635 6693
f 6693 6635 6692
f 6617 6694 6636
f 6636 6694 6637
f 6695 6692 6639
f 6639 6692 6635
f 6637 6694 6640
f 6640 6694 6696
f 6698 6638 6697
f 6697 6638 6641
f 6643 6616 6633
f 6633 6616 6619
f 6642 6699 6641
f 6641 6699 6697
f 6646 6645 6700
f 6700 6645 6621
f 6644 6701 6654
f 6654 6701 6702
f 6700 6703 6646
f 6646 6703 6648
f 6693 6704 6649
f 6649 6704 6647
f 6620 6623 6651
f 6651 6623 6652
f 6693 6649 6699
f 6699 6649 6650
f 6652 6623 6655
f 6655 6623 6622
f 6654 6702 6653
f 6653 6702 6697
f 6615 6614 6657
f 6657 6614 6658
f 6705 6656 6704
f 6704 6656 6659
f 6613 6706 6660
f 6660 6706 6661
f 6704 6659 6701
f 6701 6659 6663
f 6661 6706 6665
f 6665 6706 6707
f 6708 6702 6664
f 6664 6702 6662
f 6612 6615 6667
f 6667 6615 6657
f 6666 6709 6664
f 6664 6709 6708
f 6629 6710 6669
f 6669 6710 6670
f 6668 6711 6679
f 6679 6711 6712
f 6713 6672 6710
f 6710 6672 6670
f 6714 6671 6705
f 6705 6671 6673
f 6628 6631 6674
f 6674 6631 6675
f 6705 6673 6709
f 6709 6673 6677
f 6631 6630 6675
f 6675 6630 6678
f 6712 6708 6679
f 6679 6708 6676
f 6625 6715 6682
f 6682 6715 6683
f 6716 6717 6681
f 6681 6717 6691
f 6718 6684 6715
f 6715 6684 6683
f 6719 6680 6714
f 6714 6680 6685
f 6624 6627 6686
f 6686 6627 6687
f 6689 6711 6685
f 6685 6711 6714
f 6627 6626 6687
f 6687 6626 6690
f 6717 6712 6691
f 6691 6712 6688
f 6612 6707 6613
f 6613 6707 6706
f 6616 6696 6617
f 6617 6696 6694
f 6703 6700 6620
f 6620 6700 6621
f 6715 6625 6718
f 6718 6625 6624
f 6710 6629 6713
f 6713 6629 6628
f 6639 6635 6636
f 6636 6635 6634
f 6641 6640 6642
f 6642 6640 6643
f 6654 6655 6644
f 6644 6655 6645
f 6651 6650 6648
f 6648 6650 6649
f 6659 6658 6663
f 6663 6658 6660
f 6665 6667 6664
f 6664 6667 6666
f 6678 6669 6679
f 6679 6669 6668
f 6673 6672 6677
f 6677 6672 6674
f 6690 6682 6691
f 6691 6682 6681
f 6685 6684 6689
f 6689 6684 6686
f 6636 6634 6617
f 6617 6634 6618
f 6638 6698 6639
f 6639 6698 6695
f 6640 6696 6643
f 6643 6696 6616
f 6693 6699 6632
f 6632 6699 6642
f 6655 6622 6645
f 6645 6622 6621
f 6704 6701 6647
f 6647 6701 6644
f 6651 6648 6620
f 6620 6648 6703
f 6650 6653 6699
f 6699 6653 6697
f 6613 6660 6614
f 6614 6660 6658
f 6663 6662 6701
f 6701 6662 6702
f 6665 6707 6667
f 6667 6707 6612
f 6705 6709 6656
f 6656 6709 6666
f 6630 6629 6678
f 6678 6629 6669
f 6714 6711 6671
f 6671 6711 6668
f 6672 6713 6674
f 6674 6713 6628
f 6677 6676 6709
f 6709 6676 6708
f 6626 6625 6690
f 6690 6625 6682
f 6680 6719 6681
f 6681 6719 6716
f 6684 6718 6686
f 6686 6718 6624
f 6711 6689 6712
f 6689 6688 6712
f 6593 6720 6594
f 6594 6720 6721
f 6722 6720 4607
f 4607 6720 4849
f 6592 6723 6722
f 6722 6723 6724
f 4610 4609 6578
f 6578 4609 6575
f 6596 6595 6580
f 6580 6595 6579
f 4618 4617 6584
f 6584 4617 6581
f 6589 6585 6586
f 6586 6585 6606
f 4622 4619 6588
f 6588 4619 6589
f 4622 6588 4623
f 4623 6588 6590
f 4609 4645 6575
f 6575 4645 6593
f 4617 4612 6581
f 6581 4612 6579
f 5004 4610 6597
f 6597 4610 6578
f 4645 4849 6593
f 6593 4849 6720
f 6724 6721 6722
f 6722 6721 6720
f 6722 4607 6592
f 6592 4607 4606
f 6725 6610 6721
f 6721 6610 6594
f 6723 6726 6724
f 6724 6726 6727
f 6727 6725 6724
f 6724 6725 6721
f 6728 6729 6605
f 6605 6729 6608
f 6605 6607 6728
f 6728 6607 6730
f 6731 6732 6604
f 6604 6732 6603
f 6733 6734 6725
f 6725 6734 6610
f 6735 6733 6727
f 6727 6733 6725
f 6735 6727 6736
f 6736 6727 6726
f 6591 6609 6723
f 6723 6609 6726
f 6723 6592 6591
f 6591 6592 6590
f 6738 6739 6737
f 6737 6739 6740
f 6740 6739 6742
f 6742 6739 6741
f 6743 6744 6741
f 6741 6744 6742
f 6745 6746 6743
f 6743 6746 6744
f 6747 6748 6745
f 6745 6748 6746
f 6749 6750 6747
f 6747 6750 6748
f 6752 6738 6751
f 6751 6738 6737
f 6754 6752 6753
f 6753 6752 6751
f 6756 6754 6755
f 6755 6754 6753
f 6758 6750 6757
f 6757 6750 6749
f 6760 6756 6759
f 6759 6756 6755
f 6762 6760 6761
f 6761 6760 6759
f 6764 6762 6763
f 6763 6762 6761
f 6757 6764 6758
f 6758 6764 6763
f 6766 6741 6765
f 6765 6741 6739
f 6767 6743 6766
f 6766 6743 6741
f 6768 6745 6767
f 6767 6745 6743
f 6769 6747 6768
f 6768 6747 6745
f 6770 6749 6769
f 6769 6749 6747
f 6772 6769 6771
f 6771 6769 6768
f 6773 6770 6772
f 6772 6770 6769
f 6774 6775 6772
f 6772 6775 6773
f 6777 6778 6776
f 6776 6778 6779
f 6775 6774 6778
f 6778 6774 6779
f 6771 6780 6772
f 6772 6780 6774
f 6780 6781 6774
f 6774 6781 6779
f 6781 6782 6779
f 6779 6782 6776
f 6784 6785 6783
f 6783 6785 6786
f 6786 6787 6783
f 6783 6787 6788
f 6790 6788 6789
f 6789 6788 6787
f 6786 6785 6791
f 6791 6785 6792
f 6791 6793 6786
f 6786 6793 6787
f 6793 6794 6787
f 6787 6794 6789
f 6795 6796 6794
f 6794 6796 6789
f 6790 6789 6797
f 6797 6789 6796
f 6798 6765 6738
f 6738 6765 6739
f 6799 6798 6752
f 6752 6798 6738
f 6767 6800 6768
f 6768 6800 6771
f 6766 6801 6767
f 6767 6801 6800
f 6802 6801 6765
f 6765 6801 6766
f 6798 6803 6765
f 6765 6803 6802
f 6804 6803 6799
f 6799 6803 6798
f 6805 6806 6804
f 6804 6806 6803
f 6807 6799 6754
f 6754 6799 6752
f 6808 6804 6807
f 6807 6804 6799
f 6809 6805 6808
f 6808 6805 6804
f 6810 6811 6805
f 6805 6811 6806
f 6812 6813 6810
f 6810 6813 6811
f 6814 6815 6796
f 6796 6815 6797
f 6813 6814 6816
f 6816 6814 6817
f 6816 6818 6813
f 6813 6818 6811
f 6819 6806 6818
f 6818 6806 6811
f 6802 6803 6819
f 6819 6803 6806
f 6757 6749 6820
f 6820 6749 6770
f 6820 6770 6821
f 6821 6770 6773
f 6821 6773 6822
f 6822 6773 6775
f 6822 6775 6823
f 6823 6775 6778
f 6824 6823 6777
f 6777 6823 6778
f 6784 6825 6777
f 6777 6825 6824
f 6826 6827 6788
f 6788 6827 6783
f 6828 6826 6790
f 6790 6826 6788
f 6829 6828 6797
f 6797 6828 6790
f 6815 6830 6797
f 6797 6830 6829
f 6832 6812 6831
f 6831 6812 6810
f 6831 6810 6809
f 6809 6810 6805
f 6736 6800 6735
f 6735 6800 6801
f 6733 6735 6802
f 6802 6735 6801
f 6734 6733 6819
f 6819 6733 6802
f 6833 6734 6818
f 6818 6734 6819
f 6834 6833 6816
f 6816 6833 6818
f 6816 6817 6834
f 6834 6817 6835
f 6837 6795 6836
f 6836 6795 6794
f 6836 6794 6731
f 6731 6794 6793
f 6732 6731 6791
f 6791 6731 6793
f 6791 6792 6732
f 6732 6792 6730
f 6729 6728 6781
f 6781 6728 6782
f 6838 6807 6756
f 6756 6807 6754
f 6839 6838 6760
f 6760 6838 6756
f 6840 6839 6762
f 6762 6839 6760
f 6841 6840 6764
f 6764 6840 6762
f 6820 6841 6757
f 6757 6841 6764
f 6841 6820 6842
f 6842 6820 6821
f 6840 6841 6843
f 6843 6841 6842
f 6839 6840 6844
f 6844 6840 6843
f 6838 6839 6845
f 6845 6839 6844
f 6807 6838 6808
f 6808 6838 6845
f 6842 6821 6846
f 6846 6821 6822
f 6843 6842 6847
f 6847 6842 6846
f 6844 6843 6848
f 6848 6843 6847
f 6845 6844 6849
f 6849 6844 6848
f 6808 6845 6809
f 6809 6845 6849
f 6850 6831 6849
f 6849 6831 6809
f 6851 6850 6848
f 6848 6850 6849
f 6847 6852 6848
f 6848 6852 6851
f 6853 6852 6846
f 6846 6852 6847
f 6846 6822 6853
f 6853 6822 6823
f 6853 6823 6854
f 6854 6823 6824
f 6854 6855 6853
f 6853 6855 6852
f 6856 6851 6855
f 6855 6851 6852
f 6856 6857 6851
f 6851 6857 6850
f 6857 6832 6850
f 6850 6832 6831
f 6825 6858 6824
f 6824 6858 6854
f 6860 6827 6859
f 6859 6827 6826
f 6859 6826 6861
f 6861 6826 6828
f 6862 6861 6829
f 6829 6861 6828
f 6830 6863 6829
f 6829 6863 6862
f 6863 6864 6862
f 6862 6864 6865
f 6858 6866 6854
f 6854 6866 6855
f 6867 6865 6866
f 6866 6865 6864
f 6869 6859 6868
f 6868 6859 6861
f 6867 6869 6865
f 6865 6869 6868
f 6861 6862 6868
f 6868 6862 6865
f 6867 6860 6869
f 6869 6860 6859
f 6753 6751 6698
f 6698 6751 6695
f 6697 6755 6698
f 6698 6755 6753
f 6759 6755 6702
f 6702 6755 6697
f 6761 6759 6708
f 6708 6759 6702
f 6763 6761 6712
f 6712 6761 6708
f 6758 6763 6717
f 6717 6763 6712
f 6750 6758 6716
f 6716 6758 6717
f 6719 6748 6716
f 6716 6748 6750
f 6714 6746 6719
f 6719 6746 6748
f 6705 6744 6714
f 6714 6744 6746
f 6704 6742 6705
f 6705 6742 6744
f 6740 6742 6693
f 6693 6742 6704
f 6737 6740 6692
f 6692 6740 6693
f 6751 6737 6695
f 6695 6737 6692
f 6601 6602 6836
f 6836 6602 6837
f 6604 6601 6731
f 6731 6601 6836
f 6599 6600 6834
f 6834 6600 6833
f 6834 6835 6599
f 6599 6835 6611
f 6600 6610 6833
f 6833 6610 6734
f 6780 6771 6870
f 6870 6771 6736
f 6736 6771 6800
f 6870 6729 6780
f 6780 6729 6781
f 6608 6729 6609
f 6609 6729 6870
f 6609 6870 6726
f 6726 6870 6736
f 5014 5015 5229
f 5229 5015 5230
f 4258 5015 4259
f 4259 5015 4878
f 3471 3013 4703
f 4703 3013 4704
f 2879 6337 1306
f 1306 6337 4785
f 829 3471 4316
f 4316 3471 4703
f 4702 3472 5223
f 5223 3472 1756
f 6871 6872 4534
f 4534 6872 4535
f 6871 4665 6872
f 6872 4665 4844
f 6871 6873 4665
f 4665 6873 4559
f 6871 4534 6873
f 6873 4534 4542
f 4153 4152 4822
f 4822 4152 4407
f 4152 4168 4407
f 4407 4168 4342
f 4343 4168 4923
f 4923 4168 4167
f 4363 4362 4972
f 4972 4362 4840
f 4362 4394 4840
f 4840 4394 4839
f 4401 4400 4986
f 4986 4400 4984
f 4435 4434 4841
f 4841 4434 4842
f 4506 4505 4530
f 4530 4505 4531
f 4506 4535 4507
f 4507 4535 4843
f 4661 4660 4516
f 4516 4660 4517
f 4673 4672 4937
f 4937 4672 6547
f 4400 4924 4984
f 4984 4924 5263
f 4673 4660 4674
f 4674 4660 4659
f 4505 4661 4531
f 4531 4661 4516
f 4952 4401 6874
f 6874 4401 4986
f 4954 4153 6875
f 6875 4153 4822
f 4363 4973 4364
f 4364 4973 4974
f 5264 4924 5267
f 5267 4924 4691
f 6293 6292 6876
f 6876 6292 6877
f 6380 4343 6387
f 6387 4343 4923
f 4394 4435 4839
f 4839 4435 4841
f 4672 4434 6547
f 6547 4434 4433
f 4973 6556 4974
f 4974 6556 6878
f 6567 6380 6574
f 6574 6380 6387
f 6292 4954 6877
f 6877 4954 6875
f 6567 5264 6568
f 6568 5264 5267
f 4145 4144 4154
f 4154 4144 4151
f 4194 4144 4425
f 4425 4144 4143
f 4355 4354 5263
f 5263 4354 4984
f 4360 4359 4364
f 4364 4359 4361
f 4444 4359 4392
f 4392 4359 4337
f 4447 4446 4432
f 4432 4446 4433
f 4464 4463 6547
f 6547 4463 4937
f 4519 4518 4654
f 4654 4518 4509
f 4533 4532 4499
f 4499 4532 4498
f 4533 4542 4530
f 4530 4542 4534
f 4519 4532 4516
f 4516 4532 4531
f 4922 4194 4426
f 4426 4194 4425
f 4463 4518 4937
f 4937 4518 4517
f 6555 4951 6874
f 6874 4951 6878
f 4958 4957 6290
f 6290 4957 6291
f 4334 4360 4712
f 4712 4360 4950
f 4985 4354 4419
f 4419 4354 4353
f 5262 4355 5265
f 5265 4355 5263
f 6294 4958 4804
f 4804 4958 6290
f 6386 4922 6384
f 6384 4922 4426
f 4444 4447 4393
f 4393 4447 4432
f 4464 4446 4465
f 4465 4446 4445
f 4985 6555 4986
f 4986 6555 6874
f 6573 6386 6571
f 6571 6386 6384
f 4145 6294 4146
f 4146 6294 4804
f 6573 5262 6574
f 6574 5262 5265
f 4542 4541 6873
f 6873 4541 4559
f 4535 6872 4843
f 4843 6872 4844
f 4104 4103 6879
f 6879 4103 6343
f 4105 6293 6307
f 6307 6293 6876
f 4104 4956 4105
f 4105 4956 6293
f 4956 4104 4957
f 4957 4104 6879
f 4957 6879 6291
f 6291 6879 6309
f 4648 4988 4649
f 4649 4988 4953
f 4802 4803 4928
f 4928 4803 6550
f 6550 4803 6555
f 6555 4803 4951
f 1516 3173 4987
f 4987 3173 5006
f 6519 6518 6558
f 6558 6518 6510
f 6527 6519 6559
f 6559 6519 6558
f 6528 6560 6529
f 6529 6560 6541
f 6548 4625 6549
f 6549 4625 4624
f 6551 6552 4746
f 4746 6552 6505
f 6553 4711 6554
f 6554 4711 4710
f 4802 6551 4713
f 4713 6551 4746
f 6556 4973 4649
f 4649 4973 4646
f 6557 4949 6548
f 6548 4949 4625
f 4648 4647 6553
f 6553 4647 4711
f 6549 4624 4987
f 4987 4624 4838
f 6552 6518 6505
f 6505 6518 6507
f 6561 4372 6529
f 6529 4372 6514
f 6562 4369 6561
f 6561 4369 4372
f 3142 3482 6562
f 6562 3482 4369
f 6556 4952 6878
f 6878 4952 6874
f 4951 4950 6878
f 6878 4950 4974
f 3168 440 3952
f 4204 4203 5341
f 5341 4203 6364
f 4219 4222 6429
f 6429 4222 4383
f 4319 4322 6506
f 6506 4322 4747
f 4340 4714 4341
f 4341 4714 4384
f 4375 4377 6388
f 6388 4377 6546
f 4378 4381 6311
f 6311 4381 4720
f 4449 4341 4387
f 4387 4341 4384
f 4473 4472 4477
f 4477 4472 4474
f 4492 4491 4487
f 4487 4491 4488
f 4523 4491 4522
f 4522 4491 4490
f 4492 4538 4493
f 4493 4538 4555
f 4538 4553 4555
f 4555 4553 4556
f 4620 4615 4621
f 4621 4615 4618
f 4652 4651 4368
f 4368 4651 4365
f 4523 4655 4524
f 4524 4655 4656
f 4553 4667 4556
f 4556 4667 4571
f 4651 1210 4365
f 4365 1210 1209
f 4698 4697 5223
f 5223 4697 6344
f 4340 4339 4322
f 4322 4339 4747
f 4726 4729 5287
f 5287 4729 4198
f 4381 4380 4737
f 4737 4380 6368
f 4836 4835 4451
f 4451 4835 4709
f 4910 6367 4911
f 4911 6367 6366
f 4912 4915 6450
f 6450 4915 6449
f 4927 4836 4450
f 4450 4836 4451
f 4930 4929 4439
f 4439 4929 4436
f 4936 4935 4459
f 4459 4935 4456
f 4473 4655 4470
f 4470 4655 4510
f 4942 4583 4943
f 4943 4583 4572
f 4948 4601 4947
f 4947 4601 4584
f 4949 4835 4625
f 4625 4835 4626
f 4966 4969 6289
f 6289 4969 4695
f 4971 4652 4926
f 4926 4652 4368
f 4203 4977 6364
f 6364 4977 6365
f 4990 4989 4443
f 4443 4989 4440
f 4990 4991 4478
f 4478 4991 4512
f 4992 4991 4528
f 4528 4991 4515
f 4992 4993 4527
f 4527 4993 4485
f 4994 4993 4502
f 4502 4993 4503
f 4994 4995 4482
f 4482 4995 4550
f 4543 4996 4544
f 4544 4996 4995
f 4999 4998 4567
f 4567 4998 4578
f 5000 4998 4575
f 4575 4998 4997
f 5002 5001 4592
f 4592 5001 4574
f 5003 5004 4614
f 4614 5004 4611
f 3483 4215 1755
f 1755 4215 4698
f 5274 5277 4195
f 4195 5277 4223
f 4726 5295 4727
f 4727 5295 6350
f 5309 5342 5310
f 5310 5342 6363
f 5315 5314 5316
f 5316 5314 5317
f 5339 6362 5340
f 5340 6362 5363
f 5310 6363 5339
f 5339 6363 6362
f 4204 5309 4201
f 4201 5309 5308
f 4915 5345 6449
f 6449 5345 6448
f 5345 5315 6448
f 6448 5315 5316
f 5348 5347 6351
f 6351 5347 6352
f 5365 4263 5340
f 5340 4263 4262
f 6295 6298 4733
f 4733 6298 4734
f 4969 6306 4695
f 4695 6306 4696
f 6306 4378 4696
f 4696 4378 6311
f 6369 6372 6544
f 6544 6372 6545
f 4375 6390 4373
f 4373 6390 4374
f 6421 6422 4911
f 4911 6422 4908
f 4910 4909 4737
f 4737 4909 4736
f 5277 4219 4223
f 4223 4219 6429
f 4697 4222 6344
f 6344 4222 4221
f 6436 6361 6437
f 6437 6361 6360
f 6438 6440 6437
f 6437 6440 6434
f 6438 6359 6441
f 6441 6359 6358
f 6442 6441 6357
f 6357 6441 6358
f 6442 6444 6443
f 6443 6444 6445
f 6446 6444 6355
f 6355 6444 6356
f 6446 4912 6447
f 6447 4912 6450
f 6436 6435 5365
f 5365 6435 4263
f 5314 5347 5317
f 5317 5347 5346
f 4319 6512 4320
f 4320 6512 6513
f 6520 6512 6521
f 6521 6512 6508
f 6528 6520 6527
f 6527 6520 6521
f 6532 6539 6533
f 6533 6539 6535
f 6533 6535 6537
f 6537 6535 6534
f 6538 6543 6537
f 6537 6543 6536
f 6295 4377 6296
f 6296 4377 4376
f 4989 4930 4440
f 4440 4930 4439
f 4927 4929 4422
f 4422 4929 4455
f 4449 4936 4388
f 4388 4936 4459
f 4472 4935 4474
f 4474 4935 4932
f 4942 4940 4947
f 4947 4940 4939
f 5001 5000 4574
f 4574 5000 4575
f 4669 4943 4666
f 4666 4943 4667
f 4996 4999 4547
f 4547 4999 4567
f 4948 4946 4620
f 4620 4946 4615
f 5003 5002 4591
f 4591 5002 4592
f 6557 4971 6554
f 6554 4971 4926
f 6532 6560 6539
f 6539 6560 6559
f 6390 6372 4374
f 4374 6372 6371
f 4966 6298 4967
f 4967 6298 6297
f 6538 6526 6369
f 6369 6526 6370
f 6585 6589 4621
f 4621 6589 4619
f 6597 6578 6598
f 6598 6578 6577
f 6606 6583 6607
f 6607 6583 6603
f 6611 6602 6598
f 6598 6602 6596
f 6585 6584 6606
f 6606 6584 6583
f 6597 6580 5004
f 5004 6580 4611
f 6607 6603 6730
f 6730 6603 6732
f 6776 6785 6777
f 6777 6785 6784
f 6785 6776 6792
f 6792 6776 6782
f 6815 6814 6812
f 6812 6814 6813
f 6817 6814 6795
f 6795 6814 6796
f 6825 6784 6827
f 6827 6784 6783
f 6830 6815 6832
f 6832 6815 6812
f 6817 6795 6835
f 6835 6795 6837
f 6792 6782 6730
f 6730 6782 6728
f 6858 6825 6860
f 6860 6825 6827
f 6863 6830 6857
f 6857 6830 6832
f 6864 6863 6856
f 6856 6863 6857
f 6866 6858 6867
f 6867 6858 6860
f 6866 6864 6855
f 6855 6864 6856
f 6835 6837 6611
f 6611 6837 6602
f 6560 6528 6559
f 6559 6528 6527
f 4949 6557 4710
f 4710 6557 6554
f 4430 4090 4175
f 4175 4090 4089
f 4777 4113 4155
f 4155 4113 4086
f 4175 4089 4176
f 4176 4089 4142
f 4199 4271 4200
f 4200 4271 4798
f 4199 4095 4272
f 4272 4095 5273
f 4406 4405 4404
f 4404 4405 4346
f 4410 4409 6877
f 6877 4409 6876
f 4409 4413 6876
f 6876 4413 6307
f 4415 4148 4416
f 4416 4148 4147
f 4690 4405 4344
f 4344 4405 4342
f 4693 4692 4352
f 4352 4692 4349
f 4701 4700 6337
f 6337 4700 6338
f 4778 4777 4081
f 4081 4777 4155
f 4821 4406 4809
f 4809 4406 4404
f 4176 4142 4181
f 4181 4142 4415
f 4760 4970 4399
f 4399 4970 4692
f 4200 5007 4096
f 4096 5007 4078
f 5266 4693 5269
f 5269 4693 4352
f 5270 5007 5361
f 5361 5007 4797
f 4778 5270 4779
f 4779 5270 5361
f 6285 4410 6875
f 6875 4410 6877
f 6308 4413 4687
f 4687 4413 4412
f 6480 6320 6481
f 6481 6320 6880
f 4701 2878 4702
f 4702 2878 3472
f 6339 6347 6340
f 6340 6347 6348
f 6341 6342 6346
f 6346 6342 6345
f 4416 6308 4414
f 4414 6308 4687
f 6385 4690 6381
f 6381 4690 4344
f 5282 6341 5280
f 5280 6341 6339
f 4700 6342 6338
f 6338 6342 5281
f 6340 6348 4272
f 4272 6348 4270
f 6480 6479 4828
f 4828 6479 4829
f 6490 6479 6489
f 6489 6479 6478
f 4090 4430 6490
f 6490 4430 4429
f 6563 6564 4970
f 4970 6564 4815
f 4694 6566 4366
f 4366 6566 6563
f 6572 6385 6568
f 6568 6385 6381
f 4821 6285 4822
f 4822 6285 6875
f 6572 5266 6569
f 6569 5266 5269
f 3482 3103 4369
f 4369 3103 4370
f 3121 4730 3485
f 3485 4730 4327
f 6277 6280 6273
f 6273 6280 6272
f 6267 6276 6278
f 6278 6276 6279
f 6278 6279 6277
f 6277 6279 6280
f 6279 6256 6280
f 6280 6256 6255
f 6256 3857 6255
f 6255 3857 3754
f 3857 3856 3754
f 3754 3856 3755
f 3856 3703 3755
f 3755 3703 3863
f 3703 3702 3863
f 3863 3702 3759
f 3702 3706 3759
f 3759 3706 3670
f 3706 3705 3670
f 3670 3705 3668
f 3705 3773 3668
f 3668 3773 3882
f 3882 3773 3883
f 3883 3773 3707
f 3707 3708 3883
f 3883 3708 3880
f 3708 3710 3880
f 3880 3710 3881
f 3709 5241 3710
f 3710 5241 3881
f 5241 3709 5234
f 5234 3709 3786
f 3693 3712 3786
f 3786 3712 5234
f 4051 4055 4052
f 4052 4055 4056
f 4056 4055 4057
f 4057 4055 4054
f 4066 5238 5236
f 5236 5238 3989
f 4066 4069 5238
f 5238 4069 4035
f 6881 3962 3960
f 3960 3962 3957
f 6883 4070 6882
f 6882 4070 3941
f 4070 6883 4071
f 4071 6883 6884
f 4071 6884 4072
f 4072 6884 6885
f 6885 6886 4072
f 4072 6886 4031
f 3955 6881 3956
f 3956 6881 3960
f 6884 3991 6885
f 6885 3991 3990
f 6883 6887 6884
f 6884 6887 3991
f 6887 6888 3991
f 3991 6888 3992
f 6888 6887 6889
f 6889 6887 6890
f 6887 6883 6890
f 6890 6883 6882
f 4058 5240 3953
f 3953 5240 3954
f 5236 6888 5239
f 5239 6888 6889
f 5237 6886 3990
f 3990 6886 6885
f 4034 4031 5237
f 5237 4031 6886
f 6881 6882 3962
f 3962 6882 3941
f 6881 3955 6882
f 6882 3955 6890
f 3955 3954 6890
f 6890 3954 6889
f 5239 6889 5240
f 5240 6889 3954
f 6888 5236 3992
f 3992 5236 3989
f 3869 3868 3888
f 3888 3868 4015
f 3868 4012 4015
f 4015 4012 4010
f 4012 4022 4010
f 4010 4022 4009
f 4022 4021 4009
f 4009 4021 4018
f 4020 3974 4001
f 4001 3974 3996
f 4021 4020 4029
f 4029 4020 4001
f 4085 4156 4086
f 4086 4156 4155
f 4113 4777 4114
f 4114 4777 4776
f 4130 4129 4094
f 4094 4129 4091
f 4139 4773 4140
f 4140 4773 4772
f 4149 4178 4150
f 4150 4178 5225
f 4160 4159 4087
f 4087 4159 4088
f 4149 4148 4179
f 4179 4148 4141
f 4085 4084 4183
f 4183 4084 6315
f 4179 4141 4159
f 4159 4141 4088
f 4192 4130 4162
f 4162 4130 4094
f 4197 5288 4198
f 4198 5288 5287
f 4229 4766 4230
f 4230 4766 4771
f 4245 4246 4242
f 4242 4246 4249
f 4183 6315 4418
f 4418 6315 6314
f 4679 4178 4680
f 4680 4178 4177
f 4724 4798 4725
f 4725 4798 4271
f 4728 5275 4729
f 4729 5275 5274
f 4230 4771 4249
f 4249 4771 4242
f 4724 4723 4799
f 4799 4723 5355
f 4823 4824 4891
f 4891 4824 6327
f 4823 4192 4161
f 4161 4192 4162
f 4893 4767 4229
f 4229 4767 4766
f 4894 4895 4898
f 4898 4895 4899
f 4106 4150 4103
f 4103 4150 5225
f 4680 4894 4677
f 4677 4894 4898
f 6420 4977 5301
f 5301 4977 4976
f 4679 4678 5226
f 5226 4678 4427
f 5228 5008 4893
f 4893 5008 4767
f 5285 6354 5286
f 5286 6354 5343
f 5289 5352 5290
f 5290 5352 5349
f 5290 5349 5295
f 5295 5349 5348
f 5302 5299 4202
f 4202 5299 4976
f 4725 4271 5311
f 5311 4271 4270
f 5325 4723 5326
f 5326 4723 4722
f 5335 5355 5325
f 5325 5355 4723
f 5326 4722 5286
f 5286 4722 5283
f 4799 5357 4797
f 4797 5357 5361
f 5359 5356 5335
f 5335 5356 5355
f 4775 4774 5356
f 5356 4774 5357
f 5359 5358 4092
f 4092 5358 4093
f 6316 4740 6317
f 6317 4740 4739
f 6318 4827 6316
f 6316 4827 4740
f 6319 4828 6318
f 6318 4828 4827
f 6320 6480 6319
f 6319 6480 4828
f 6484 6322 6485
f 6485 6322 6321
f 6487 6324 6331
f 6331 6324 6323
f 6331 6323 6330
f 6330 6323 6325
f 6325 6326 6330
f 6330 6326 6329
f 6326 6328 6329
f 6329 6328 5231
f 4824 4685 5228
f 5228 4685 5008
f 5226 6343 5225
f 5225 6343 4103
f 4728 4727 6349
f 6349 4727 5284
f 6350 6351 5285
f 5285 6351 6354
f 4247 4246 6418
f 6418 4246 6365
f 6400 6402 6401
f 6401 6402 6459
f 4197 4196 6409
f 6409 4196 6426
f 6412 4897 6328
f 6328 4897 5231
f 6413 4133 6412
f 6412 4133 4897
f 6414 4134 6413
f 6413 4134 4133
f 6415 4225 6414
f 6414 4225 4134
f 6416 4252 6415
f 6415 4252 4225
f 6417 4253 6416
f 6416 4253 4252
f 4253 6417 6366
f 6366 6417 6419
f 6366 6419 4911
f 4911 6419 6421
f 6422 6423 4908
f 4908 6423 5298
f 5298 6423 6396
f 6396 6423 6424
f 6409 6426 6425
f 6425 6426 6397
f 5300 5299 6399
f 6399 5299 6400
f 6465 6408 6401
f 6401 6408 6398
f 6424 6399 6425
f 6425 6399 6398
f 6349 5284 5311
f 5311 5284 5283
f 6465 6464 5289
f 5289 6464 5352
f 6488 6483 6492
f 6492 6483 6482
f 6486 6491 6482
f 6482 6491 6492
f 6491 4895 6492
f 6492 4895 4157
f 6488 4160 6489
f 6489 4160 4087
f 6501 6502 4418
f 4418 6502 4417
f 6504 6500 6317
f 6317 6500 6314
f 3497 3496 6501
f 6501 3496 6502
f 3499 3498 6504
f 6504 3498 6500
f 4729 5274 4198
f 4198 5274 4195
f 6418 6365 6420
f 6420 6365 4977
f 5295 5348 6350
f 6350 5348 6351
f 5301 6422 6420
f 6420 6422 6421
f 4113 4112 4086
f 4086 4112 4083
f 6320 4112 6880
f 6880 4112 4111
f 4091 4772 4092
f 4092 4772 4775
f 4129 4140 4091
f 4091 4140 4772
f 4137 4140 4128
f 4128 4140 4129
f 4128 6324 4137
f 4137 6324 6321
f 6324 6487 6321
f 6321 6487 6485
f 6487 6486 6485
f 6485 6486 6482
f 4774 4773 4779
f 4779 4773 4776
f 4773 4139 4776
f 4776 4139 4114
f 4139 4138 4114
f 4114 4138 4111
f 4138 6322 4111
f 4111 6322 6880
f 6322 6484 6880
f 6880 6484 6481
f 6484 6483 6481
f 6481 6483 6478
f 6879 6343 6309
f 6309 6343 4428
f 4106 4105 4900
f 4900 4105 6307
f 3500 3167 6495
f 6495 3167 6496
f 3500 6495 3070
f 3070 6495 5368
f 3502 5235 3501
f 3501 5235 4813
f 3024 3503 6473
f 6473 3503 6474
f 3503 3023 6474
f 6474 3023 6374
f 3504 1770 4348
f 4348 1770 4345
f 3502 3505 5235
f 5235 3505 4810
f 3498 3497 6500
f 6500 3497 6501
f 3496 3075 6502
f 6502 3075 6275
f 6299 4254 3174
f 3174 4254 3017
f 1769 3501 4814
f 4814 3501 4813
f 3506 3018 6476
f 6476 3018 4257
f 3507 3499 6499
f 6499 3499 6504
f 3030 4216 3483
f 3483 4216 4215
f 3077 3507 6333
f 6333 3507 6499
f 1784 3160 5249
f 5249 3160 6523
f 3015 3506 4240
f 4240 3506 6476
f 3508 3504 6383
f 6383 3504 4348
f 3509 3016 6477
f 6477 3016 4239
f 3028 3509 6467
f 6467 3509 6477
f 3022 1785 5246
f 5246 1785 5247
f 3161 3508 6570
f 6570 3508 6383
f 3150 3149 4694
f 4694 3149 6566
f 1327 4807 3510
f 3510 4807 4811
f 3510 4811 3505
f 3505 4811 4810
f 3146 3511 4816
f 4816 3511 4350
f 3511 1808 4350
f 4350 1808 4351
f 3485 4327 3159
f 3159 4327 4330
f 1326 3512 4806
f 4806 3512 6310
f 3512 1331 6310
f 6310 1331 4688
